Tract,Pct_Hour_Commute,Pct_Male_Hour_Commute,Pct_Female_Hour_Commute,Avg_Min_Commute,Avg_Min_Male_Commute,Avg_Min_Female_Commute
101110,20,21.2,18.6,36.4,37,35.6
101122,18.7,18.5,18.8,40.4,40.2,40.8
101210,11.7,5.6,19.2,29,27.2,31.2
101220,6.6,4.3,9.5,28.8,28.3,29.3
101300,15.5,8.9,20.9,32.9,29.1,35.9
101400,11.2,15.1,6.5,32.6,35.1,29.7
102103,8.7,17,1.7,28.4,30.3,26.7
102104,13.1,10.8,15.2,31.2,32,30.4
102105,3.6,5.8,1.4,22,22.8,21.3
102107,21.1,24,16.7,32.4,33,31.6
103101,9.5,9.1,9.9,35,35.3,34.6
103102,22.8,20.8,25.3,35.5,34,37.4
103200,11.5,9.6,14.2,31.7,31.2,32.3
103300,9.7,9.8,9.5,29.9,31.8,28
103400,6.8,5.6,8,29.5,28.2,30.7
104103,10.5,8.2,13.9,28.9,29.7,27.8
104105,21.2,18.3,25.2,33.6,30.2,38.6
104108,13.4,9.4,18.9,29.8,28.4,31.9
104124,22.6,20.9,24.5,36.7,36.3,37.3
104201,13.6,10.1,18.2,30.8,26.8,36.3
104203,16.5,15.4,18.1,33.5,33.3,33.9
104204,15.7,18,12.6,31.1,35,25.9
104310,9.5,10.6,7.8,27.9,29.5,25.5
104320,8.3,7,10.5,26.8,26.1,28.1
104401,9.1,9.6,8.3,26.5,26,27.5
104403,8,10.2,4.8,25.4,28,21.4
104404,7.1,6.3,8.8,24.7,24.5,24.9
104500,8,5.7,10.2,24.2,24.1,24.3
104610,13,10.8,16.1,29.2,27.7,31.3
104620,8.1,10.5,3.9,23.8,25.1,21.7
104701,12.9,12.9,12.8,30.8,31.4,30
104703,9.7,10.8,5.7,25,25.9,21.3
104704,23.4,25.8,21.1,37.6,40.6,34.7
104810,10.3,14.4,3.8,27.8,30.2,23.9
104821,7.1,8.2,5.7,28.1,26.5,30
104822,14.6,14.1,15.6,25.2,24.8,26
106010,14.3,16.2,11.4,31.5,31.5,31.5
106020,15.1,17.2,12.6,32.6,32.9,32.2
106111,16,10.5,22.5,35.6,32.3,39.6
106112,11.8,11.2,12.4,32.9,32.5,33.3
106113,13.4,8,22.8,32.3,29.8,36.8
106114,14.4,15.4,13.2,31.6,31.8,31.3
106403,7.8,9.7,5.7,25.4,27.5,23.2
106405,5.3,3.3,7.9,27.6,24.7,31.3
106406,14.5,12.2,17,33.7,33.5,33.9
106407,16.6,17.8,15.3,39.1,34,44.2
106408,10.6,13.4,7.5,28.8,31.7,25.5
106510,13.8,9.9,18.9,33.1,31,35.7
106520,12.8,18.4,5.4,31.1,36.5,23.9
106603,22.8,28.8,15.2,35,36,33.7
106604,12,13.1,10.5,28.9,29.5,28
106641,22.7,20.5,24.8,36.9,35.6,38.1
106642,14.5,17,11.1,30.7,30.2,31.4
106643,16.4,13.4,20.4,34.2,33.7,35
106645,21.7,24.1,18.1,36,40.2,29.6
106646,11.7,13.3,9.8,32.3,32.2,32.4
106648,10.7,9.2,12.6,26.2,26.4,25.9
106649,18.1,21.1,15.3,31.8,32,31.6
107010,14.9,16.6,12.3,33.3,36.1,28.9
107020,20.3,18.3,22.8,39.1,41.7,35.9
108101,16.8,14.9,20,32.5,31.8,33.8
108102,18,25.3,9.8,34.7,37.3,31.9
108103,18.3,14.4,24.4,36.5,38.5,33.3
108104,27,29,23.9,41.4,43.4,38.4
108201,23.8,26.1,20.8,37.7,38.1,37.1
108202,24.6,28.2,20.4,39.3,40.6,37.8
109100,10.7,17.9,1,25.3,28.4,21.2
109200,29.4,38.2,19.9,37.2,41.3,32.8
109300,14.2,14.1,14.3,32.7,31.7,33.8
109400,18.9,18.1,20.1,35.1,35.6,34.5
109500,5.8,8.3,3,25.6,27.5,23.5
109601,18.2,19.7,15.5,29.8,32.9,24.4
109603,12,10.5,13.9,27.9,29,26.6
109604,10.6,12,8.6,27.7,28.8,26.2
109700,7.3,5.2,10,26.3,25.2,27.8
109800,15.9,9.3,24,31.3,26.9,36.7
111100,15.3,18.4,11.9,32.8,36.5,28.6
111201,18.8,16.4,21.8,32.6,30.3,35.4
111202,14.9,18.8,9.8,29.9,31.6,27.6
111204,18.2,18.3,18,32.6,33.5,31.6
111205,18.1,23.1,11.8,32.9,34.6,30.8
111206,22.4,24.2,19.7,36.1,39.3,31.2
111301,13.4,9.6,17,31.3,29.3,33.1
111302,24.2,27.9,20.7,35.7,36.4,35
111400,13.8,17.1,10.3,30.9,34.1,27.5
113101,14.5,16.2,12.9,31.2,30.8,31.6
113102,15.6,19.6,9.2,32.2,36.2,25.9
113211,10.4,13.8,7.4,30.3,34.8,26.1
113212,16.9,21,12.7,36.9,39.2,34.6
113213,19,23.4,13.8,33.1,36.3,29.3
113231,16.7,24.4,8.3,33.8,40.9,26.1
113232,13.1,14.7,11.4,31.8,33.2,30.3
113233,8.9,11.4,6.1,25.9,26.3,25.5
113234,16.2,16,16.5,29.4,27.5,31.7
113235,20,23.2,16.1,37.6,37.6,37.6
113237,24,28.4,19.6,37.5,39.9,35
113301,19.4,12.4,30.7,32.6,30.5,35.9
113303,16.3,19.2,13.2,29.6,32.6,26.3
113321,9.8,12.4,7,28.5,30.4,26.3
113322,17.7,22.3,12.1,31.8,35.6,27.2
113401,13.4,15.3,11.2,28.3,29.4,27
113421,16.1,17,15.1,28.5,30,26.9
113422,17.2,24.6,7,29.6,35.1,22
115101,11,6.3,15.6,28.7,27.1,30.2
115103,3.9,4.5,3.5,16.3,18,15.2
115104,13.6,17,9.3,29.7,32,26.8
115201,9.2,8.3,10.2,25.6,24.3,27.2
115202,13.1,10.2,16.7,28.9,28.8,29.1
115301,10.6,16.6,5.7,29.8,33,27.1
115302,13.6,15.7,10.5,32,34.3,28.5
115401,16.3,16,16.6,30.6,31.8,29
115403,21.2,16.3,27.4,33.5,31.9,35.5
115404,10.1,14,6.3,25.3,28.6,22
117101,15.5,17.1,13.2,31.5,31.3,31.8
117102,16.5,21,9.9,32.8,36.9,26.9
117201,9.7,13.9,3.3,27.5,28,26.8
117202,23.6,28.1,18.8,35,37,33
117301,23.2,25.8,20.5,36.4,36.8,35.9
117302,17.7,16.4,19.3,33.7,32,35.9
117303,15.6,12.7,18.9,34.3,35.3,33
117404,10.9,12.3,9.5,29.8,32.6,27.1
117405,8.7,10.2,4.6,27,27.8,24.6
117407,26.1,30.9,19.7,34.9,38,30.7
117408,17.7,18.4,16.8,32.6,32.8,32.3
117510,21.7,26.6,13.5,36.6,41.6,28.3
117520,16.3,16.4,16.1,30.3,30.3,30.4
117530,20,17.9,22.7,35,33.6,36.7
119001,19.3,23.3,14.3,37.5,40.1,34.3
119002,8.5,10.6,5.6,28,28.9,26.6
119201,13,13.4,12.3,31.5,32.5,30.1
119202,7.9,6.8,9.7,29.5,30.1,28.7
119310,20.8,22.9,18.3,33.3,34.4,31.9
119320,26.8,31.3,20.8,35.5,37.9,32.3
119340,15,12.3,18.7,31.7,29.3,35
119341,25.1,22.1,28.4,36.1,35.5,36.8
119342,17.6,17.1,18.3,33.5,34.8,31.9
119400,15.6,11.9,20.6,31.6,28.7,35.5
119700,12.8,8.8,16.1,31.6,32.2,31.1
119800,13.4,13.1,13.6,30,31.8,28.1
119900,15.2,13.4,17.1,31.6,30.1,33.3
120010,17,19.9,13.2,32.1,32.3,31.7
120020,13.7,13.2,14.3,28.9,28.5,29.6
120030,17,12.2,25.2,30.5,29.3,32.5
120103,16.9,12.5,26.3,31.4,30,34.4
120104,20.7,20.3,21.2,32.4,30.7,34.6
120105,15.8,15.5,16.2,30.7,32.5,27.9
120106,30.1,36.4,21.5,40.1,42.8,36.3
120107,15.3,19,9.6,31.8,32.5,30.8
120108,14.6,16.2,12.7,32.1,33.3,30.6
120300,13.1,5.4,21,31.1,28.6,33.8
120400,9.3,4.6,15,28.1,26.6,30
121010,17.3,14.8,20.6,35.8,33.8,38.5
121020,18.6,18.2,19.1,33.2,33.5,32.8
121101,8.2,9,7.2,26,24.5,27.8
121102,14.1,10.1,17.8,29.1,25.5,32.5
121210,21.2,32.1,5.8,31.8,35.3,26.9
121221,16,15.7,16.6,30.1,29.4,31.2
121222,16.1,16.4,15.9,30.3,32.8,27.8
121600,21.5,15.8,27.4,33.3,30.6,36.2
121801,13.8,10.5,17.4,32.3,28.5,36.4
121802,13.5,15,11.1,32.2,31.5,33.2
121900,11.5,11.1,12,28.3,28.3,28.3
122000,8.8,2.8,17.5,27.2,25.2,30.2
122120,4.5,7.1,1.2,27.7,29.3,25.8
122121,14.1,17.9,8.2,27.9,28.6,26.7
122122,7.6,5.5,10,24.7,23.1,26.7
122200,13.2,16.1,9,27.7,29.4,25.2
122410,13.7,15,11.4,31,31.2,30.7
122420,12.9,9.3,19.1,30.4,25.7,38.4
123010,14.3,12,17.6,32.5,31.2,34.5
123020,13.5,12.1,15.5,30.3,29.6,31.2
123103,10.2,13.4,7.1,31.2,32.4,29.9
123104,6.8,6.6,7.1,24.2,22.8,26.1
123203,11.8,8.9,16.8,26.7,24.1,31.4
123204,14.7,19.3,4.8,29.2,31.3,24.8
123205,16.2,15.7,17.1,29.8,29.5,30.3
123206,18.7,21.1,15.3,31.3,32.5,29.7
123301,16.1,17.6,14.4,33.4,35.9,30.7
123303,19.2,20.2,17.8,31.9,31.9,32
123304,10.1,5.4,15.7,29.1,26.2,32.6
123410,13.6,17.9,9.3,31.1,32.4,29.7
123420,13.5,10.6,16.8,28.2,26.8,29.8
123510,14.9,17.7,11.5,31.7,32.8,30.3
123520,9.1,12.6,3.6,29.4,31.1,26.8
123601,15.9,12.3,21.7,30.6,29.9,31.6
123602,23.8,27.9,20.5,36,42.9,30.3
123700,20.3,23,16.3,33.2,33.8,32.4
123800,16.7,13.3,19.8,32.4,30.8,33.9
123901,22.8,23.6,21.7,34.5,36.7,31.4
123902,15.1,10.6,20.8,33,33.4,32.5
124000,11.6,8.1,15.3,27.8,26.5,29.1
124102,13.6,13.3,14.1,31.3,31.2,31.4
124103,4.8,4.7,5,24.6,24.2,25.1
124104,19.5,16.8,23.5,34,32.5,36.3
124105,10.5,11.5,9,30.4,32.1,27.7
124201,9.5,13.9,3.9,29.7,30.7,28.5
124203,14.5,17.5,10.4,31.8,33,30.3
124204,11,7.5,13.9,27.8,22.9,31.9
124300,15,15.3,14.5,32.4,34.8,29.7
124400,13.9,16.4,10.7,31.8,31,32.9
124500,15.5,12.6,19.1,30.5,28.9,32.5
124600,7.3,10.8,3.8,28,29.6,26.5
124700,16,19.7,11.3,31.7,35.1,27.3
124902,18.4,15.1,25.3,35,36.5,32.1
124903,11.3,11.6,10.9,26.7,27,26.4
125100,7.5,9.7,5.6,26.1,27.8,24.7
125200,14.4,16.4,12.7,34.4,34.1,34.6
125310,12.1,12,12.1,28.7,29.2,28
125320,13.2,11.9,15,33,33.3,32.6
125401,19.1,15.5,22.4,40.3,32.9,47.4
125402,10.8,14.3,6,29,31.8,25
125501,14.2,14.8,13.4,30.8,32.7,28.3
125502,10.1,14.7,5.6,29.2,32.2,26.3
125600,12.9,13.6,12.1,33.1,37,28.6
127102,10.7,5.4,19.1,31.5,29,35.4
127103,13.1,11.6,14.9,31,30.2,32.1
127104,26.7,23.5,29.6,33.9,29.9,37.5
127210,13.5,14.4,12.2,30.2,29.8,30.9
127220,14.3,12.2,17.7,32.1,30.9,33.8
127300,20.9,22.6,18.8,36.4,37.5,34.9
127400,10.2,9.5,11.2,28.4,27.1,30.2
127520,17.7,12.1,27.5,32.7,30.4,36.5
127603,15.7,14,17.5,32.9,31.3,34.5
127604,12.8,15.8,9.5,30.6,29.8,31.5
127605,15.4,19.7,10.7,32,34.7,29.1
127606,12.9,19.2,6,33.3,37.5,28.8
127711,15.1,16,13.6,30.8,31.8,29.2
127712,27.4,27.4,27.5,39.7,41.3,36.5
127803,15.8,16.5,14.8,32.2,30.9,33.8
127804,13.6,12.2,15.4,32.4,33.2,31.3
127805,23.2,22,24.5,36.9,35.2,38.8
127806,14.7,15.9,12.7,34.6,36.4,31.4
127910,17.1,18.3,15.1,32.2,35,27.7
127920,12.3,10.7,14.3,32.2,32.7,31.7
128101,22.6,17.2,28.2,37.4,37.6,37.2
128102,22,25.2,17.1,36.4,37.4,34.9
128210,22.6,25,20.3,33.7,36.9,30.7
128220,12.5,14.8,9.3,30.2,32.1,27.6
128302,13.4,17.6,7.9,31.9,35.3,27.4
128303,18.4,20.1,16.3,34.5,35.5,33.2
128400,13.7,10.7,16.4,32.8,32,33.5
128500,11.6,10.7,12.7,28.7,27.1,30.5
128601,20.1,16.6,24.8,32.8,33,32.6
128602,21.5,19.4,24.3,33.3,31.9,35.1
128702,16.4,17.7,15.2,30.7,31.7,29.7
128801,20.6,12.4,28.6,35,31.4,38.5
128802,22.2,22.3,22.2,35.2,31.8,37.8
128910,13,9.6,17.1,33.4,31.9,35.2
131010,10.8,10.2,11.4,28.8,31.6,25.9
131020,10.4,11.6,8.7,26.7,26.5,26.9
131100,20.9,22.5,18.9,32.7,33,32.4
131200,13.8,12,15.8,29.7,28.7,30.9
131300,22.4,25.5,17.3,34.4,36.9,30.4
131400,19.9,20.3,19.4,35.1,37,33.1
131600,19.2,20,18,34.5,35.7,32.8
131701,13.5,12.7,14.3,28.5,29,28
131702,19.5,19.8,19.3,33.3,33.1,33.5
131800,20.4,21.7,18.7,32.7,32.5,33.1
131900,14.9,17.2,11.6,28.8,31.2,25.4
132001,12,18.7,6.1,29,34,24.5
132002,10.8,9.1,13.1,30.4,29.8,31.2
132101,17.6,19,16,34.5,34,35.1
132102,20,20.1,19.9,35.1,33.5,37.1
132300,10.3,6.9,14.4,28,27.2,29
132501,9.6,14.4,3,26.7,30.4,21.8
132502,12.3,14.1,11.1,28.4,29.3,27.8
132700,15.8,16.1,15.4,32.6,30.6,35.5
132900,23.1,31.5,10.3,36.3,41.4,28.4
133000,16.6,17.5,15.7,32.9,32,34
133100,14,14.9,12.6,32.4,34.6,29.5
134001,9.5,11.1,6.7,27.3,28.4,25.5
134002,12.3,15.2,8.6,31.6,33.7,29.1
134101,21.1,21.1,21.1,36.7,37.5,35.4
134103,17.6,19.4,15.1,30.6,33.2,26.8
134104,14,17.8,9.2,32.1,34.9,28.7
134201,15.9,16.5,15.2,32.4,36.2,27.8
134302,15.1,18.2,11.4,28.5,28.8,28.1
134303,17.4,24.1,10.7,29.8,33.7,26
134304,13.9,9.6,19.5,33.7,29.6,39
134305,14.9,14.1,16.2,27.2,26.7,27.9
134306,13.5,10.4,18.2,30,28.2,32.6
134421,13.8,16,11.1,30.8,32.5,28.7
134422,16,18.9,13,29.4,33.1,25.6
134423,22,17.4,27,39.4,36,43.2
134424,20.3,21.5,19.2,33.3,33.6,33
134520,9.1,10.6,6.7,26.4,27.2,25.2
134521,10,12.3,4.9,28.5,31,22.7
134522,10,12.1,7.6,25.6,28.3,22.7
134710,14.7,13.4,16.6,32,32.7,31
134720,10.1,7.8,12.9,28,26.3,30
134800,11.1,10,12.5,32.5,33.7,30.7
134901,19.9,22.2,17.9,33.2,34.6,32
134903,16.3,17.4,14.9,30.1,29.4,30.9
134904,6.5,5.6,8,24.4,23,26.8
134905,18.7,23.9,14.2,30.3,35,26.2
135102,15.4,17,14.1,32.3,34.9,30
135111,20.9,30.3,9.6,29.3,34.5,23
135113,12.6,13.8,11.6,24.9,25.3,24.6
135114,16.7,20.1,11.5,28.3,30.8,24.5
135201,15.7,17.9,13.4,29.7,34.5,24.7
135202,19,26.1,10.1,32.5,36.6,27.4
135203,24.1,28,20.3,36.3,39.6,33.2
137000,20.3,19.3,21.6,34.2,33.5,35.2
137103,7.6,5.5,10,24.6,27.7,20.9
137104,27.6,26.8,28.6,39.6,43.3,34.4
137201,12.2,11.1,13.8,29.3,29.5,29
137301,21.7,26.5,14.7,35.4,39.5,29.5
137302,13.7,19.8,7.9,29.2,34.8,23.9
137401,25.1,26.8,23,36.3,39.4,32.5
137402,17,16.7,17.4,31.5,33.9,27.8
137501,22.2,35.1,7.5,36.3,44.2,27.3
137502,22.5,29,10.7,32,35.3,26
137504,14.3,16.3,11.3,32.1,35,27.6
138000,27.1,29.4,24.1,37.2,38,36.2
139001,18.6,20.7,15.7,33.9,35.8,31.5
139200,19.9,18.2,21.6,37.2,37.5,36.9
139301,20.3,23.3,16.3,30.8,32.5,28.7
139302,12.9,20.2,5.9,29.7,34,25.7
139303,20.9,21.3,20.4,39.2,43.3,34.3
139401,23.5,34.1,13.2,33.9,36.2,31.7
139402,22.4,21.3,24.2,36,33.7,39.7
139502,17.8,28.7,4.2,34.8,44,23.5
139503,11.8,12.2,11.5,33,31.7,34.4
139504,12.3,7.6,16.6,30.2,31.2,29.2
139600,15.9,20.5,10.8,31,34.4,27.1
139701,7.6,3.4,13.9,31.4,28.9,35.1
139702,14.8,16.9,10.8,31.9,32.2,31.3
139703,15.6,12.1,20,32.6,31.6,33.8
139801,17.4,22.4,11,33.7,35.6,31.2
139802,23.6,27.4,18.6,38.4,41.7,34.2
141101,13,14.4,11.7,33.6,34.3,32.9
141102,6.4,1.9,11.2,30.2,28.6,31.9
141201,12.2,9.8,14.7,33.1,31.8,34.4
141202,10.9,5.7,15.5,30.4,28,32.6
141302,15.2,19.4,11.8,34.5,34,34.9
141303,15.5,9.9,22.4,34.4,33.3,35.8
141304,2.2,2.6,1.6,27.5,26,29.5
141400,11.3,5.3,18.4,30.3,26.8,34.4
141500,11.8,10.8,13.3,34.3,36.2,31.4
141600,10.3,12,8.8,33.1,34.9,31.5
141700,10.9,11.4,10.1,34.9,33.8,36.8
143100,11,7.9,14.5,24.5,21.6,27.5
143200,14.1,15.3,13.1,32.2,33.2,31.4
143300,5.9,1.5,11.4,27.9,26.6,29.7
143400,17.2,19.1,15.2,32.7,32,33.5
143500,12.9,15.9,10.4,32.2,31.5,32.7
143602,13.4,10.5,17.2,29.9,27.8,32.8
143603,11,12,10,30.5,32.1,29
143604,7.7,4,12.6,26.5,25.5,27.7
143700,12.8,10,16.4,31.7,30.2,33.6
143800,10.6,13.8,6.5,30.1,31.8,28.1
143901,19.6,17.6,21.7,35.8,33.7,38.2
143902,10,11.8,7.9,29.4,28.2,30.8
181000,15.2,16.4,13.2,33.3,35.5,30
181300,13.3,12,14.6,30.5,28.8,32.2
181400,8.9,4.4,13.6,27.7,27.4,28.1
181500,11.2,12.1,9.9,32.5,34.9,29.1
181600,12.1,11.7,12.5,26.5,28,25.3
183101,15,17.6,12.2,31.1,30.4,31.9
183103,13.7,18.2,7.1,30.7,33.5,26.5
183104,20.3,13.4,28.7,37.5,37.1,38
183220,19.2,25,12.4,37.3,39.2,35.2
183221,10,9.3,10.7,30.7,33.3,28.4
183222,13.4,12.9,13.8,32.2,31.4,33
183300,5.9,6.8,4.9,29.5,30.3,28.6
183401,14,14.4,13.4,33.2,32.7,33.9
183402,7.6,6.7,8.4,25.5,24.7,26.2
183510,13.5,16.6,9.6,32.4,33.7,30.8
183520,9.1,11.3,7,30.8,34.5,27.5
183610,15.7,15,16.7,32.6,33.7,31.1
183620,10.2,11,9.3,29.2,30.5,27.7
183701,17.5,21.5,13.5,35,36.8,33.2
183702,10.9,10,11.9,29.9,29,30.8
183810,13.8,15.9,10.9,33,31.7,34.8
183820,16.7,21.6,11.2,33.1,37,28.8
185100,13.9,14.2,13.5,37.5,39.8,34.7
185202,14.4,18.1,10,31.5,32.7,30.1
185203,16.6,16.9,16.4,32.3,34.7,29.2
185204,11.8,10.1,13.6,34.6,32.5,37
185310,12.7,8.4,18.6,34.1,34,34.2
185320,17,16.8,17.2,31,32.6,29.1
186100,22.8,23.5,22,37.5,37.4,37.8
186201,30,22.8,35,38.8,33.9,42.2
186202,18.1,16.2,20,36.2,31.5,40.8
186203,14.1,17.9,10.8,31,34.3,28
186301,15.7,22.1,7.5,32,35.7,27.3
186302,12.1,7.4,17.3,32.1,29.8,34.7
186401,20.9,23.7,17.6,32.5,34.3,30.3
186403,10.5,14.1,5.9,28,27.7,28.4
186404,11.2,14.3,6.7,27.7,28.8,26.2
187101,10,10.2,9.9,29.9,28.5,31.5
187102,17.7,30,6,29.5,35.5,23.8
187200,15.1,17.8,11.5,31.4,34,27.7
187300,9.1,7.1,10.5,29.5,29.9,29.2
188100,12.2,8.6,15.6,30.9,29.6,32.1
188201,8.9,10.1,7.9,29.3,31.3,27.5
188202,10,4.6,16.3,30.1,28.8,31.6
188300,23.6,26.7,19.4,36.6,38,34.6
189101,4.7,3.5,5.7,28.3,23.2,32.6
189102,10.6,9.7,11.7,28,27.6,28.6
189201,11.6,14.6,9.3,30.2,31.6,29.1
189202,6.9,10.1,3.3,28.5,30.9,25.8
189300,9.6,10.3,8.5,30.2,31.9,27.4
189400,8.8,12.2,4.3,31.2,32.4,29.6
189500,5.8,5.7,5.8,26.5,26.1,27
189600,4.1,6.5,1.2,23.8,25.6,21.7
189701,11.8,12.7,9.5,32.5,33.2,30.9
189702,12.1,11.5,13.1,33.9,34.7,32.7
189800,13.2,4.6,21,28.3,25.4,30.8
189902,8.1,11.7,3,29.1,35.1,20.5
189903,11.2,14.4,5.9,28.8,31.3,24.5
189904,7.8,9.6,5.4,25.9,25.2,26.7
189905,16.8,19.8,12.9,36.3,37.9,34.2
190100,16.6,14.8,19.3,33.1,29.6,38.3
190201,19.5,24.7,11.4,31.2,33.1,28.3
190202,10.5,13.5,5.9,29.8,31.5,27.2
190301,10.8,9.5,12.4,32.2,34,30.1
190401,5.5,7.9,3.3,27.3,26.9,27.7
190402,13.6,21.1,6.3,31.7,32.3,31.1
190510,12.1,13.8,10.1,29.5,31.7,27
190520,10.3,11.7,8.9,29.3,28.4,30.1
190700,10.4,10.4,10.3,28.1,27.7,28.6
190801,22.2,21.2,23.6,35.9,32.1,41
190802,10.1,8.9,12.4,30.5,30.1,31.1
190901,18.4,17.2,19.8,35.2,34.9,35.6
190902,16.5,19,12.3,33.4,34.5,31.7
191000,17.6,15.5,20.9,33.1,32.3,34.3
191110,10.8,14.4,7.9,24.1,27,21.6
191120,12.1,9.1,15.3,29.4,27.5,31.4
191201,9.3,10.8,7.9,24.6,26.3,23.1
191203,5.9,7.1,4.8,30.3,31.8,28.7
191204,17.2,13.9,21.6,35,31.4,39.9
191301,18.8,19.3,18.1,32.6,32.9,32.1
191302,15.3,15.1,15.5,29.8,32.8,24.9
191410,22.2,25.1,17.6,35,39.2,28.4
191420,22.9,25.7,18.1,38.5,39,37.8
191500,18.3,18.8,17.6,34.7,37.3,31.1
191610,24.7,17.1,34.1,36.8,33,41.6
191620,31,37.7,21.1,42.4,43.3,41.1
191710,15,18.7,9.2,30.3,31.8,27.9
191720,15.2,13.6,17.8,35.5,35.7,35.2
191810,6.8,7.9,4.9,30.1,30.5,29.5
191820,10.5,6.6,14.9,33.9,28.3,40.3
191901,9.3,12.1,5.9,32.8,35.4,29.6
191902,7.9,8.6,7.1,27.9,28,27.7
192001,3,6.1,0,23.8,24.2,23.3
192002,5.4,8.2,2.2,26.7,26.8,26.6
192300,4.2,4.4,4,29.1,30,28.1
192410,6.8,6.6,6.9,29.3,29.2,29.5
192420,11.2,15.5,4.3,32.7,34.3,30.3
192510,7.7,5.2,11,29.1,28.9,29.3
192520,14.8,9.7,20.6,34.6,34.2,35.1
192610,19.4,21.4,17.1,36.4,41.2,31.1
192620,11.1,7.2,18,31.9,31.4,32.7
192700,11.9,11,13.1,33.8,35.8,31.3
194101,5.9,3.5,8.6,27.2,27.5,26.8
194102,9.5,12.5,4.9,31.3,32.4,29.6
194200,9.7,10.6,8.3,29.3,29.2,29.5
194300,8.2,5.9,11.7,34.7,32.2,38.5
194401,3.6,4.3,2.6,27,24.7,30
194402,3.6,4.1,3,25.3,24.4,26.1
194500,7.5,11.1,3.4,26.9,27.8,25.7
195100,6.5,6.2,7,29.2,27.8,30.6
195201,19.6,13.8,26.9,32.6,29.4,36.6
195202,15,12.5,18.1,32.3,31.2,33.8
195300,17.1,18.4,15.8,31.8,34.2,29.6
195400,13.2,14.1,12,32.9,35,30
195500,12.5,12.8,12.1,33.1,30.7,36.5
195600,12.9,11.4,15,30.3,27.8,33.9
195710,12,11.6,12.6,30.2,29,31.9
195720,24.2,23.4,25.3,35.5,34.9,36.4
195802,12.7,16.3,8.2,30.7,31.9,29.3
195803,15.4,9.9,19.3,30.9,29.1,32.1
195804,10.2,12,7.4,28.8,31.4,24.8
195901,13.7,10.6,18.3,30.9,29.4,33.1
195902,14.5,11.8,17.7,31.3,29.4,33.6
195903,9.9,2.9,17.6,30.8,30.5,31.1
197200,14.5,10.3,19.7,32.1,28.1,36.9
197300,16.1,12.5,21.9,30.4,29.5,31.7
197410,8.5,11.7,4.6,30.4,31.2,29.4
197420,16.3,16.1,16.5,31.3,33.1,29.5
197500,14.2,9.9,18.1,30.2,30.7,29.7
197600,2.9,3.7,2.2,22.7,22.4,23
197700,14.5,18.8,9.6,31.7,33.8,29.4
199000,18.2,16,21.6,29.6,28.1,32
199110,22.5,20.6,25.6,34.4,35.5,32.6
199120,17.8,15.8,20.9,36.7,34.8,39.7
199201,11.1,5,19,32.5,29.3,36.7
199202,9.2,10,8.3,29.8,31.7,28
199300,23.1,21.8,24.6,37.4,34.6,41
199400,13.7,6.3,21.5,29.7,27.4,32.2
199700,10.6,15.3,3.2,26.8,30.5,20.9
199800,20.6,23.4,17.1,33.4,37.3,28.3
199900,19,13.6,25.8,32.1,28.2,37.1
201110,11.9,17.3,5.9,29.3,32.8,25.5
201120,15.5,12.8,19.1,32.9,29.9,37.1
201200,16,17.6,13.4,30.2,33.5,24.7
201301,19,20,17.8,33.9,34.8,32.9
201302,10.3,8,12.2,30.3,28.8,31.4
201401,8.5,12.3,4.6,28.3,30.3,26.2
201402,13,13.1,12.9,30.9,32.1,29.8
201501,14.4,17.2,10.2,32,34.7,28
201503,23.5,34.4,12.5,35,39.9,30.1
201504,8.8,6.7,11,26.8,26.7,26.9
201601,15.5,16.6,13.9,33.9,33.8,34
201602,10.9,18.8,2.8,31.9,33.5,30.3
201700,11.4,12,10.8,28,29.8,26.2
203100,14.7,19.4,10.6,33.9,33.1,34.6
203200,13.8,14.5,12.8,30.7,32.2,29
203300,10.6,9.1,12,26.1,28.8,23.6
203500,14.4,22.5,6.8,27.1,30.9,23.5
203600,14.6,14.1,15.2,29.3,30,28.5
203710,22.1,22.5,21.4,37.4,38.1,36.4
203720,26.9,26.8,27.3,34,34.8,32.4
203800,16,16.8,14.6,31.1,30.6,32
203900,13.7,16,10.5,25.4,26.6,23.7
204110,10.7,11.6,9.3,31.7,32.4,30.5
204120,8,8,8,25.9,26.4,24.7
204200,20.3,24.7,11.9,33.6,34.5,31.9
204300,9.7,9.4,10.3,29.8,32.7,25
204410,21.6,24.5,18.7,30.2,31.3,29
204420,17,24.1,4.3,31.9,35.9,24.8
204600,17.9,20.4,13,31.3,31.2,31.4
204700,9.4,12.6,5,27.5,28.9,25.4
204810,10.6,17.5,1.4,26.6,31.2,20.4
204820,11.3,12.7,9.3,27.1,28.2,25.6
204910,13.5,11.3,17.3,27.7,27.3,28.4
204920,7.6,8.4,6.2,24.4,24.2,24.8
205110,11.9,15.3,6.8,29.4,31,27.1
205120,10.3,7.4,13.1,27.5,27.4,27.5
206010,21.1,34.1,7.5,31.2,38.3,23.8
206020,21.1,28.3,9.9,36.3,39.2,31.9
206031,9.4,3.6,16.4,28.1,26.7,29.9
206032,11,7.4,16.5,29.6,28.7,30.9
206050,13.5,19.4,8.2,31.7,31.4,32
206200,12.9,13,12.9,28.9,26.5,31.6
206300,30.1,28.6,37.3,44.3,43.6,48
207101,8.1,3.8,12.8,25.5,22.1,29.1
207102,10.4,15.4,3.7,27.4,32,21.1
207103,5.2,0,11.2,25.5,24,27.1
207301,17.7,20.5,13.8,32.1,33.7,29.8
207302,8.9,8.7,9.2,29.5,28.8,30.5
207400,16.9,9.1,24.4,32.1,32,32.1
207501,12.6,13.5,11,29.3,31.4,25.9
207502,2,0,5.4,21.3,20.1,23.4
207710,12.2,9.2,16,28,26.7,29.7
207900,10.7,18.1,2.5,27.8,31.2,24
208000,9.3,11.8,6,28,30.1,25.3
208301,25.2,28.2,18.2,35,36.5,31.6
208302,19.1,20.6,16.7,33.9,33.6,34.4
208401,15.8,19.6,9,36.8,37,36.4
208402,15.7,11.4,22.1,30.8,28.1,34.9
208501,15.9,13,19.3,30.8,29.8,32
208502,22.2,15.3,30,35.8,34.5,37.3
208610,18.3,17.3,19.4,35.4,33.7,37.3
208620,18.1,14.8,22.4,32.8,32.4,33.4
208710,9.5,11.6,7.9,29.5,32.7,27.1
208720,17.9,18.3,17.4,39.8,39.4,40.5
208801,17.3,16.8,18.3,34.8,33.9,36.4
208802,19,19.2,18.8,39,39.5,38.4
208902,22.3,25.6,10.4,35.7,37.5,29.4
208903,15.1,16.9,10.8,35.4,35.9,34.1
208904,12.4,13.3,10.8,33.3,35,30.3
209102,25.4,25.8,24.4,38.8,38.9,38.7
209103,15.8,13,20.3,31.8,30.4,34
209104,25.9,19.5,33.3,39.1,36.6,42.1
209200,6.5,4.8,9.3,24.1,23.9,24.3
209300,13.5,15.1,11.4,30.2,29.7,30.8
209401,14.4,19,8.2,35.7,38.5,31.9
209402,33.2,33.5,31.6,44.5,44.5,44.7
209403,15.3,11.8,22,33.5,30.5,39.4
209510,19.5,16.1,24,34.1,35.3,32.5
209520,15,12.8,19,34,32.5,36.6
209810,22.2,20.7,23.9,38.8,37.9,39.9
209820,24.2,25.8,22.3,39.2,40,38.3
210010,18.2,14.3,24.1,35.9,31.4,42.8
211000,5.5,4.1,7,26.6,26,27.2
211120,11.8,7.8,15.8,29.8,27,32.7
211121,8.5,8.3,8.7,28.4,28.3,28.6
211122,11.1,6.8,18.6,31.9,31.2,33.1
211201,10.2,7,14,31.3,28.5,34.6
211202,11.1,6.4,16.4,32.1,29.1,35.6
211310,19.4,12.7,29.2,39.8,34.8,47.2
211320,23.4,18.3,30.8,36.4,35,38.3
211410,6,1.3,11.9,27.4,26.2,28.9
211420,16.7,12.3,22.2,33.3,31.8,35.3
211500,8.5,11.7,3.7,28,29,26.4
211701,6.7,5.9,7.3,30.6,27.4,33
211703,12,11.9,12,30.5,31.8,29.1
211704,13.5,12.4,14.7,30.9,32.2,29.4
211802,5.4,7.1,3.6,28.4,28,28.8
211803,3.9,4.2,3.3,26.2,29.6,21.2
211804,9.1,12.9,4.6,28,30,25.6
211910,14.1,17.4,9.3,35,35,35.1
211921,6.6,4.9,9.6,29.5,28.1,32.2
211922,13.7,15.9,10.7,32.3,34,30
212101,9.8,12.4,7.1,30.6,31.9,29.2
212102,11.1,11.7,10,32,29.2,37.5
212202,12.2,13.8,9.8,33,33.2,32.6
212203,26.3,26.6,25.7,40.1,39.8,40.4
212204,20,14.9,29.5,38.6,33.8,47.4
212303,15,15.9,13.5,36.3,37.3,34.7
212304,16.9,20.5,12.9,36.3,39.3,32.9
212305,15.8,14.5,18.1,36.1,34.8,38.3
212306,8.7,10.1,6.2,30.6,32.1,28.1
212410,17.7,19.7,14.9,34.6,36.6,31.8
212420,12.3,10.2,15,33.6,32.2,35.5
212501,11,9.5,13.6,33.1,33.1,33.2
212502,9,3.3,15.5,27.9,25,31.3
212610,11,11.4,10.6,30.7,32,29.3
212620,13.3,13.2,13.5,34.3,37.9,30.8
212701,14.7,16,13,29.6,31.5,27.4
212702,5.8,7.3,4.5,29.5,31.8,27.6
212800,16.7,14.6,19.3,34.5,31.5,38.1
212900,17.3,15.1,20.9,35.3,32.2,40.2
213100,13.2,17.4,6.7,33.3,36.9,27.8
213201,13.1,14.2,11.8,32.9,34.1,31.4
213202,11.1,10.4,11.9,32,33.4,30.4
213310,12.6,16.5,5.4,36.4,40.5,29
213320,11.6,8.6,16.3,32.7,31.3,34.9
213401,13.4,8.7,18.3,34.4,30.7,38.3
213402,14.6,15.7,12.8,33.4,34.8,31.1
214000,1.2,0.8,1.7,20.8,22.2,19.2
214100,5.5,6.2,4.8,25.6,26.6,24.5
214400,3.8,5.5,2,28,30.1,25.6
214501,9.8,7.9,11.9,27.2,24.8,29.8
214502,5.3,8.7,1.8,28.7,31.2,26.2
214503,12.6,11.7,13.7,32.3,33.5,30.9
214600,6.9,10.1,3.9,28.2,28.3,28
214700,3.9,5.9,2.2,25.4,27.6,23.5
214800,4.7,5.2,4.4,26,24.8,26.8
214901,4.6,0,7.6,23.5,19.5,26
214902,0,0,0,19.3,20.5,18.2
215101,9.6,9.9,9.4,30.5,28.9,32
215102,6.4,10.8,2.5,27.8,28.6,27.1
216100,2.7,2.7,2.7,25.4,25.8,24.7
216200,7.9,10.6,4.5,30.2,31.4,28.7
216300,6.4,3.6,9.7,25.7,26.1,25.3
216401,8.8,14.5,1.3,26.2,29.6,21.8
216402,4.2,3.4,5,24.8,23.6,26
216700,6.9,2.1,11.4,26,24.5,27.4
216800,3.5,3.9,3,23.4,23.2,23.7
216900,2.9,2.4,3.5,27.2,25.5,29.1
217001,5.9,4.5,7.6,23.5,23.3,23.8
217002,3.6,3.4,3.7,27.5,27.2,27.9
217100,10.3,11.7,8.9,28.7,28.7,28.7
217200,6.4,9,3.6,29.3,30,28.4
218110,13.5,14.3,12.5,30,30.5,29.4
218120,17.6,17,18.3,34.5,32.6,36.6
218210,12.7,12.9,12.4,33.7,32.5,35.3
218220,11.8,13.8,9.5,31.2,30.9,31.5
218300,5.6,4.2,6.7,27.2,26,28.2
218400,8.1,6,11.7,28.9,27.1,31.8
218500,13.7,13.9,13.6,31.7,34.4,29
218600,11.5,17.5,4.8,32.1,33.7,30.3
218701,10.7,6.4,15,31.6,28.7,34.5
218702,15.3,10.2,22,36.5,31.7,42.7
218800,11.3,7.6,17.9,31.4,29.5,34.8
218900,17.6,18,17.3,34.9,37.8,32.1
219010,10.4,11.3,9.6,28.6,28.7,28.5
219020,11.6,11.4,11.9,32.2,32,32.5
219300,17.7,15.4,20,35,33.7,36.2
219500,8.7,14.2,4,30.6,31.9,29.5
219700,23.1,29.8,15.6,36.7,39.5,33.5
219800,16.4,11.6,21.7,33.3,31,35.9
219901,12,10.6,14,31.4,32.5,30
219902,10.1,13.8,5.2,28.3,28.1,28.6
220000,20.5,16.9,24.8,35.2,34.8,35.6
220100,7.3,10.6,2.4,30.3,29.2,31.8
221110,19.2,17.6,21.6,38.5,36.9,40.8
221120,23.5,17.1,30.3,38,35.8,40.4
221210,18.2,21.7,14,34.7,37,32
221220,24.7,19.5,32.2,39.1,36.8,42.4
221302,20.5,13.2,29.6,39.9,37.2,43.4
221303,11.3,11.1,11.5,33.6,33,34.6
221304,17.6,16.9,18.3,35.3,34.5,35.9
221401,13.8,18.8,10,33.3,33.8,33
221402,13.2,15.8,9.4,33.4,33.4,33.3
221500,16.9,9.1,25.8,34.7,31.5,38.5
221601,16.8,12.2,22.7,34.6,32.2,37.8
221602,22,22.8,20.7,34.5,33.3,36.5
221710,22,30.8,11.8,32,36.4,26.9
221810,22.2,26,18.1,32.4,36.1,28.3
221820,9.7,2.6,18,26.7,26.5,26.9
221900,7.4,4.1,11,25.1,25.2,25
222001,10.2,10.7,9.7,31.7,34.4,28.9
222002,19,11.8,28.2,34.4,32,37.5
222100,23.6,24.6,22.4,35.8,35.8,35.9
222200,17.4,18.3,16.1,34.7,35.5,33.5
222500,18.9,12.8,26.4,37.3,32.6,43.1
222600,17,15.8,18.6,33,31.5,35
222700,1.1,0,1.8,12,12.6,11.6
224010,8.9,10,7.4,32.1,33.5,30.3
224020,17.9,10.7,26.5,34.2,31.2,37.8
224200,22.7,21.6,24.7,35.1,34.5,36.2
224310,17.7,23,12,36.3,38.9,33.5
224320,18.3,20,15.9,36.6,36.7,36.6
224410,13.2,11.2,16.4,29.3,28.1,31.3
224420,23.7,23.8,23.5,34.9,33.7,36.3
224600,14.1,13.4,15.1,29.3,28.3,30.7
224700,5.1,2.4,7,17.1,14,19.4
226001,16.9,20.5,11.6,31.5,34.8,26.8
226002,7.1,7.8,4.3,28.6,28.1,30.3
226410,15,18.8,8.7,29.1,29.5,28.6
226420,11.8,14.3,7.9,28.7,30.2,26.4
226700,9,10.7,6,26.6,27,25.9
227010,10.9,11.3,10.2,29,28.6,29.8
227020,16.4,10.5,24.3,34,32.8,35.7
228100,9.5,12.2,4.9,28.3,28.4,28
228210,13,16.1,7.8,31.6,32.7,29.9
228220,13.6,15.6,10.6,29.8,31.2,27.7
228310,21,22.6,18.6,32.8,34.9,29.5
228320,16.8,13.2,21.8,33.6,33.3,34
228410,17.5,20,12.9,33.6,34.2,32.4
228420,11.4,10.5,12.7,31.9,32.6,30.8
228500,13.8,13.7,14.1,30.7,30.1,31.6
228600,21.7,22.1,21,37,35.5,39.8
228710,14.5,12.7,17.8,31.6,30.9,32.9
228720,20.3,25.4,13.7,34.9,38.8,29.9
228800,9.9,13.2,5.1,31.1,32.9,28.4
228900,13.4,6.6,23.4,33.1,31.3,35.9
229100,10.9,9,14.1,29.2,27.3,32.3
229200,15.7,11.8,21.7,32.8,31.8,34.3
229300,16.7,12.3,25.8,36.2,33.2,42.5
229410,8.4,5.9,11.7,32,30.5,34.1
229420,7,9.1,3.5,28.3,28.8,27.4
231100,14.8,12.1,19,30.1,29,32
231210,22.3,18.5,26.1,38.7,34.9,42.6
231220,17.3,15.9,18.8,38,36.3,39.8
231300,12.9,11.8,13.9,32.7,34.6,31
231400,23.5,28,18.6,39.4,40.6,38.1
231500,15.9,17.2,14.3,34.4,36.6,31.8
231600,15.7,16.8,14.7,33.4,34.8,32
231710,25.9,23.1,31.6,41.8,40.2,45.2
231720,26.1,20.1,33.4,38.7,36.9,40.9
231800,7.7,10.2,3.9,28.7,31.6,24.3
231900,22,24.6,17.6,37.3,37.4,37
232110,16.8,19,12.3,35.4,38,29.8
232120,13.2,11.9,15.7,33.6,32.7,35.2
232200,16.2,4.4,26.8,39,33.9,43.6
232300,30.6,36.1,16.7,42.2,45.4,34.1
232400,14.5,15.5,13.3,35.6,36.3,34.7
232500,21.6,18.1,27.4,37.3,36.2,39.1
232600,17.7,17.8,17.6,34.4,35.1,33.8
232700,10,9.2,10.9,34.3,36.3,31.8
232800,17.1,22.8,8.4,36.4,41.2,29.1
234000,10.1,5.3,13.7,32.1,31.5,32.6
234200,10.2,5.6,15.2,35,33.5,36.7
234300,13.4,9.7,16.5,33.2,34.1,32.4
234501,9.1,6.9,11.6,29.9,30.8,28.9
234502,11.3,1.6,19.9,31.6,27.7,35.1
234600,18.3,18.5,18,37.8,39.7,35.9
234700,23.1,20.6,27,40.1,40.4,39.8
234800,8,9.6,6.5,30.6,31.2,30.1
234901,11.3,14,9.4,32.8,39.1,28.4
234902,21.4,18.3,24,38.8,43.6,34.7
235100,6.7,3.7,8.8,29.6,27.1,31.3
235201,12.2,18.5,6.5,35.7,36.1,35.3
235202,13.1,5.5,20.5,36.2,31.4,40.9
236000,6,6.2,5.9,28.8,29.4,28.3
236100,25.1,25.4,24.8,41.9,37.7,44.8
236202,15.6,12.7,18.4,35.2,35.2,35.2
236203,16.9,8.9,23.4,34.3,30.4,37.4
236204,12.2,13.6,10.4,31.1,32.4,29.4
236400,8.4,12.7,5.6,30.5,33,29
237101,13.1,10.4,16.1,34.4,32.3,36.7
237102,18.6,21.3,14.6,36.2,38.2,33.3
237201,17.9,17.4,18.6,36,36.2,35.9
237202,23.6,23.5,23.8,37.9,38.6,36.8
237300,14.9,12.8,17.1,33.6,34.4,32.7
237401,15.6,10,24,35.4,32.2,40.3
237402,7.5,7.4,7.6,30.5,31.2,29.7
237500,23.5,24,22.7,37.9,38.2,37.6
237600,16.2,14.5,18.5,34.4,33.9,34.9
237710,17.2,15.1,20.1,34.1,33.6,34.8
237720,12.8,13.3,12,36.1,36,36.4
237800,13.2,21.8,7.3,34.3,36.5,32.7
237900,15.6,21.6,11,38.3,41.8,35.7
238000,22.4,19.9,24,40,33.3,44.6
238100,12.5,2.8,19.7,36.4,33.4,38.6
238200,14.2,6.9,23.3,30.8,28.9,33.2
238310,11,11.1,10.8,33.7,35.8,30.8
238320,11.2,13.2,8.6,34.6,32.1,37.9
238400,10.7,9.9,11.3,29.8,32.7,27.8
239201,13.5,14.9,11.8,32.5,31.1,34.1
239202,26.4,23.6,30.4,39.7,37.9,42.2
239310,17.6,17.9,17,33.3,34,32
239320,17.6,19.3,15.2,33.3,35,30.9
239330,13.1,6.8,21.9,32.7,29.6,37.1
239501,18.1,16.3,20.7,34.9,34.7,35.3
239502,20.9,20.3,21.7,38.3,37.3,39.6
239601,16.3,11.1,22.8,35.2,31.1,40.4
239602,27.5,23.7,32.9,38.4,36.7,40.8
239701,24,21,28.2,38.9,35.8,43.1
239702,13.9,11.6,17.7,33.3,32,35.4
239801,12.1,13.1,11,29.7,29.2,30.3
239802,14.6,14.1,15.4,32.8,33.2,32.2
240010,14.2,12.3,16.9,33.5,30.9,37.1
240020,15.3,13.4,17.6,31.9,30.5,33.5
240200,16.2,15.4,17.5,32.3,33,31.3
240300,16.2,16.8,15.5,36.4,41,30.7
240401,13.8,13.9,13.7,34.2,34.5,33.9
240402,23.2,25.7,20.2,36,36.7,35.1
240500,21.1,19.7,22.7,38.5,38.2,38.8
240600,21.8,22.5,21,40,41.7,38.2
240700,13.6,13.9,13.3,33.9,33.2,34.7
240800,17.2,16.7,17.8,36.2,34.4,38.2
240900,9.6,10,9,32.6,33,32.1
241001,2.3,3.5,1.4,25.4,28.6,22.9
241002,13.6,13.3,13.8,31.5,31.9,31.1
241110,16.2,11.6,22.7,34.8,33.5,36.8
241120,14.4,12.2,16.5,34.6,36.8,32.5
241201,16.5,11.4,22.7,35.6,36.2,34.8
241202,19.9,20.6,19.2,35.3,36.1,34.3
241300,22.8,22.6,23.1,36.7,32.6,40.9
241400,12.2,10.7,14,29.8,29.2,30.6
242000,11.9,10.9,13,32.2,31.9,32.6
242100,19.1,19.7,18.6,36.5,37.8,35.3
242200,16.4,22.4,9.3,34.8,38.1,31
242300,22.3,28.8,15,36.2,39.8,32
242600,20.6,20,21.6,36.9,34.6,40.5
242700,12,11.6,12.7,31.1,31.5,30.4
243000,25.1,23.3,27.5,39.1,40.3,37.4
243100,22.1,24.9,18.9,37,40.2,33.4
261101,8.4,6,11.9,30.3,29.1,32
261102,7.5,4.4,13.1,27.3,25.2,31.1
261200,7.2,5.1,10.2,28.8,26.6,32.1
262100,4.4,4.5,4.1,25.1,25,25.3
262200,5.5,6.7,3.4,29.6,31.1,26.9
262301,3.1,4.5,1.7,23.7,30.1,17.7
262302,3,4.7,0,24.2,26.5,19.9
262303,1.7,1.3,2.6,23.5,23.7,22.9
262400,7,7.8,5.7,29,30.9,26
262501,2.7,3.1,2.1,25.4,24.9,26.2
262601,6.1,6.1,6,33.1,33.9,31.8
262604,6.4,6.6,6.1,28.2,29.5,26.5
262704,9.8,8.3,11.7,30.7,30.7,30.8
262706,8.3,8.9,7.4,28,29.6,25.6
262802,12.6,9.6,16.4,28.2,28.5,27.9
264000,12.6,11.4,14.4,29.4,27.3,32.4
264102,6.9,7.8,6.3,25.7,25.4,25.8
264103,5.8,6.7,4.9,26.2,24.1,28.5
264301,0.9,1.1,0.7,21.9,21,22.5
264302,6.1,5.4,6.6,24.1,23.6,24.4
265100,4.4,1.8,8.3,22.3,22.3,22.2
265201,3.9,5.1,2.7,17.4,18.6,16.1
265202,5,7,2.2,21.7,21.5,22.1
265301,1.2,1.2,1.2,14.7,13.8,15.1
265303,4,5.8,2.7,21.9,22.6,21.3
265304,1.1,0.2,1.7,17.3,17.4,17.3
265305,5.4,0,10.6,20,17,22.7
265410,7.6,11.1,2.2,24.2,26,21.4
265420,6.6,7.8,4.9,26.5,27,25.6
265510,5.4,8.9,0.4,25.3,27.2,22.5
265520,5,2.6,7.4,24.7,21.8,27.7
265601,2.7,4.7,0,25.7,29.6,20.1
265602,10.6,15.3,6.8,26.6,32,22.1
265700,4,5.6,2.7,23.9,24.1,23.7
267100,9.9,10.8,8.7,28.1,29.8,26
267200,3.5,6,0,23.8,25.7,21.2
267300,6.6,4.1,9.9,23.6,21.1,26.8
267402,3.9,8.2,0,26.9,28.1,25.9
267403,4.1,1.8,7.3,23.2,21.1,26.1
267404,3.8,2.8,5.2,23.8,23.9,23.7
267501,3.3,2.6,4.4,23.6,25.2,21.1
267502,6.1,5.2,7.1,23.7,23.2,24.2
267600,5.6,5.5,5.7,25.9,30.6,21.4
267700,3.3,3.1,3.7,24.3,24.7,23.7
267800,5.9,4.5,7,23.1,22.3,23.8
267901,0,0,0,22.4,20.2,26
267902,4,3.3,4.6,22.7,23,22.5
269000,6.5,1.8,12.9,23.3,18.7,29.5
269100,5.1,3.4,6.5,22.4,24,21.1
269300,2.8,2.4,3.1,23,23.2,22.9
269500,2.5,2.4,2.6,21.8,21,22.7
269601,7.5,6.5,8.9,29.9,30.8,28.5
269602,4.6,9.6,0,26.7,30.1,23.7
269700,4.1,4.3,3.8,28.2,27.7,28.7
269800,4.8,5.4,4,26.2,28.4,23.7
269903,3.9,5.5,1.8,26.6,26.9,26.1
269904,2.8,3.6,2,24.8,26.7,22.8
269905,3.7,4.6,2.9,25.6,25,26.3
269906,8.7,13.6,2.7,29.3,32.8,24.8
269907,8.9,8.3,9.7,29.1,29.3,28.7
270100,1.5,0,3.3,25,23.1,27.4
270200,4.4,1.1,7.1,28.6,25.5,31.1
270300,4.4,3.7,5,28.4,30.3,26.6
271100,6.1,8.1,3.6,24.4,26.9,21.3
271200,4.8,6.1,3,24.3,26.1,21.7
271300,2,4.2,0,25.9,27.4,24.6
271400,11.4,13.1,9,29.3,29.3,29.1
271500,5.4,8.9,1.9,24.8,24.1,25.4
271600,8.4,11,5,28.3,28.1,28.5
271701,3.6,1.1,5.4,24.5,22.2,26.2
271702,4.3,5.2,3.1,26.8,25.9,28
271801,3.1,5.1,0,30.8,34.7,24.7
271802,4,3.2,5,28.9,29.9,27.6
271901,4.3,6.1,1.2,24.1,25.5,21.7
271902,7.8,4.3,12.4,28.3,26.4,30.9
272100,11,12,9.4,28.5,29.5,26.8
272201,8.9,4.9,13.8,27,24.9,29.7
272202,9.9,11.9,7.5,26.8,27.3,26.2
272301,8.3,7.8,8.9,28.1,27.8,28.3
272302,4.6,5,4,24.9,24.1,25.9
273100,8.1,9.3,6.5,27.7,28.4,26.6
273200,11.4,15.2,6.3,27.3,28.7,25.5
273300,5.2,6.4,4.2,25.2,26.1,24.4
273402,6.2,7.2,4.9,22.2,19,26.5
273502,13.6,13.8,13.4,32.3,27.3,37.4
273600,5.1,4.2,6.3,29.9,27.3,33.1
273700,6.7,8.9,3.5,25.2,24.4,26.4
273800,5.6,8.2,3.1,26.5,28.2,24.8
273902,10,9.2,10.8,30.5,29.6,31.3
274100,9.6,7.9,11.4,29,27.1,31.1
274202,11.2,9.4,13.3,31.4,28.8,34.5
275101,11.1,8.6,13.9,30.7,29.6,32.1
275102,6.9,9.5,3.8,30.6,32.7,28.3
275200,7.1,6.5,7.8,26.5,26.3,26.7
275302,2.9,5.4,0,26.1,28.7,22.8
275311,7.5,12.2,3.3,25.6,28.5,23
275400,6.6,6.1,7.1,25.9,26.3,25.4
275500,8,12.3,4.6,31.7,34.4,29.6
275602,9.3,7.6,11,27.6,27.2,28
275603,7.6,8.5,6.6,30.3,33.4,26.3
276000,3.5,6.2,0,24,23.5,24.7
276100,5.2,4.4,6.1,27.9,25.9,30.1
276400,8.9,8.2,9.8,28.3,29.4,26.9
276500,2.7,2.6,2.7,14.3,15.5,13.4
276601,9.1,4.6,15.9,28.5,28.1,29.1
276603,9.1,12.8,4.7,28.8,30.2,27.2
276604,11.2,18.5,4.5,29,32.5,25.8
277000,8.3,9.2,7.5,28.6,29.8,27.5
277100,1.5,0,2.7,27.2,23.3,30.3
277200,8,1.2,13.7,27.9,22.9,32
277400,11.9,7.9,16.5,29,27.7,30.4
278001,4.7,5.6,3.7,23.8,24.2,23.3
278102,11.8,10.7,13,30.5,30.5,30.5
291110,13,17.9,7.3,29.4,31.7,26.7
291120,11.1,13.5,7.7,28.2,29.1,26.8
291130,7.2,6.1,8.6,26,25.4,26.6
291210,12.8,18.4,5.7,29,32.7,24.3
291220,9.6,7.4,12.3,28.2,28.6,27.7
291300,20.9,18.8,24,31.2,30.6,32
292000,11,8,14.3,28.2,26.1,30.4
293201,12.4,9.8,15.3,28.6,29.8,27.3
293202,5.3,5.4,5.1,25.7,24.6,27.7
293301,4.5,2.6,6.9,26.2,27,25.2
293302,12.3,13.8,10.6,28.5,29.5,27.4
293304,9.2,6.7,12.6,25.9,25.1,27.1
293306,14.8,15.6,13.8,31,30.9,31.2
293307,13.7,8.7,21.4,29.8,26.6,34.8
294110,4.3,1.2,7.7,21.2,20.2,22.3
294120,10.8,9.2,13.3,25.1,23.9,26.8
294200,3.8,2.4,5.3,22.7,21.2,24.2
294301,8.1,10.6,4.3,23.2,23.3,23.1
294302,14.9,23.2,3.1,31.4,37.5,22.8
294410,14.2,21.2,7.9,31.5,36.3,27.3
294421,3,1.2,4.7,22.3,21.4,23
294510,1.2,1.9,0,22.1,20.6,24.7
294520,9.1,9.7,8.5,26.3,28.2,24.1
294610,10.3,10,10.8,26,26.4,25.4
294620,6.1,4.2,9.1,22.4,22.1,22.8
294701,8.3,10,5.9,25.3,25.2,25.3
294810,5.3,5.5,5,24.6,25.9,22.3
294820,11.9,12.4,11.1,27,28.7,24
294830,6.9,8.2,5,24.3,25.2,23
294900,3.4,4.8,1.6,24.9,27.5,21.7
295103,10.7,12.2,8.7,26.9,29.2,23.7
296210,14.3,16.9,10.5,27.4,29.2,24.8
296220,16.8,21.9,12.4,36.1,40.6,32.3
296300,11.1,10.5,11.8,30.1,29.8,30.5
296401,14.4,13.7,14.8,31.7,32.4,31.2
296402,3.6,3.3,4,20.7,21.3,20.2
296500,6.3,5.1,7.9,22.4,21.9,23.2
296600,10.4,11.6,9,27.1,30,23.5
296901,7.8,8.8,6.7,28.8,29.9,27.4
296902,3.5,5.8,0.9,24.8,25.9,23.6
297000,8.1,10.3,5.3,25.3,25.6,24.9
297110,16.9,17.6,16.2,34.3,34,34.7
297120,7.2,9.1,4.9,26.1,26,26.1
297201,14.6,20.5,4.4,33.7,40.2,22.7
297202,7.6,9,5.7,27.2,28.5,25.4
297300,17.2,23.3,8.7,34.7,37.5,30.8
297400,7.1,7.3,6.9,27,27.7,26.3
297500,9.7,12.5,6.1,28.9,32.4,24.4
297601,14.4,3.7,31.4,31,25,40.5
297602,8.1,14.2,3.1,29.4,36.4,23.6
300100,11.5,14.7,7.8,30.4,32.9,27.5
300200,14.9,16,13.8,30.1,32.3,27.9
300301,21.3,19,23.7,33,33.2,32.8
300400,13.5,10.8,16.5,30.4,30,30.9
300501,10.6,8.2,13.4,29.3,29.8,28.8
300502,12.1,11.5,12.6,30.4,31.1,29.7
300600,14.9,17.8,12.5,31.1,34.6,28.2
300701,9,13.9,3.5,29.2,31,27.2
300702,8.1,14.1,0,29.8,33.1,25.3
300800,11.2,16,5.6,29.9,31.7,27.7
300901,7.7,9,6.3,25.9,27.9,23.8
300902,6.6,3.8,10,26.6,23.3,30.5
301000,9.8,15.9,4.4,26.5,29,24.4
301100,12,16.3,8.2,28.9,33.1,25.3
301203,11,8,13.5,27.6,26.3,28.7
301204,16.9,22.1,11.1,28.3,29.4,27.1
301205,4.9,5.7,4.1,25.1,27.3,23
301206,14.8,12.7,16.8,29.7,29.4,30
301300,10.9,10.7,11.1,27.3,29.4,25.4
301400,5.2,6.8,3.5,24.4,24.3,24.5
301501,8.2,8.4,8.1,27,24.7,29
301502,11.8,13.5,10.3,27.5,28.4,26.6
301601,11.5,6.8,16.6,26.3,25.1,27.5
301602,7.1,8,5.9,23.2,24.2,21.9
301701,7,8.3,5.5,23.4,25.8,20.8
301702,11.2,12.9,9.2,26,26.5,25.3
301801,7.8,8.7,7,26,24.1,27.8
301802,12.3,5.2,20.8,29.3,27.9,31.1
301900,8.5,8.4,8.6,26.1,25.1,27.1
302002,7.1,8.9,4.7,25,27,22.3
302003,13.8,16.8,9.4,31.3,34.2,27.2
302004,14.5,22,4.3,27.9,32.5,21.7
302102,12.9,14.9,10.6,31.3,34.2,28.1
302103,13,10,16,30,28,32
302104,13.1,14.8,11.3,26.5,28.8,24
302201,10.9,10.7,11.2,24.8,26.1,23
302202,7.1,10.4,3.5,24.9,27.5,22.1
302301,7.2,8,6,22.7,22.2,23.5
302302,15.8,16.5,15,30.6,31.2,29.9
302401,7.8,6.3,9.5,26.2,26.6,25.8
302503,5.9,4.2,7.5,26.1,25,27.2
302504,14.6,16.1,13.2,30.6,30,31.1
302505,19.5,21,17.8,33.3,35.5,30.7
302506,7.7,7.5,7.9,26.3,28.6,24
310100,14.7,15.1,14.2,31.9,31.1,32.7
310201,6.3,5.8,6.8,26.4,24.4,28.4
310202,9.2,8.1,10.4,26.3,26.2,26.5
310300,6.1,6.6,5.4,25.3,28.3,21.6
310400,13.4,15.4,11.4,30.2,30.8,29.6
310501,11.7,14.2,8.8,28.1,30,25.9
310601,7.2,8.3,6.2,24.7,27.6,22.3
310602,17.8,17.3,18.5,30.6,30.4,31
310701,17.9,21.1,13.2,26.5,27,25.7
310702,10.8,7,14.6,30.3,25.7,34.8
310703,11.1,9.2,13.9,27.1,26.9,27.5
310800,8.4,4.8,11.4,29,29,29
310900,13.8,16.4,11.2,30.6,32.5,28.6
311000,13.1,8.9,16.9,28.7,24.8,32.1
311100,9.7,10.6,8.9,28.1,29.4,26.8
311200,13.8,11,16.5,27.4,25.3,29.4
311300,13.5,10.4,16.4,26.8,25.1,28.4
311400,12.9,12.1,13.9,27.6,26.8,28.5
311500,6.7,6.5,6.9,27.1,27.3,26.9
311600,14.3,19,9.4,28.6,31.1,26
311700,11,10.2,11.6,24.8,24.2,25.2
311801,7,5.6,9,22.8,22.5,23.2
311802,6.9,6,8.1,26.3,25.2,27.7
320000,-,-,-,-,-,-
320100,15.6,16.5,14.7,31,29.7,32.5
320201,5.2,7.5,1.4,24.8,26.6,21.9
320202,12,16.9,6.5,28.4,33.5,22.6
320300,12.9,14.8,10.4,31.5,33.9,28.4
400204,15.9,23.8,7.2,32.7,39.3,25.5
400205,17,18.5,14.5,33.2,35,29.9
400206,15.2,18.2,11.4,29.3,29.9,28.7
400207,19.1,20,18.1,35.9,37.1,34.5
400302,17.7,17.3,18.2,30.1,31.9,28.3
400304,13.3,13.2,13.3,29.7,31.9,27.2
400402,26.3,38.1,13.7,36.1,44.4,27.3
400403,15.6,18.6,12.6,30.9,34,27.8
400404,19.8,19.5,20.2,36.5,36.9,36.1
400501,15.2,17.3,11.6,29.9,31.7,26.8
400602,18.7,24.4,12.1,32.8,34.2,31.3
400603,20,18.5,21.3,36.5,36.9,36.2
400604,13.5,11.1,15.8,30.5,28.3,32.6
400800,10.3,13.9,7.6,20.7,24.3,17.9
400900,14.8,20.5,9.9,28.7,34,24
401001,11.6,12.4,10.5,27.6,32.2,21.9
401002,20.7,30.1,11.3,32,38.7,25.3
401101,26.5,30.6,23.1,35.8,36.3,35.5
401102,12.3,11.4,13.8,30.8,31.5,29.9
401201,22.1,26.1,15.9,33.7,37.6,27.5
401202,21.8,29.2,13.2,36.8,42.6,30.1
401203,19,16.9,21.1,34.3,32.7,35.8
401303,21.2,18.9,23.7,39.1,39.3,38.9
401304,19.7,31.3,7.3,35.8,40.3,31
401311,25.3,28.9,21.1,38.2,43.5,32.1
401312,10.4,11.9,9,28,28.5,27.5
401500,15.1,17.5,12.7,29.6,29.8,29.4
401601,15,21.4,8,29.8,33.5,25.7
401602,15.3,21,7.8,31.4,34.7,27
401603,17.9,20,15.3,32.9,39.4,25.3
401701,18.4,18.9,17.8,30.4,29.2,31.7
401703,23.3,26.2,20.5,37,40.2,34
401704,10.5,11.9,9,28,28.6,27.3
401800,10.2,13.2,6.6,26.4,28.8,23.4
401901,3.1,5,1.7,12.4,14.9,10.5
401902,16.2,19.2,13.1,28.3,29.8,26.7
402001,15,19,11,32.4,37.7,27.1
402002,13.7,14.5,12.5,26.9,27.5,26
402101,14.9,15,14.8,31.5,31.7,31.3
402102,16.2,19.4,12.4,28.3,31.2,24.7
402200,21.4,21.6,21.2,32,33.1,30.8
402301,13.9,14,13.8,32.4,34.1,30.5
402303,20.3,28.5,13.2,30.8,35.6,26.7
402304,7.5,8.9,5.7,24.6,26.9,21.7
402402,20.4,20.9,20,34.4,34.5,34.3
402403,9.1,9.8,8.2,27.3,28.5,25.7
402404,0,0,0,13.9,10.3,15.6
402405,16.8,26,6.8,35.2,41,28.9
402406,14.7,18.9,8,28.5,30.4,25.4
402501,10.9,13,7.6,26.6,30,21.3
402502,12.7,14.2,10.7,29.6,31.8,26.8
402600,13.9,12.9,15.1,25.7,24.2,27.4
402702,14.8,10.4,20.5,29,27.2,31.3
402703,11,9.6,13.2,30.1,30.5,29.4
402705,18.7,20,16.8,29.6,30.3,28.6
402706,19.6,19.5,19.8,31.3,30.7,32.3
402801,14.7,15.2,13.6,31.2,32.2,29.1
402803,13.3,16.9,7.7,29.3,35.4,19.9
402804,20.1,23.2,15.2,35.1,36.8,32.5
402902,15.6,16.5,14.1,30.6,31.3,29.3
402903,13.4,14,12.6,31.4,34.3,26.6
402904,13.6,17.2,8.7,29.4,31.2,26.9
403000,10.1,9.2,11.4,27.4,25.8,29.6
403200,0,-,0,N,N,N
403303,9.6,12.4,7,28.8,31.5,26.5
403304,18.4,26.6,8.6,35.5,40.5,29.4
403305,29.7,29.8,29.5,38.8,40.7,36.3
403312,14.3,12.8,15.9,32.8,35.3,30.2
403316,19.1,29.7,6.9,34,40.7,26.3
403317,16.2,19.2,11.9,31.1,31.6,30.5
403318,20.4,21.5,19.3,33.8,32.9,34.8
403319,26.5,28.6,23.9,37.2,38,36.1
403320,19.6,22.3,16.8,38,38.8,37.2
403321,32.6,38.2,26.2,42.6,45,39.8
403322,18.1,20.5,15.1,32.7,33.1,32.3
403323,27.9,32.7,21.8,40.7,43.7,36.9
403324,12.3,9.8,14.7,33,32.1,33.9
403325,17.1,16,18.1,34.4,35.5,33.4
403401,26,25.6,26.4,37.2,39,34.7
403402,16.2,17.2,15.2,35.9,37.6,34.3
403403,27.4,25.4,30.1,37.6,36.7,38.9
403404,17.4,21.3,13.5,34.3,39.5,29.1
403405,22.1,27.6,15.9,38.2,41.1,34.9
403406,17.5,23.9,11.3,33.9,36.4,31.4
403407,18.9,15.9,22.8,33.7,31.8,36.2
403408,23.1,24.6,21.4,36.8,37.4,36.1
403500,17.7,23,11.5,34.2,38.4,29.3
403600,19.4,21.9,16.5,33.6,39.2,26.8
403702,22.5,17,27.6,38.9,33.5,44
403703,20.1,17.3,22.7,29.7,30.6,28.9
403721,21.5,26.3,15.6,37.2,40.7,33
403722,21.7,18.6,25.1,35.8,33.4,38.2
403801,14.8,15.3,14.2,32.9,34.4,31.2
403802,26,25.5,26.6,37.4,38.4,36.2
403901,23.9,30.3,15.1,33.7,38,27.8
403902,19.3,21,17.3,34.4,35.6,32.8
404000,9.9,11.6,8.4,29.5,29.8,29.2
404100,11.3,10.6,12.3,28,27.9,28.2
404201,16.6,23.1,8.2,30.8,36.5,23.6
404202,7.5,10.7,4.1,23.2,27.2,18.9
404301,6,4.4,8.2,22.1,22.1,22.1
404302,17,20.4,9.6,30.1,32.4,25.1
404401,12.1,16,6,29.5,33.3,23.4
404402,13.8,13.9,13.7,31,31.4,30.4
404501,16.3,18.7,12.6,30.2,31.4,28.4
404503,12.8,16.6,7.8,29.7,31.1,27.7
404504,9.8,7.4,13,27.1,27.7,26.3
404600,19.5,22.9,16.3,30.5,34.6,26.6
404701,11.4,11.9,10.6,29.8,30.7,28.5
404702,15.7,17.5,13.8,30.2,31.8,28.7
404703,22.5,30.2,11.3,34.5,38.3,29
404801,14.5,15.2,13.6,33,32.8,33.3
404802,12.7,8.9,16.4,36.2,38.3,34.2
404803,12.8,13.4,12,29.6,31.4,27.7
404901,16.4,18.1,14,35.6,37.7,32.7
404902,15.4,14.8,16.3,31.8,31.7,31.8
404903,16.8,18.4,15.1,30.8,33.2,28.2
405001,12.4,17,4.2,29.3,32.7,23.4
405002,9,9.4,8.4,27.6,29.7,24.6
405101,14.4,14.4,14.4,29.7,30.2,29
405102,9.4,13.7,3.5,29.2,30.8,27.1
405201,10.7,8.6,13,30.1,30.6,29.6
405202,8.8,10.4,5.9,28.5,32.3,21.8
405203,9.8,10.4,8.9,29.3,29.5,29.1
405301,16.3,16.6,16,29.7,31.8,27.7
405302,7.9,5.8,10.6,27.3,28.1,26.1
405400,14.5,13.9,15,33.2,36.3,29.8
405500,11.9,9.9,14.2,29.9,31.1,28.5
405600,15.6,16.9,14.2,35.6,35.8,35.4
405701,25,25.7,24.1,36.1,37.6,34.3
405702,17.9,11.8,24.9,32.7,32.1,33.3
405800,18.3,15.1,23,33.9,33.8,34.1
405900,21.7,21,22.5,33.5,34.3,32.5
406000,13.4,13.8,13,28.9,31.5,25.9
406101,11.8,13.3,10.4,29.1,29.6,28.7
406102,15.8,21.5,9.7,30.3,33.9,26.3
406200,21.6,19.2,24.8,36.9,35.3,39.1
406300,28.7,27.8,29.7,39.3,37.5,41.1
406402,18.7,23.8,13.4,33.3,33.6,33
406411,17.2,12.4,21.7,34.4,32.6,36.1
406412,26.5,30.9,20.7,37.6,39.2,35.3
406500,21.2,22.5,19.5,36.4,38.9,33
406601,28.1,31.1,24.8,38.5,40.9,35.8
406602,15.9,20.7,10.5,29.7,32.9,26.1
406701,11.3,16.2,6.2,32.1,34.6,29.5
406702,19.4,15.4,23.1,33.7,34.1,33.3
406800,13,7.7,19.1,29.5,27.5,31.8
406901,16.5,21,8.5,31.6,34.9,25.6
406902,22.2,23.9,19.8,35.3,37.6,32.1
407001,14.9,15.7,13.1,32,34,28
407002,12.2,10.5,14.8,29.2,30.5,27.2
407101,12.1,17.5,6,30.7,36,24.9
407102,11.4,10.6,12.3,30.6,30.5,30.6
407200,13.7,13.8,13.6,30,32.9,26.6
407301,18.6,14.7,24.3,32.3,31.3,33.9
407302,9.6,5.6,14.4,30.6,30,31.2
407400,22,22.6,21.4,33.2,34.3,32.2
407501,11.2,11.8,10.2,28.7,29.1,28
407502,14.3,16.2,11.1,29.5,31,26.9
407601,6.7,9.7,3.4,24.5,25.4,23.4
407602,13.1,10.1,17.1,30.2,30.7,29.6
407701,19.2,19,19.3,34.7,35.8,33.2
407702,25.3,25,25.7,36.6,36.2,37.2
407801,14.2,11.3,18.3,31,30.7,31.4
407802,14.1,12.4,16.7,31.4,29.8,33.7
407900,22.2,25.5,18.2,35.2,38.8,30.9
408003,11.9,7.7,16,31.3,28.6,33.9
408004,26.1,19,33.3,39,36.3,41.7
408005,20.6,16.2,24.9,31.7,30.3,33.2
408006,15.4,20.4,10.2,30.3,33.3,27.2
408133,22.2,26.8,17.3,36.2,37.6,34.7
408134,21.7,20.3,23.5,40.3,40.4,40.3
408135,23.4,26.6,20,37,37.7,36.3
408136,20.8,27.7,14,37.8,43.4,32.3
408137,25.4,29,21.7,37.2,39.9,34.4
408138,13.1,8.6,18.5,31.8,31.5,32.2
408139,9.1,7.4,11.6,26.6,26.7,26.4
408140,11.5,16.5,3.2,28.7,32.5,22.4
408141,15.8,16.6,14.4,30.9,33.3,26.7
408202,20.1,24.1,14.6,34.9,37.6,31.1
408211,12.5,12.4,12.7,27.1,28,26.2
408212,12.8,9.8,16.1,32.1,31.4,32.8
408301,11.3,12.4,9.8,26.4,27.8,24.5
408302,13.7,13.2,14.5,30,29,31.6
408303,15.6,12,18.9,35.1,35.9,34.3
408401,17.6,15.4,20.8,33.4,31.8,35.6
408402,19,20.3,17.3,38.7,41.4,35
408501,13.4,15.3,10.6,31.8,34.8,27.5
408503,18.7,22.6,14.5,36.9,40.8,32.8
408504,15.9,20.6,11.1,33.5,33.6,33.3
408505,14.4,18.6,8.9,33.3,33.7,32.8
408623,13.7,14.5,12.7,31.3,34.3,27.8
408624,13,14,11.5,37.7,41.4,32.1
408625,30.8,34.5,25.9,40.2,43.5,35.8
408626,18.5,19.9,17.1,36,35.2,36.7
408627,15.9,17.1,14.6,34.3,36.6,31.9
408628,18.5,20.7,15.9,36.4,40.2,31.8
408629,24.9,24.6,25.4,39,39.6,38.2
408630,16.3,12.1,21.2,34,31.6,36.6
408631,18.9,20.8,16.3,32.4,34.2,29.8
408703,15.1,16.6,13,35.7,35.5,36.1
408704,9.9,6.9,13.8,26.4,27.5,24.9
408705,18.4,23.9,12.7,32.6,37.7,27.4
408706,16.1,15.5,16.7,36,37.1,35.1
408722,19.8,19,20.7,31.5,30.2,33
408723,15.2,13.1,17.4,34.9,33.7,36
408724,8.1,9.9,5.8,24.7,26.3,22.6
408800,13.8,13.7,13.9,28.6,28.3,29.1
430002,15.6,14.6,16.4,30.4,28.8,31.6
430003,16.4,17.4,15.4,35.1,35.9,34.4
430101,7.6,6.6,8.6,26.3,24,28.7
430102,10.7,14.1,7.1,27.8,30.3,25.2
430200,28.9,11.7,51.9,36.1,26.5,48.9
430301,14,14.5,13.3,30,30.9,28.9
430302,15.5,17.6,13,30.9,32.6,28.9
430400,8.9,11,6.2,30.4,31.6,28.8
430501,13.2,8.1,18.2,28.2,26,30.4
430502,13.9,13.8,13.9,31.1,32.4,29.5
430600,12.1,14.3,9.2,28.7,29.7,27.3
430701,18.2,20.6,15.2,35.6,35.4,35.8
430721,14.6,21.9,9.2,32.2,39.1,27.1
430723,18.1,23.3,13.2,32.7,35.8,29.7
430724,11.2,15.3,5.9,27.8,30.8,23.8
430801,14.2,17.5,11.2,31.7,32.3,31.1
430802,15.2,13.7,16.6,35,36.7,33.5
430803,7.7,5.1,10.7,26,26,26
430901,12.4,13,11.7,28,30.1,25.6
430902,17.2,8.7,24.6,35,32.8,37
431001,21.5,28.5,14.3,33,36.9,29
431002,18.4,19.4,17.2,30.1,32.5,27.1
431100,16.9,23.7,9.8,32.7,36.8,28.4
431200,14.2,14.8,13.2,29.8,29.4,30.4
431300,7.4,7.8,6.9,26.3,27.8,24.7
431400,9.9,9.8,10.1,28.9,27.4,31
431501,16.1,21.3,10.6,32.9,33.7,32.1
431502,14.3,8.8,21.8,33.1,30.2,37
431600,11.1,8.3,14.3,29,28.8,29.3
431700,14.3,11.8,16.7,31.9,31.9,31.8
431800,20.5,19.5,21.6,34.7,35.1,34.2
431900,8.5,8.8,8.1,25.9,27.8,23.8
432000,14.3,16.7,11.4,29.3,27.4,31.6
432101,12.5,13.9,11.2,30.7,34.7,27
432102,15.1,19,10.8,31.1,32.9,29.2
432201,10.6,12.1,9.1,28.6,29.2,27.9
432202,16.2,13.6,20.1,31.7,30,34.3
432300,9.1,10.8,6.6,27.6,29.5,24.8
432401,17.5,20,14.9,34.7,36.8,32.6
432402,14.6,18.1,10.6,30.7,32.3,29
432500,14.8,19.1,8.4,30,33,25.5
432601,16.9,14.5,20.5,32.6,31.8,33.8
432602,18.1,25.7,9.5,35.2,39.3,30.7
432700,20,25.4,14.2,31.5,33.8,29.1
432801,10.8,8.1,15.5,28.1,25,33.3
432802,8.6,8.9,8.3,29.1,29.5,28.4
432901,10.7,11,10.5,28.4,27.2,29.7
432902,7.8,11.8,3.8,26.4,28.4,24.4
433101,12.6,14.3,10.3,33.4,37,28.5
433102,12,14.7,8.6,29.2,30.3,27.8
433200,14.9,17.2,12,30.4,33.3,26.6
433302,9.6,12.6,5.2,29.4,33.1,23.9
433304,11.5,13.9,8.6,31.9,33.3,30.2
433305,12.2,10,15.5,29.6,28.8,30.8
433306,7.9,8.2,7.7,29.2,29.3,29
433307,22.2,20.4,25.4,36.4,35.3,38.3
433401,17.6,23.5,5.7,33.1,37.6,24.1
433402,4.7,5,4.3,29,30,27
433403,15.7,17.5,13.3,30.8,33.8,26.4
433501,8.1,10.4,0,24.5,25.5,21.2
433503,6.9,4.8,9.3,25,26.7,23
433504,4.9,6.8,1.9,25.6,26.3,24.6
433601,16.6,16.7,16.5,30.8,30.7,31.1
433602,9.9,15,2.4,30.9,34.3,26
433700,11.7,10.3,13.1,27.8,27.4,28.1
433801,12.9,10.6,16.5,30.3,29.6,31.4
433802,14.4,20.3,7.2,32.2,36.8,26.7
433901,9.7,10.4,8.5,27.6,29.3,24.8
433902,15.4,21.3,5.2,29.1,31.1,25.6
434001,16.1,14.8,17.8,35.5,36.2,34.6
434003,9.6,9.3,10.1,33,34.2,31.2
434004,9.9,14.5,4.4,27.3,31.6,22.1
460000,8.4,8.7,7.9,30,30.4,29.4
460100,11.8,17.1,4.7,28.3,31.4,24.2
460200,13.4,17.7,9.2,32.5,34,31
460301,14,12.3,15.8,32,32.7,31.2
460302,18.5,19.5,17.4,33,36.2,29.3
460401,16,10.1,21.6,33.4,32.6,34.1
460501,4.5,3.7,5.7,26.2,27.3,24.8
460502,6.9,8.8,4.5,24.9,27.7,21.6
460600,5,8.7,1.4,28.1,31.6,24.6
460700,7.3,8.7,5.3,27,28.4,25
460800,3.8,3.9,3.5,26.1,25,27.8
460900,12,8.1,16.5,28.7,27.9,29.6
461000,14.7,15.5,13.7,29.8,30.3,29.1
461100,12.8,11.9,14,27.6,25.9,29.5
461200,19.4,21.6,16.9,33.7,35.3,32
461300,10.6,12.4,8.7,28.4,29.1,27.6
461400,11.9,13.3,10.7,25.6,29.3,22.4
461501,14.6,19.4,10.2,28.8,32.9,25.1
461502,11.1,11.3,10.9,27.2,27.8,26.7
461600,8.4,5.8,11.4,24.1,23.8,24.6
461700,16.5,15.6,17.6,29.6,27.8,32.1
461901,18.3,18.8,17.5,31.6,31.8,31.4
461902,9.2,12.7,3.4,31.7,34.6,26.9
462001,11.1,15.7,4.2,27.9,29.6,25.3
462002,18.4,23.3,12.3,30.3,36.2,23.1
462100,7.3,7.2,7.4,25.9,25.2,26.7
462201,17.3,13.2,21.7,30.6,30.8,30.4
462202,12.3,7.2,17.8,25.8,24.6,27.1
462301,11,18.6,4.7,27,30.4,24
462302,15.5,13.8,17.6,28.1,27.7,28.6
462400,8.5,11.7,5.3,24.3,27.6,21
462500,12.7,14.3,11.2,29,28.9,29
462600,11,7,14.9,30.3,28.6,31.9
462700,6.2,7.3,4.9,25.2,24.2,26.5
462800,8.7,12.8,5.1,25.8,30,22
462900,8.3,12.7,2.3,27.2,29.8,23.8
463000,14.5,14.8,14.2,31.6,31.9,31.3
463101,14.3,19.6,7.4,31.7,35.7,26.4
463102,11,15.2,6.3,28.6,32.4,24.2
463200,11,8.8,13.7,27.1,25.2,29.5
463300,14.9,21.9,6.6,30.2,33.6,26.2
463400,15.9,17.8,13.7,28.7,30.1,27.1
463500,12.6,12.8,12.4,24.8,22.7,27
463601,9.4,6.3,12.5,29.1,27.2,31.1
463602,10.3,11.4,9.3,30.5,30.8,30.1
463700,15.8,15.7,16,30.3,27.1,33.9
463800,11.6,9.7,13.6,29.5,29.6,29.3
463900,9.1,10.9,6.5,27.1,26.7,27.6
464000,12.4,10.9,14,29.3,30,28.5
464100,10.2,13.2,5.2,31,30.9,31
464200,11.8,18.1,4.7,29.6,31.7,27.2
480002,12.7,17.8,7.8,32,36.9,27.3
480011,14.7,15.5,13.5,29.7,32,26.5
480012,21.5,25.1,18.2,34.8,38.5,31.3
480101,20.6,25.8,15.6,33.2,35.4,31.1
480102,14.1,13.3,15.3,29.7,30,29.2
480201,13.5,16.7,9.8,32.4,35.3,29
480202,11,13.6,8.7,31.1,34.5,28.2
480302,10.4,14.5,5.5,28.6,30.3,26.6
480303,7,6.5,7.6,28.9,29.7,27.8
480304,9.3,7.7,10.8,32.8,32.1,33.4
480400,16.2,7.8,23.7,31.6,28.9,34
480500,10.8,13.2,8.7,29.3,31.4,27.4
480600,10.9,10.7,11,29.9,32.1,27.9
480702,12.4,13.1,11.7,30.1,30.9,29.3
480703,11.2,12,10.4,30.2,31,29.5
480704,11.6,12.9,10.4,29.4,31.8,27.1
480802,9.3,9.6,8.9,29.2,28.4,30.2
480803,12.8,16.1,8.7,30.9,32.8,28.7
480804,18.4,25.1,11.6,35.1,38.8,31.3
480901,8.5,8.9,8.2,28,27.7,28.2
480902,12.7,10.1,15.9,30.7,28.9,32.8
480903,11.8,13.7,9.5,30.9,32.1,29.4
481001,13.7,12.3,15.2,30,32.5,27.4
481002,12.8,15.6,9.2,31,32.8,28.6
481101,10.2,12.7,7.8,30.5,31.2,29.9
481102,6.7,3.6,11.1,28,25.6,31.3
481103,11,8.6,13.8,28,28.9,27
481201,18.7,21.5,16.1,33.1,34.1,32.1
481202,12.7,15.3,10.7,29.8,31.7,28.3
481300,12.7,11.4,14.1,30,31.6,28.2
481401,7,5.7,8,24.8,25.9,23.8
481402,12.1,10.2,14.6,27.9,27.5,28.4
481500,15,19.9,8.7,31.6,34.7,27.6
481603,7.9,6.2,10.2,29,28.7,29.3
481604,10.8,7.7,14.3,26.5,24.9,28.3
481605,6.4,10.5,2.6,23.9,24.7,23.2
481606,7,9,4.7,27.5,30.2,24.5
481711,8.9,12.9,5.6,31,32.6,29.6
481712,9.4,9.3,9.5,29.5,30,29
481713,14,10.2,18.8,29.3,26.1,33.2
481714,11,7.2,14.5,30.3,32.6,28.2
481800,12.4,5.5,20.1,30.9,29.3,32.7
481901,10.4,12.6,8.2,30.8,32.3,29.2
481902,16,21.4,9.4,31.8,33.3,30
482001,9,8.7,9.4,29.4,30.7,28
482002,8.6,2.8,14.4,29.8,27.8,31.8
482101,11,10.4,11.6,32.2,32.7,31.7
482102,20.6,34.3,9.7,37.3,43.2,32.6
482201,6.5,6,7.2,28.1,30.6,25.1
482202,7,7.6,6.3,30.2,31,29.3
482301,9.2,11.1,7,29.7,30.6,28.7
482303,10.9,12.2,9.2,27.4,27.4,27.5
482304,5.4,5.7,4.9,27,27.3,26.5
482401,4.6,3.7,5.7,24.1,24,24.4
482402,16.9,16,18.2,33,33.4,32.6
482502,7.6,10.2,4.7,30.6,34.4,26.4
482503,12.5,8.7,17.1,28.1,27.2,29.1
482521,10.4,13.5,6.9,30.3,32.8,27.5
482522,13,16.2,8.7,31.8,32.3,31.1
482600,8.7,9.6,7.9,29.1,30,28.3
482701,11.5,12.1,10.8,30.2,31.9,28.3
482702,13.9,20.1,6.7,33.5,37.5,28.9
482800,12.9,16.6,7.3,31.9,34,28.6
500100,15,14,16.3,34.1,34,34.2
500201,13.5,11,16.6,35.4,32.1,39.5
500202,24.4,23.2,26.1,36.5,35.6,37.9
500300,17.9,25.1,8.4,32.1,36.7,26
500402,7,3.3,11.7,25.7,26.2,25.1
500403,12.3,13.6,10.9,31,32.6,29.3
500404,12.6,15.7,8.8,33.6,35.6,31.1
500500,8.2,7.6,9.1,29.8,28.7,31.4
500600,13.8,9.3,19.1,35.7,35.2,36.3
500700,11,10.9,11.2,29.1,29.2,29
500800,9.1,8.3,10.3,30.7,30,31.8
500900,11,15.4,5.5,28.2,31.2,24.7
501001,10.2,9.7,10.8,29.2,30,28.2
501002,10.5,13.2,7.9,31.8,33.4,30.1
501200,14.3,14.7,13.9,32.6,31.7,33.5
501300,11.9,9.2,16,33.5,34.1,32.7
501400,13.3,14.8,11.3,32.6,35.6,28.6
501501,16.2,15.8,16.7,32.7,32.7,32.7
501503,16.7,22.2,10.6,33.5,37.9,28.5
501504,3.7,5.9,0.9,28.8,32.3,24.3
501600,15.1,15.7,14.3,30.8,30.7,30.9
501700,15.5,17.1,13.9,32,35,28.8
501802,21.2,16.7,25.8,35.8,34.1,37.4
501803,14.9,12.1,17.8,31.4,29.6,33.2
501804,17.3,20.9,13.8,35.3,37.6,33.1
501900,13.9,16.2,11.4,32.2,33.2,31.1
502003,10.1,10.1,10,28.5,30.6,26.1
502004,10.1,11.1,8.8,30.3,31,29.5
502005,13.1,13.1,13,30.8,31.2,30.2
502100,8.1,8.7,7.4,27.6,30.8,23.7
502200,6.3,6.6,5.9,30.5,31.7,29.1
502301,8.4,7.7,9.1,27.7,27.5,27.8
502302,5.6,8.4,1.9,26.9,30.1,22.5
502401,7.6,0.8,15,30,26.3,34
502402,9.4,3.6,15.7,29.4,27.2,31.7
502500,22.9,27.9,16.2,37,40.1,32.8
502601,11.7,14.4,8.9,31.6,32.5,30.5
502602,13.9,11.3,17.2,27.5,26,29.3
502700,12.8,11.2,14.7,30.4,30.7,30
502801,9.5,13.4,5.6,29.8,34.6,24.9
502802,15.6,16.6,14.6,34.2,33.6,34.8
502901,19.4,22.3,16.2,34.8,36.6,32.8
502902,13.7,16.5,9.5,30.7,32.4,28.1
503000,11.1,9.6,13.5,28,28,27.9
503103,10.3,15.5,3.4,29.7,31.5,27.2
503104,15.3,17.3,11.2,30.4,30.5,30.2
503105,6.7,8.6,4.5,28.8,29.7,27.8
503106,18.9,18.3,19.7,32.8,33.6,31.8
503201,15.5,22.1,7,33.2,36.2,29.3
503202,7.5,9.1,5.2,27.2,29,24.3
503301,17.8,14.7,20.4,32.9,31.4,34.2
503302,16.9,19.2,13.9,31.4,35,26.7
503401,22,21.2,22.9,34.9,37.7,31.8
503402,15.7,18.7,12.4,34.7,37.8,31.3
503501,13.9,12.4,15.7,27.6,28.9,26.2
503502,14.5,13.4,15.7,33.9,33.3,34.6
503601,9.6,9,10.4,32.2,33.3,30.9
503602,14.3,17.5,10.3,35.5,37.2,33.5
503701,10.1,8.6,11.5,29,31.4,26.7
503702,14.6,16,12.7,32.1,33.9,29.7
503703,17.9,14.8,21.8,36,35.9,36.2
503801,9.3,9.7,8.9,31.8,33.4,30
503802,9.5,8.9,10.4,31.8,33.5,29.4
503901,5.2,4.4,6.2,25.7,26.8,24.4
503902,13.1,13.1,13.1,31.6,32.8,30.6
504001,10.1,9,11.1,26.6,28.1,25.4
504002,11.1,11.5,10.8,33.5,31.8,35.3
504101,7.6,7.4,7.9,29.2,30.6,27.4
504102,0,-,0,N,N,N
530003,14.2,17,10.9,31.8,33,30.3
530004,21.4,18.2,26,37.6,36.6,39
530005,16.6,18.1,15.4,36.5,36.8,36.3
530006,16.9,22.7,10.7,33.5,36.6,30.2
530101,20.5,21.2,19.7,33.7,35.2,32.1
530102,18.7,19.8,17.6,35.2,34.7,35.7
530202,13.5,10.3,16.5,32,32.6,31.4
530203,18.1,22.6,14.4,40.4,46.4,35.5
530204,12.7,13.2,12,33.4,33.7,33.1
530301,6.6,5.9,7.8,30.8,30.3,31.6
530302,13.1,12.5,13.9,32.7,34.3,31
530400,7.9,8.9,6.7,31.2,31.5,30.9
530500,17.2,13.9,20.3,31.9,33.4,30.5
530601,8.3,8.8,7.5,28.1,31.4,23.3
530602,3.2,5.7,0,27.7,30.9,23.6
530700,10.6,13.2,7.2,28.9,31.8,25.2
530801,11.5,16.1,5.6,32.1,34.3,29.3
530802,7.5,8.8,5.2,32.1,35.4,26.3
530901,7.8,10.3,4.6,27.1,29.1,24.5
530902,7.1,6,8.5,26.2,26.9,25.1
531000,2.7,1.5,4.8,25.5,24.9,26.5
531101,11.8,14.1,7.9,35.9,40.2,28.8
531102,7.4,7,8.1,28.3,28.7,27.6
531201,4.1,1.7,8,25.4,24.4,26.9
531202,10.1,11,8.7,30.6,31,30
531301,7.9,7.6,8.4,25.8,26.3,25
531302,5.7,9.2,1.4,26.2,28.7,23
531502,10,9.8,10.3,30.4,30.6,30.1
531503,6.9,10.8,2.1,24.6,28.7,19.5
531504,7.3,8,6.4,27.9,27.6,28.2
531602,9.4,12.6,3.2,30.1,32.7,25.3
531603,6.8,7.6,5.8,32.2,32.4,31.9
531604,10.9,12.7,8.4,31.4,32.3,30.2
531701,8.2,10,5.5,31.4,34.7,26.3
531702,9.3,9,10,28.5,27.5,30.5
531800,13.8,14.2,13.2,31.2,32.3,29.7
531901,16.1,17,15,34.7,36.1,32.9
531902,11.9,15.8,5.3,30.1,32.6,25.7
532001,3.1,4,1.8,26.7,26.8,26.7
532002,9.9,10.6,9,30.7,31.5,29.6
532101,18.2,20.4,14,34.1,36.2,30.3
532102,22.1,21.7,22.5,35.6,33.1,38.2
532200,15.7,18.7,10.6,32.6,33.7,30.7
532302,8.9,9.3,8.2,30.1,29.6,31
532303,7.4,12.5,1.6,26.4,30,22.3
532304,7.5,5,10.8,26.7,26.7,26.7
532400,10.3,13.3,7.1,21.9,27.7,15.7
532500,7.4,8.1,6.3,26.4,26.5,26.4
532603,6.2,6.2,6.1,28.9,30,27.1
532604,9.6,9.3,10.3,30.1,30.9,28.8
532605,18.2,12.8,26.6,32.2,28.8,37.7
532606,19.7,18.4,22.6,33.1,32.7,33.7
532700,11.8,9.2,16.9,31.5,29.3,36
532800,15.3,15,16,32,32.7,30.7
532900,11.4,12.1,10.3,31,32.5,28.4
533001,12,12.5,11.3,30.1,31.5,28.3
533002,9.9,10,9.9,30.8,30.3,31.6
533103,8.2,5.9,11.6,30.9,30.5,31.6
533104,12.9,10.7,15.6,31.4,30.3,32.8
533105,10.8,16.7,1.2,27.4,30.4,22.5
533106,13.1,12,14.6,30.3,31.1,29.3
533107,13.9,13.2,14.7,31.6,32.2,30.8
533201,12.2,13.3,10.7,30.8,30.2,31.6
533202,12,14.7,8.5,29,32.5,24.6
533203,8.1,8.2,7.9,28.3,29.6,26
533300,10.5,9.6,12.1,28.8,27.9,30.5
533401,10.8,11.8,8.9,30.7,31.2,29.6
533402,11.9,14.3,8.8,34.5,34.7,34.1
533403,10.5,8.8,12.6,30.4,30.6,30.2
533501,18.6,22.5,11.8,35.6,37.7,31.9
533502,20.8,24.9,16,34.7,36.3,32.9
533503,15.4,12.9,20.3,31.3,30.8,32.2
533601,12.4,10.6,14.6,32.2,32.3,32.1
533602,11.6,14.2,7.7,28.5,29.5,27.1
533603,20.4,19.5,21.7,35.4,34.7,36.5
533701,9.5,8.7,10.7,29.2,31.1,26.3
533702,11.8,11.4,12.4,31,32.1,29.3
533703,9.8,12.2,7,29.6,31.4,27.4
533803,12,9,16.2,30.8,29.5,32.6
533804,12.9,17.5,7.2,30.4,33.8,26.3
533805,8.7,9.4,7.6,29.4,30.6,27.7
533806,12.4,11.3,14.4,33.6,36.4,28.8
533901,13.5,14.1,12.6,30.7,31.5,29.6
533902,8.7,9.1,8.1,29.3,30.3,27.6
534001,15.1,17.1,12.4,29.1,29.2,28.9
534002,7.4,7.3,7.6,26.7,28,25.2
534101,12.7,16.3,7,28.3,30,25.5
534102,9.7,11.2,6.9,31,33.5,26.3
534201,8.6,11.3,5.7,27.1,29,25.1
534202,11.8,11.6,12.1,32.1,32.8,31.2
534203,10.3,9.2,12,30.2,30,30.4
534301,10.9,9.5,12.8,29.5,30.9,27.4
534302,13.3,13.8,12.7,32.4,34.1,30
534403,12.4,6.9,21.8,33.6,32.9,34.8
534404,10.1,9.6,11.1,30.6,32.1,27.9
534405,14.5,16.1,12.5,32.5,34,30.6
534406,21.9,25.7,14.6,35.1,37.2,30.9
534501,12.1,11.6,12.8,32.8,31.4,35
534502,13.1,13.3,12.8,36,34.9,37.8
534700,8.2,4.8,12.1,30.1,29.2,31.2
534802,8.5,10.2,6.4,27.7,29.8,25.3
534803,16.3,15.3,18.3,32,32.7,30.7
534804,14.8,15.7,13.6,34.5,36.8,31.6
534900,16.2,17.3,14.5,32,33.7,29.4
535001,16.5,9.2,28.1,33.9,31.3,38.1
535002,11.9,11.6,12.4,31.7,32.2,31
535101,13,13.7,11.6,30.9,31.9,28.9
535102,12,13.8,9.8,30.9,30.9,31
535200,13.8,8.7,20.7,34.2,33.6,35
535300,15.8,18.4,11,35.4,35.7,34.9
535400,14.5,12.9,17.1,33.6,33,34.5
535501,15.1,16.6,12.9,33.1,34.5,31
535502,10.7,9.1,12.8,30.3,29.7,31
535503,17.1,18,16.1,32.5,31.3,33.8
535603,21.2,25.8,14.7,34.7,36.2,32.7
535604,13.4,15.4,11,31.6,33.3,29.5
535605,14.7,23.6,1.1,32.6,37.5,25
535606,9.1,6.5,12.6,32,29.8,35
535607,13.2,11.9,14.7,31.6,30.9,32.4
535701,12.9,16.5,8.2,31.2,33.1,28.5
535702,12.7,11.9,13.9,30.1,30,30.2
535802,7.3,7.8,6.6,29.6,30.7,28.4
535803,16.1,20.5,8.4,30.5,33.1,25.8
535804,17.9,18.3,17.3,33.2,34.8,31
535901,21.3,15.2,26.4,34,35.7,32.5
535902,23.2,21.5,25.2,35.1,34.2,36.2
536000,12.6,8.8,17.3,31.9,31.1,32.8
536102,14.1,19.4,9.4,28.5,33.3,24.2
536103,12.4,11.7,13.4,30.9,31.1,30.8
536104,15.9,20,9.2,33.1,35.5,29.2
536200,12.3,14.3,10.1,29.6,31.3,27.7
540000,16.4,12.4,22.8,32.1,30.9,34.1
540101,15.6,15.8,15.4,34.5,36,32.7
540102,12.5,7.9,17.8,30.1,29.7,30.6
540201,20,18.4,22.8,37.4,35.4,40.8
540202,10.5,11.3,9.4,32.9,34.5,30.9
540203,5.9,9.5,0.9,28.4,29.6,26.7
540300,11.9,10.8,13.8,30.4,31.8,27.9
540400,11.7,14.9,6.6,32,34.7,27.7
540501,16.1,10.6,22.3,34.9,32,38.1
540502,13.5,12.8,14.7,34.6,34.7,34.3
540600,7.7,3.8,14.4,29.6,26.7,34.5
540700,16.8,20.6,12.2,32.4,34.3,30.2
540800,11.4,15.8,7.2,34.1,36.6,31.7
540901,13.9,14.7,13,31.3,33.2,28.9
540902,15,8.6,21.2,29.3,25.4,33
541001,5.2,6.2,4.6,26.6,28.5,25.5
541002,13,16.1,9.5,31.4,31.6,31.2
541100,3.5,4.9,1.8,23.9,23.5,24.3
541200,15.8,17.3,13.9,31.2,32.7,29.3
541300,11.9,9.5,14.4,33.4,30.7,36.1
541400,14,17,10,31.4,32,30.8
541500,7.1,4.9,10.1,28,26.3,30.5
541603,7.8,3.5,15,30.6,27.6,35.6
541604,12.4,11.2,14.1,31.6,31.6,31.6
541605,13.4,12.7,14.5,31.4,31,32
541606,3.8,6,0.8,28.3,29.9,25.9
541700,9.6,8.3,11.2,28.5,27.5,29.9
541801,15.4,16.2,14.5,30.7,31.5,29.7
541802,4.1,2.9,5.7,28.1,30,25.5
542000,6.7,10.1,1.9,27.8,30.8,23.5
542103,14.8,21.5,5.1,32.6,36.2,27.5
542104,9.3,8.5,10.7,31.7,34.5,26.6
542105,8.3,10.5,5.2,28.7,28.7,28.8
542106,10.6,9.3,12.2,27.7,25.4,30.2
542200,11.4,9.3,14,29.1,27.8,30.6
542401,14.2,9.5,19.7,28,26.3,30.1
542402,16.2,18.6,13.7,31.2,36.1,26.1
542501,14.8,6.5,24.1,31.4,29.4,33.6
542502,19.3,17.2,21.9,33.1,33.6,32.4
542601,12,8.9,16.6,30.6,31.2,29.6
542602,13.4,7,21.3,31.8,29.6,34.5
542700,7.2,6.5,8,28.6,27.7,29.7
542800,10.3,14.6,7.3,30.4,37.1,25.8
542900,7.3,8.5,4.5,28.8,28.7,29.1
543000,18.5,14,23.5,33.7,32.8,34.7
543100,15.1,9.4,21.4,29.1,28.4,29.9
543201,9.1,11.3,6.5,26.6,28.6,24
543202,12.5,15,8.7,31.3,33.1,28.6
543304,9.4,6.9,11.6,26.6,25.4,27.5
543305,16.6,6.8,24.8,36,32.4,38.9
543306,12.3,11.7,13,28.9,29.8,27.8
543321,14,20.3,7.3,31.8,32.6,30.9
543322,9.9,13.1,7.2,30,27.7,31.9
543400,8.5,10.1,6.2,26,27.4,23.9
543501,2.5,1.8,3.1,21.7,20.9,22.5
543502,8.5,8.7,8.2,26.8,28.2,24.9
543503,6,6.3,5.5,23.8,25,22.1
543601,5.8,4.5,7.2,24.7,23.9,25.7
543602,7.7,7.5,7.9,27.6,29.1,25.5
543603,11.3,5.4,16.8,30.2,26.5,33.7
543604,8.7,6.3,11.2,25.8,26,25.5
543701,16.6,19.7,13.1,27.6,30.1,24.9
543702,6.2,5.7,6.8,24.4,25.5,23.1
543703,13.3,14.2,12.3,27.9,28.3,27.3
543801,9.8,8.2,11.7,25.9,25.9,25.9
543802,11.8,13.1,10.3,25.2,25.1,25.4
543903,11.7,11.7,11.6,27.9,26.5,29.2
543905,15.6,20.1,10.7,32.1,34.8,29.1
544001,18.5,14.9,21.7,32.1,28,35.8
544002,10.6,12.5,8.6,28.9,29.2,28.5
550000,24.5,25.5,23.5,37.1,35.4,39.1
550100,15.5,11.9,21.1,33.3,31.6,35.8
550201,14.7,15.9,13.1,30,29.9,30.1
550202,15,11,20.5,32.3,30.8,34.2
550300,10.9,10.5,11.5,31.4,30.7,32.2
550400,15.8,19.7,12,38.3,41.6,35
550500,11.3,10,13,30.1,27.8,33
550601,10.8,11.7,9.9,29.2,27.8,30.8
550602,7.6,6.2,9.3,25.8,24.9,26.8
550700,10.6,13,8.2,32,33.2,30.7
550800,12.8,12.1,13.5,30.2,31,29.4
550901,12.3,13.9,10.6,31.7,31.7,31.7
550902,10.5,9.2,11.8,29.9,27,33.1
551000,7.8,9,5.8,30.4,31.6,28.6
551101,14.5,15.5,13.2,29.7,31.2,27.8
551102,16.9,13.7,20.5,32.1,29.9,34.5
551201,13.4,8.3,18.8,30.8,27.2,34.6
551202,8.4,7.5,9.4,28.7,31.4,25.8
551300,6.8,7.3,6.3,28.4,29.3,27.4
551401,16.8,14.7,19.4,30.4,31.3,29.3
551402,12.4,11.2,13.8,30.7,30.3,31.1
551501,9.6,9,10.1,28.8,28.4,29.2
551502,5.4,6.3,4.5,27,26.3,27.7
551600,-,-,-,-,-,-
551700,16.7,20.6,12.2,30.9,34,27.4
551800,9.9,7.7,13.1,31.7,34,28.5
551900,10.4,9,11.9,30.7,32.2,28.9
552001,7.8,7.9,7.6,31.3,32.6,29.5
552002,8.8,9.8,7.4,27.6,28.1,26.9
552100,13.6,15.9,10.7,31.8,35.5,27
552200,12.2,13.9,10,28.7,30.5,26.5
552301,10,7.6,13.1,32.1,29.9,35
552302,14.1,14.6,13.4,35.4,39,30.4
552400,16.5,14.9,19.4,31,30,33
552601,8,12.5,1.2,27.3,28.1,26.1
552602,12.3,17.5,6.1,28.9,31.3,26
552700,12.5,13.3,11.6,31.2,32.2,30.1
552800,12.9,13.2,12.5,31.6,30.8,32.6
552900,10.5,14.5,6.5,27.2,29.7,24.6
553000,10.4,11.8,8,27.9,29.1,25.9
553100,14.3,9.4,19.8,30,28,32.2
553200,14.3,12.4,16.4,30.9,31.2,30.6
553300,12.7,4.1,21,29.3,24.7,33.9
553400,11.7,12,11.4,33.5,34,33
553502,6.6,7.4,5.4,26.4,25.9,27.1
553503,18.8,21.7,16,34.6,41.2,28
553504,8.4,8,9,28.1,29.8,26
553601,7.9,5.5,10.6,28.3,29.8,26.5
553602,18.1,12.2,23.4,33.1,31.9,34.2
553701,12.4,15.4,7,30.5,32.2,27.3
553702,8,8.1,7.9,25.2,24.4,26.1
553801,14.5,15.6,13.1,29.7,31.1,28.1
553802,9.4,12.5,5.1,27.2,29.1,24.6
553901,16.3,6.7,25.7,30.9,27.3,34.4
553902,8.9,6.1,13.4,25.8,25.6,26.3
554001,7.2,3.3,12,26.9,28.1,25.4
554002,14.3,14.9,13.6,30.1,31,29.1
554101,9.5,8.1,11.7,25.1,25.1,25.2
554103,8.3,9.4,6.4,29.1,30.4,26.6
554104,16.2,18.9,12.3,32.5,33.8,30.6
554105,17.1,20.2,12.7,36.2,40.3,30.3
554201,14,16.3,10.8,30,30.4,29.6
554203,4.3,3,5.9,26.1,27.1,24.8
554204,13.6,14.6,12,30.5,29.8,31.8
554301,15.5,11.9,21,30.1,28.6,32.3
554302,5,2.3,7,26.7,25.6,27.7
554403,10.3,9.2,11.5,28.4,30.5,26
554404,17.5,22.8,12.3,31.5,34.2,28.9
554405,14.6,24.6,5.2,33.4,37.3,29.8
554406,15.8,15.8,15.9,32.5,32.9,31.8
554511,16.6,16.3,16.9,37.2,36.8,37.5
554512,15.1,18.3,11.8,31.7,33.7,29.7
554513,9.8,5,15.9,32.3,28.1,37.4
554514,16.9,19.1,14.8,33,34.1,32
554515,14.3,14.6,14.1,33.2,34.5,32
554516,16.1,27.1,3.8,33.8,40.8,26.1
554517,19.8,16.8,24.1,36.8,36.9,36.6
554518,15.8,13.9,18,35.6,36.5,34.6
554519,18.4,20.7,15.4,34.4,34.6,34.2
554521,11.4,9.8,13.3,31.7,30.2,33.5
554522,8.7,12.7,4.3,30.4,31.2,29.5
554600,15.2,18.4,10.9,30.9,32.9,28.1
554700,6.2,7.9,4.2,24,26.3,21.2
554801,5.1,6.5,3,25.6,27.7,22.4
554802,11,10.4,11.8,28.7,30.8,25.9
554900,10.5,11.6,9.3,25.5,25.6,25.3
555001,6.9,5.2,8.6,26.5,27.4,25.5
555002,13.6,13.5,13.6,31.8,31.8,31.9
555102,10.1,8.3,12.2,26.9,28,25.6
555103,8.2,3.4,13.5,30.5,29.6,31.4
555104,14.6,15,14.3,27.6,28.6,26.7
555202,7.4,8.4,6.3,26.4,29.6,23
555211,14,15.3,11.8,27.6,29,25.2
555212,6.9,8.1,5.9,25.4,26.1,24.8
570001,9.2,11.2,7.1,25.9,27.7,24.1
570002,8.1,11.6,4.4,26.6,29.4,23.5
570003,7.4,7.2,7.8,25.9,27.2,24
570100,14.3,14.6,14.1,30.8,32.7,29
570202,8.2,10.6,5.2,27.2,29.3,24.5
570203,10.2,10,10.3,27.4,26.2,29.1
570204,14.7,17.6,11,31.1,32.3,29.5
570301,15.2,16.6,13.1,33.5,36.2,29.6
570303,10.2,6.2,16.3,29.6,27.8,32.3
570304,13.1,15.2,10.1,32.1,32.4,31.8
570402,13.3,13.9,12.6,30.6,29.8,31.4
570403,14.6,15,13.7,29.8,30.9,28
570404,8.2,8.6,7.6,27.5,28.3,26.5
570501,12.1,5.8,20.3,30.7,28,34.3
570502,9.8,10.7,8.5,29.6,30.5,28.1
570601,10.1,13.2,6.4,27.9,29.2,26.4
570602,8.8,9.7,7.6,28.9,29.7,27.9
570603,9.3,8.9,9.7,30.1,29.9,30.3
570701,12.2,7.2,17.1,30.9,30.4,31.4
570702,8.9,5.4,12.4,27.3,26.1,28.5
570800,15.6,13.3,17.7,31.3,31,31.5
570901,9.2,12.9,4.6,29.6,32.2,26.3
570902,15,12.6,17.1,28.3,28.2,28.3
571000,14.6,16.5,12.9,32.4,35.3,29.5
571101,9.3,12.4,6.1,29,31.6,26.3
571102,15.7,19.8,11.4,31.8,33.4,30.1
571200,6.6,6.5,6.6,27.8,29.4,26.1
571300,8.8,10.2,7.6,29.9,28.3,31.5
571400,12,14.9,8.4,30.4,33,27.1
571502,9,9.3,8.7,29.1,28.6,29.7
571503,6.6,7.9,5.1,28.5,29.8,27.1
571504,10.1,7.1,13,29.6,27.3,31.8
571600,17.8,22.3,15.3,36,39,34.5
571701,5.8,5.2,6.6,27.5,27.4,27.7
571703,12.1,6.3,19,26.7,26.4,27.1
571704,6.2,7.9,3.7,27,29,23.7
571800,16.3,15.4,17.3,30.3,29.8,30.8
571900,18.6,22.5,13.3,37.1,39.7,33.7
572001,12.8,20.8,6.3,29.2,34.1,25.2
572002,10.6,11.9,9.4,29.1,29.7,28.4
572100,6.7,5.8,8,29.9,31.2,28.2
572201,5.5,4.3,6.4,22.8,24.6,21.4
572202,6,5,6.9,24.3,24.9,23.8
572301,8.2,4.1,13.8,26.9,24.5,30.2
572302,9.4,12.1,6.4,27,30.6,23.1
572400,7.8,9,5.8,25.9,26,25.7
572500,13.4,8.8,16,31.9,32.3,31.6
572600,10.8,12.6,8.5,27.7,27.9,27.4
572700,9.4,9.5,9.3,27.3,27.5,27.2
572800,16.5,10.5,22.4,32,34.3,29.7
572900,8,7,9.2,25.9,27,24.5
573002,15.8,17,13.9,32.9,34.5,30.3
573003,10.5,13.9,6.2,29.2,30.4,27.7
573004,14,14.2,14,28.9,29.4,28.5
573100,15,21.5,5.4,35,42.7,23.7
573201,10.1,8,12.9,26.8,27.2,26.4
573202,5.7,5.4,6.1,27.1,25.9,29.1
573300,8.1,7.9,8.3,25,26.5,23.7
573401,12,16.6,7.6,30.8,34.1,27.7
573402,14.7,22.1,7.5,28.3,30.1,26.6
573403,18,15.8,21.5,38.6,34,46.2
573601,8,9.1,6.5,27,30.3,22.7
573700,14.1,19.2,8.1,30.8,34,27
573800,10.8,7.4,14.1,31.1,31.9,30.3
573902,10.9,10.6,11.2,31.7,30.3,33
574000,13.1,14.7,11.5,29.8,34.6,24.6
574100,11.6,13.7,9.3,28.6,30.1,27
574201,12.7,13.2,11.9,32.3,31.5,33.4
574202,7.1,8.9,5.3,24,27.8,20.1
574300,11.8,12.9,10.7,27.6,26.6,28.5
574400,14.1,15.3,12.9,30.1,31,29.3
574500,14.5,20.1,7.8,30.4,34.5,25.6
574601,0,0,0,14.5,17,12.8
574602,7.4,6.3,8.7,25,24.2,25.9
574700,-,-,-,-,-,-
574800,15.3,15,15.7,30.1,30.7,29.5
574901,17.9,18.8,16.9,30.6,30.4,30.9
574902,13.9,13,14.7,32.5,33,31.9
575001,13.8,17.2,9.5,30.7,31.4,29.9
575002,11.7,9.9,13.4,28.9,28.9,28.9
575101,12.7,13.9,11.6,30.6,30.6,30.7
575102,6.2,8.8,3,24.2,27.4,20.4
575103,10.3,17.4,1.9,27.9,31,24.3
575201,12.7,14.3,11.2,29.4,29.8,29
575202,14.2,20.9,6,29.9,33.1,26
575300,14.9,16.2,13.4,32.7,35.5,29.4
575401,16.4,11,24.3,33.6,30.7,37.7
575402,14.4,13.8,15.3,31.2,31.1,31.2
575500,0,0,0,N,N,N
575801,15.8,13.2,18.9,30.9,31.4,30.3
575802,19.7,23,15.5,32,34.4,28.8
575803,13.1,13.1,13.3,30.8,30.5,31.5
575901,16.3,8.9,23.1,33.1,32,34.1
575902,16.5,13.7,19.7,30.7,29.1,32.5
576001,14.5,11.9,18.4,35.9,35.3,36.8
576200,25.3,29,20.5,37,38.7,34.8
576301,13.1,9.9,18.8,29.8,27.7,33.5
576302,12.8,11.7,14.2,29,31.6,25.8
576401,15.5,21.8,3.3,33.5,37.7,25.5
576402,13.1,11.2,16.1,31.4,31.1,31.8
576403,9.4,6.3,12.6,28,27.6,28.3
576501,17.5,18,17.1,34.3,35.9,32.8
576502,19.5,18.5,20.8,35.5,34.7,36.6
576503,15.5,19.3,10.3,33.6,37,29
576601,31.7,32.5,30.8,42.1,44.6,39.1
576602,17.3,16.2,18.6,35,36.3,33.3
576700,17.3,16.6,17.7,30.9,31.9,30.2
576801,17.3,15,19.7,30.8,30.7,30.9
576802,19.6,21.6,17.3,33.8,35.1,32.3
576901,9.3,12.2,5.9,26.2,28.1,24.1
576903,9,10.2,7,27.6,28.4,26.2
576904,10.2,13.1,7.3,28.7,29.4,28.1
577000,21.8,20.6,22.8,30.9,32.9,29.4
577100,17.4,20.7,13.9,32.5,34.7,30.3
577200,14.2,10.3,19,31.9,29.8,34.5
577300,12.6,14.5,10.5,31.7,32.6,30.6
577400,15.7,15.6,15.9,31.4,30.9,31.9
577501,13,11.4,14.9,31.8,32.3,31.1
577504,10.7,10.1,11.4,31.4,33.1,29.5
577602,8.8,8.2,9.4,29.1,31.6,26.2
577603,19.2,21.1,16.7,35.3,37.5,32.3
577604,15.5,14.4,16.3,32.4,36.5,29.2
599000,0,0,0,7.8,7.9,7.8
599100,0,0,0,10.7,13.1,4.6
600100,24.7,21.2,29.7,41.3,39.4,44
600201,18.4,21.5,14.3,42.3,51.8,29.8
600202,20.2,21.2,19.1,37,37.4,36.6
600302,4.4,3.5,5.3,28.9,26,32.2
600303,9.3,7.8,10.4,30.3,26.8,32.9
600304,20.1,21.8,18.5,37.1,41.7,32.5
600400,15.2,8.3,19.7,33.5,30.3,35.5
600501,23,25.4,21.1,34.1,37.3,31.5
600502,6.9,8.5,5.5,28.2,28,28.3
600601,8.2,4,12,30.6,26.9,33.9
600602,20,20.6,19,35.9,36,35.7
600702,14.9,18,11.5,34.5,33.8,35.2
600703,6.9,9.5,5.5,32,31.9,32.1
600704,14.1,17.1,11.4,31.6,31.8,31.3
600801,19.2,23.2,16.8,40.5,44.2,38.3
600802,3.8,4.2,3.5,28.3,29.7,27.2
600902,11.5,8.7,13.9,31,27.3,34.1
600911,9.5,5.1,14.5,31.7,28.3,35.7
600912,11.7,14,8.8,33.7,34.6,32.5
601001,14.7,18.5,11.8,29.6,28.3,30.7
601002,15.2,6.6,23.4,30.4,24.9,35.7
601100,13,9.4,17.1,27.9,27.5,28.3
601202,7.9,6.8,9.2,24.2,24.3,24.1
601211,14,14.3,13.7,31.3,33.9,28.6
601212,11,12.4,8.9,27.6,28.1,26.8
601301,14.5,8.4,19.3,33.2,28.4,36.8
601302,13.3,9.8,15.8,29.9,26.4,32.4
601303,12.6,9.7,15,33.1,30.5,35.2
601401,14.8,19.4,9.9,31.2,34.7,27.5
601402,11.6,10.4,13,27.6,26.9,28.4
601501,7.2,3.8,11.3,26.1,20.5,32.9
601502,3.3,3.6,2.9,23,23.9,21.6
601600,11.1,10.9,11.4,26.3,26.8,25.6
601700,4.4,3.5,5.9,24.7,23.1,27.2
601801,6.2,6.4,5.8,23.9,24.5,23.1
601802,11.7,13.7,9.1,29.1,32.9,24.2
601900,13.9,21.6,6,30,36.5,23.3
602002,12.2,12.1,12.3,28.9,27.7,30.3
602003,10.3,12.3,7.1,29,31.3,25.6
602004,10.8,9.7,12.7,26.5,28.2,23.9
602103,4.9,3.8,6.3,27.3,30.5,23.1
602104,12.2,17.6,6.8,27.8,28.9,26.6
602105,7.7,6,10.6,26.7,26.5,27
602106,15.9,15.9,16,34.9,36.4,32.8
602200,7.5,5.3,10.5,24.2,23.3,25.4
602301,14.5,11.4,18.3,28.4,27,30.1
602302,7.9,5.4,11.2,24.8,21.3,29.5
602402,9.2,5.7,13,27.9,25.7,30.2
602403,10.2,8.4,12.3,29,26.8,31.6
602404,14.3,10.1,19.3,27.2,23.5,31.6
602504,16.7,17.7,15.6,34.3,34.9,33.6
602505,8.3,8,8.6,30.3,30.6,29.9
602506,10.8,9.2,12.2,29.4,27.9,30.7
602507,18.7,15.3,21.9,33.4,32.9,33.9
602508,12.1,10.5,13.8,29.3,27.4,31.3
602509,10.6,7.7,13.5,25.9,25.6,26.2
602600,12,11.5,12.4,29.9,29.9,29.9
602700,13.6,9.4,15.9,29.9,30,29.8
602801,9.3,3.5,14.3,27,24.1,29.4
602802,8.6,9.9,7.4,29.7,28.1,31.4
602900,10.7,8.7,13.5,26,24.4,28.3
603001,10.4,9,11.7,30.1,33,27.4
603004,7.3,5.9,9.3,22,19.9,25
603005,12.8,12.5,13.2,31.1,32.3,29.5
603006,8.6,8.1,9.2,28.5,31.4,25
603101,6,7,5,24.9,25.5,24.2
603102,11.4,13.6,9.2,28.8,29.4,28.2
603200,5.2,6.4,3.6,24.6,25.9,22.8
603301,7.6,7.8,7.4,26.2,24.8,27.8
603302,5.7,5.3,6,23.6,23.7,23.6
603400,13.9,16,11,30,32.6,26.5
603500,10.3,10.4,10.2,28.2,31.6,24.7
603600,7.4,11.3,2.2,29.8,31.6,27.5
603702,15.4,15.7,15.1,30,28.3,31.6
603703,10.2,9.5,11.1,24,24,23.9
603704,8.7,8.5,8.9,24.9,22.6,27.3
603801,6.7,6.3,7.1,24.7,24.9,24.4
603802,11.4,13,8.7,26.3,26.1,26.5
603900,9.4,6.9,12.2,25.4,25.6,25.1
604001,3.3,4.1,1.8,19.6,20.6,17.8
604002,11.6,10.3,13.2,29.2,30.4,27.6
604100,8.8,11.6,4.2,30.4,33.1,25.9
609900,4,3.3,4.9,25.7,25,26.6
620001,6.6,8.2,5,22.4,22.3,22.5
620002,3.3,0.8,6.4,20.7,19.8,21.8
620101,6.1,6.8,5.3,25.5,24.6,26.4
620102,13.3,13.8,12.8,31.5,34.2,28.7
620201,17.7,22,12.9,34.6,35.2,34
620301,16.6,17.2,15.8,33.8,35.1,32.1
620303,15.6,13.9,17.9,33.1,31,35.8
620305,8.9,13.1,2.1,29.5,31.1,27
620400,14.9,11.8,17.9,27.8,25.3,30.2
620501,15.4,16.6,13.8,28.6,29.9,26.9
620521,14.1,14.8,13.4,29.3,28.8,29.9
620522,14.7,13.2,16.7,32.3,31.8,32.9
620601,15,13.5,16.9,29.3,27.9,31.3
620602,11.1,15.5,5.7,25.9,27.2,24.3
620701,16.8,10.4,23.3,30.7,29.1,32.3
620702,8.6,10,6.6,27.5,27.7,27.3
620800,12.2,8.7,16.6,30.9,27.8,34.8
620901,9.9,14.1,3.2,28.5,31.4,24.1
620904,10.2,13.1,7.6,27.3,27.9,26.7
621001,15.4,17.3,13.1,30.8,30.4,31.4
621002,10.7,6.2,16.8,29.2,26.4,33.1
621004,14.9,16,13.6,30.7,32.9,28.3
621102,24,27,21.1,37.6,41,34.2
621104,16.5,19,14.2,34.7,36.6,33
621201,10.2,7.7,13.4,28.8,27.8,30
621204,20.5,15.6,27.3,30.5,28.3,33.6
621301,14.4,13.1,15.9,33,33.7,32.3
621324,18.7,15.7,22.2,35.8,32.9,39.3
621326,11.7,5.9,18.6,27.9,27.2,28.7
621400,17.1,19.2,15,30,32.9,27.1
650001,14.4,19,8.9,30.5,32.2,28.5
650003,6.8,7,6.6,23.7,26,21.6
650004,14.1,17.2,10.5,29.9,31.6,28.1
650101,10.6,9.2,12.4,26.9,25,29.5
650102,9.8,10.7,8.8,27,26.3,27.8
650200,6.4,5.7,7.2,23.2,23.4,23
650300,8.1,8.5,7.6,26.7,26.3,27.2
650401,4.4,3.7,5.3,24.9,25,24.8
650501,7.5,4.7,10.8,24.2,25.9,22.3
650502,13.9,14.9,12.8,28.6,31.9,25.1
650602,8.3,12.4,2.1,27.3,30.2,22.9
650603,10.7,5.8,16.6,29.3,28.6,30.3
650604,10.8,4.3,19.1,29.5,24.8,35.5
650605,11.9,14.7,6.4,29.4,31.6,24.9
650701,15,21.4,8.6,31.2,37.3,25
650702,6.6,9.7,3.2,26,31.6,19.6
650800,10.5,8.6,13.1,28.8,26.6,31.8
650901,12.8,10.7,15.2,29.7,32.6,26.5
650902,10.1,12.2,8.1,26,28.9,23.3
651001,9.8,9,10.8,28.9,31.6,25.7
651002,12.1,11.8,12.5,29.4,30.7,27.7
651101,9.7,9.7,9.8,27.9,30,25.1
651102,9.9,8.3,12,28.8,29.9,27.2
651201,16.8,15.7,18.1,32.7,33.8,31.6
651221,7.7,7.4,8.1,27.5,29,25.3
651222,13.9,10.7,18.2,31.6,28.8,35.4
651302,16.9,19.9,13.6,29.5,31.8,27
651304,15.4,17.8,12.1,31,31.9,29.7
651401,11.7,13.3,9.7,26.7,28.7,24.4
651402,15.1,18,10.7,31.9,33.7,29.4
670001,9.3,16.3,1.3,23.9,27.4,19.9
670002,7.7,8.2,7.1,26,26.6,25.2
670003,4.9,6.3,3,22.1,22.5,21.5
670100,14.4,13.3,15.6,29.9,29.2,30.6
670201,10.8,11,10.3,30.8,30.2,31.8
670202,10.2,9.3,11.3,30.1,31.1,28.7
670324,18.4,15.5,22.5,30.5,31,29.7
670326,22.1,18.7,29.6,36.4,37.4,34.2
670328,25.9,24.7,27.6,36.8,38.2,34.7
670403,15.2,15.4,14.8,34.4,36.9,31.4
670405,20.1,15.1,26.4,34.5,33.6,35.6
670406,21.2,18.3,25.4,37,36.7,37.4
670407,16.5,20.8,10.6,38.7,41,35.5
670411,14.2,14.9,13.1,31,33.2,28.1
670413,17.9,21.3,13.3,36.6,37.4,35.6
670416,15.2,16.1,14,40.1,40.9,39
670500,30.3,29.4,32,38.2,37.7,39
670602,12.9,10.6,15.2,30.8,31.5,30.2
670701,14.7,17,12.4,29.2,30.8,27.7
670702,15,14.3,16,33.7,34.6,32.6
700101,11.9,14.9,8,30.3,28.4,32.8
700102,11.8,11,13,27.7,26.6,29.2
700200,7.5,5,11.4,27.9,25.5,31.5
700300,7.5,9.7,2.4,25.6,25.8,25.3
700400,5.9,6.2,5.4,26.6,25.7,28.1
700501,6.6,9.2,2.9,27.4,29.9,23.8
700502,6.5,6.7,6.1,27.3,30,22.3
700600,1.1,1.6,0,23.5,24.9,20.8
700700,3.4,1.8,6.2,23.2,21.4,26.3
700801,0.4,0.7,0,23.6,25.7,20.6
700802,2.9,1.9,3.9,24.2,22.4,25.8
700901,9.7,4.7,13.8,23.8,20.9,26.2
700902,3.8,5,2.5,23.9,24.7,23
701000,7.8,3.9,12.2,25,25,25.1
701100,51.6,54,48.8,46.7,55.1,37
701201,3.9,3.7,4.5,26.9,26.9,26.9
701202,3.1,2.2,4,25.3,25.5,25.1
701302,2.4,3.7,1.5,24.4,26.5,23
701304,4,4,4,25.6,25.1,26
701402,7,5.2,9.6,27.5,25.2,30.9
701501,18.5,13.5,24.6,33.4,31.2,36.1
701502,10.6,8.3,13,31.1,26.4,36
701601,4,4.7,3.1,22.8,21.6,24.3
701602,6.9,7.6,5.9,25.7,26.2,24.9
701701,2.8,3.5,2,23.3,23.6,23
701702,7.3,12.7,3.2,27.5,28.2,26.9
701801,2.4,2.7,2,20,19.6,20.5
701802,5.4,6.1,4.4,24.4,25,23.4
701902,9.4,13.5,4.7,26.1,28.6,23.1
702002,6.9,5.4,9,27.9,25.6,31.1
702102,9.2,6.4,12,29.3,27.1,31.3
702201,10.5,8,13.1,30.8,31.9,29.6
702202,4.6,6.1,2.6,26.5,27,25.8
702300,4.3,2,6.9,20.9,19.6,22.2
702400,5.5,2.5,9,26.2,24.1,28.7
702501,4.1,1.8,6.7,22.9,22.4,23.4
702502,4.6,4.7,4.5,27.2,29.8,25
702600,3.8,4.1,3.5,24.2,24.8,23.7
702700,6.7,6.7,6.7,28.9,30.4,27
702801,2.8,3.5,2.1,25.4,26.3,24.6
702802,8.8,8.4,9.5,25.7,26.5,24.3
702803,8.2,5.4,11.9,28.1,25.6,31.3
702901,8.6,6.8,11.5,30.5,29.8,31.8
703001,4,4.5,3.5,27.1,27.2,27
703002,10.9,9.8,11.8,32.3,29.2,35
703100,6.3,5.5,7.1,31,29.7,32.4
703200,4.4,2.7,5.6,29.6,27.6,30.8
800101,20.2,24.5,14.8,33.5,36.6,29.6
800102,20.9,21.2,20.5,42.8,43.9,41.6
800202,16.9,19.1,13.4,31.5,32.4,29.9
800203,18.1,18.6,17.6,30.8,32.9,28.4
800204,32.2,26.6,40.2,37.9,35.4,41.5
800324,11.5,15.5,6.9,30.3,33.7,26.5
800325,17.5,15.4,19.6,29.4,30.3,28.6
800326,12.6,17.2,5,28.7,32.1,23.2
800327,9.1,9.2,9,28.5,31.5,25.3
800328,19.9,17.2,22.6,33.4,33.9,33
800329,18.4,18,18.9,32.5,32,33
800330,26.4,19,37.1,37.7,33.3,44
800331,11.9,20,3.7,22.2,26.4,18.1
800332,18.2,21.6,14.7,30.4,32.3,28.4
800406,25,26.9,21.3,36.9,39.3,32
800408,22.4,30.1,12.4,35.3,39.1,30.6
800410,11.5,15.5,7.5,21.2,23.8,18.6
800504,14.1,19.8,9.1,32.1,32.5,31.7
800506,12.7,16,7.2,35.2,38.1,30.5
900102,41,47.9,29.6,45.5,48.9,39.7
900103,27,36.3,16.1,45.7,51.6,38.8
900104,32.1,41.6,15.3,49.1,57.2,34.6
900201,15.8,22.5,8.3,36.4,42.3,29.8
900300,25.9,29.2,19.5,33.3,36.1,27.8
900501,24.2,24.7,23.7,35.3,35.5,35.2
900504,27.1,32.4,19.1,36,39.7,30.5
900505,25.4,39.6,7.4,33.6,41.9,23.1
900506,23.6,27.8,16.4,33.4,35.8,29.3
900507,26.3,40.7,9.7,34.2,42.2,25.1
900508,17.5,20.3,13.5,31.8,33.3,29.8
900602,18.2,23.9,9.2,28,30.7,23.7
900605,25.1,22.5,28,30.6,31,30.1
900606,21.6,38.5,8.8,32.6,44.1,23.8
900607,18,18.9,17.3,25.1,25.4,24.9
900608,19.1,21.6,16.2,28.3,29.7,26.7
900609,23.5,29,17.5,31.9,36.7,26.7
900701,18.6,25.7,11.6,28.5,34.4,22.8
900703,22.1,24.4,19,32,36.1,26.3
900704,17.2,21.4,13,30.9,37.6,24.2
900705,16.4,22.1,9,25.3,28.6,21.1
900803,24.4,22,27.9,34.1,33.1,35.6
900804,17.2,20.4,14.7,29.3,32.6,26.8
900805,26,33.9,14.4,31.7,37.5,23.2
900806,13.5,18,8.6,26.5,31.4,21.2
900900,20.2,30.6,7.2,38.9,46.7,29.2
901003,-,-,-,-,-,-
901004,18.7,20.5,16.6,33.9,36.1,31.1
901007,17.9,20.7,15.1,29.6,34.9,24.4
901008,15.7,23.6,7.2,29,33.2,24.5
901009,21.1,23.7,17.9,28.8,33.1,23.4
901010,21.4,24.2,18,32.9,38.1,26.4
901011,14.8,17.3,11.6,27.1,32,20.8
901101,20.4,27.9,10.3,33.3,39.5,25
901102,18.8,25.5,7.7,29.7,35.3,20.4
901205,23.5,27.4,17.9,36.9,41.6,30
901209,18.9,15.2,25.3,41.1,39.1,44.8
901210,22.7,36.8,7.5,39.4,47.2,30.9
901213,21.4,31.7,8.1,39.4,48.7,27.4
910001,29.7,31.8,26,44.5,48.2,37.8
910002,37.3,43.7,28,46.4,51.9,38.3
910101,37,41.6,28.5,43.7,43.5,44.3
910201,41.9,45.8,36.4,47.7,52.1,41.6
910202,23.5,29.9,15.8,32.3,38.8,24.5
910205,33.5,47.6,7.7,36.6,47.2,17.3
910206,31.5,33,29.9,42,43.5,40.4
910207,30.5,37.8,20,37.7,41,33
910208,37,46.9,25,42.4,48.9,34.4
910209,23.8,27.2,19.4,34.5,41.4,25.4
910210,23.6,27.9,17.5,36.8,38.8,33.7
910301,13.8,14.9,12.3,25,26.9,22.4
910302,22.8,34.7,9.8,30.9,39.3,21.6
910401,36.7,39.7,29.6,46.1,50.1,36.6
910402,34,43,21.3,46.7,55.8,34
910403,26.3,23.5,30.7,31.2,29,34.5
910404,46.7,59.1,32.2,45.8,56.4,33.5
910501,29.2,36.5,17.8,37.8,39.6,35.1
910502,34.9,38.9,30,44.4,45.4,43.1
910504,33.8,36.7,30,43.2,47,38.2
910505,38.9,55.2,15.3,44.3,56.7,26.3
910601,37.3,44.7,24.6,45.9,50.7,37.6
910602,36.5,36.7,36.3,39.3,40.6,38.2
910603,37.4,43.8,28.4,46.3,50.3,40.5
910605,32.8,40.5,22.9,48.4,56.7,37.6
910606,41.9,46.7,34.4,43.1,44.3,41.4
910705,42.4,40.6,45.4,45.3,45.2,45.3
910706,37.6,45.1,26.7,46.4,52.6,37.4
910707,36.2,45.8,26.7,42.2,48.2,36.1
910709,39.8,48.5,27.5,46.2,52.7,37.2
910711,33.2,41.8,21,42,48.2,33.3
910712,41.8,44.7,38.1,50.7,49.1,52.8
910713,43.4,59.9,18.5,49.5,59.4,34.5
910714,45.9,48.8,42.1,50.2,53.4,46.1
910715,30.1,32.5,27.2,40.6,43.1,37.6
910716,47.5,57.3,34.6,50.7,58.5,40.5
910804,38.8,37.9,40.1,50.4,55.3,43
910805,37.1,37.8,36.3,45.6,46,45.2
910807,23.3,30.4,14.2,41.3,44.6,37
910808,25.5,22.2,29.2,45,42.4,48.1
910809,23.1,20.6,26.6,37.8,36.5,39.5
910810,29.4,33.5,22.3,40.5,41.8,38.1
910811,81.3,73.3,84.8,65.4,44.3,75
910812,38.8,47.4,33.8,55.4,54.1,56.2
910813,24.6,34.7,12.8,44.6,49.4,38.8
911001,39.6,38.1,41.5,43.4,42.9,44
920011,34.4,44.6,0,50.5,54,38.6
920012,26.7,32.9,18.5,41.3,44.5,37
920013,21.7,26.5,15.8,37.4,41,33.1
920015,31.7,34.1,28.5,39.9,42.9,35.7
920016,15.5,21.2,9.4,33.3,39.9,26.2
920017,14.7,17.1,12.3,29.9,31.9,27.7
920018,21,34.3,8.7,32.2,39.9,25.1
920020,20.5,25.4,15.1,35.1,41.2,28.4
920023,15.6,15.7,15.6,33,33.7,32.2
920026,18.3,15.3,22,29.5,31.8,26.6
920028,26.6,31.9,20.4,40.4,44.4,35.7
920029,19.7,25.2,13.5,34.2,37.8,30.1
920030,16.4,12.7,20,31.1,31.5,30.7
920031,27.8,32.4,21.8,40.2,40.9,39.3
920032,28.1,30.4,25.2,43,45.7,39.5
920033,6.7,5,9.5,29.7,32.2,25.6
920034,17.7,23.3,10.9,33.7,35.5,31.5
920035,20.2,22.5,16.8,37.8,39.2,35.7
920036,15.7,20.3,8.3,35.9,38.1,32.4
920037,10.7,8.1,14.1,29.6,29.4,29.8
920038,14.4,17,10.5,34.1,35.2,32.5
920039,14.7,18.7,9.9,34.9,37.7,31.4
920040,22.2,30.2,13.3,40.2,45.5,34.4
920041,15,13.3,16.9,33.6,32.8,34.6
920042,25,30,18.9,39.3,40.6,37.7
920043,21.1,22.5,19.3,41.1,41.7,40.4
920044,26.5,28,24.5,40.7,47.2,31.9
920045,15,19.4,10.6,31.5,34.8,28.2
920102,19,24.2,11.1,32.6,34,30.3
920104,16,17.8,14.1,30.8,33.5,28
920106,21.1,21.1,21.1,33.4,34,32.5
920107,25.9,24.1,28,38.5,38.6,38.3
920108,18.2,23.3,11.5,33.9,38.3,28.2
920109,24.9,29.2,20,38.5,40.6,36
920110,23.4,23.4,23.3,34.5,34.6,34.4
920111,25.3,29.6,20.4,46.1,51.8,39.7
920112,22.5,27.2,17.1,37,39.7,33.9
920114,18.8,29.5,7.9,32.4,37.3,27.5
920115,24.7,26.3,22.7,38.4,42.2,33.5
920116,14.2,20,7.9,28.7,33.2,23.9
920118,18,12.6,23.3,31.7,31,32.3
920119,29.3,36.7,18.9,39.5,45.3,31.3
920200,-,-,-,-,-,-
920303,14.9,14.5,15.4,32.8,31.9,33.9
920312,12.3,14.5,9.4,28.7,29,28.3
920313,15.9,16.6,15.1,30.6,32.2,28.6
920314,16.9,21.5,12.1,29.8,33.1,26.4
920322,17.7,22.7,11.4,30.9,34.5,26.2
920326,21.3,24.6,16.6,36.1,38.1,33.3
920328,25.4,26.2,24.3,37.2,39.1,34.6
920329,18.1,26,7.5,30.2,36,22.6
920330,22.4,24.5,20.3,34.3,40,29
920331,15.2,16.8,13.3,30.6,34.5,26
920332,9.3,7.8,11,27.7,27.6,27.7
920334,13.3,16.3,10.1,29.6,33.9,24.9
920336,9.5,9.3,10.1,22.5,22.6,22.3
920337,14.4,17.7,10.3,29.6,30.8,28.1
920338,24.6,22.1,27.4,40.8,41,40.6
920339,24.6,27.6,20.1,33.7,37.4,28.5
930101,21.9,0,43.8,24.1,13.4,34.4
930200,21,28,11,41.8,43.5,39.3
930301,10.7,7.5,15.3,34.4,33,36.4
980001,-,-,-,-,-,-
980002,-,-,-,-,-,-
980003,-,-,-,-,-,-
980004,-,-,-,-,-,-
980005,-,-,-,-,-,-
980006,-,-,-,-,-,-
980007,-,-,-,-,-,-
980008,0,0,0,N,N,N
980009,0,-,0,N,N,N
980010,4,4.5,0,N,N,N
980013,-,-,-,-,-,-
980014,-,-,-,-,-,-
980015,9.4,13.8,0,34.7,40.8,21.8
980018,-,-,-,-,-,-
980019,7.2,0,18.5,29,31.5,25
980020,-,-,-,-,-,-
980021,0,0,-,N,N,N
980022,-,-,-,-,-,-
980023,-,-,-,-,-,-
980024,14.6,14.3,15,29.5,27.1,32.5
980025,-,-,-,-,-,-
980026,0,0,0,N,N,N
980028,-,-,-,-,-,-
980030,-,-,-,-,-,-
980031,0,0,0,N,N,N
980033,-,-,-,-,-,-
990100,-,-,-,-,-,-
990200,-,-,-,-,-,-
990300,-,-,-,-,-,-