Tract,Pct_Dis_0-18,Pct_Dis_19-64,Pct_Dis_65+
101110,3.364485981,6.558533145,45.03424658
101122,8.959537572,8.068902992,33.92857143
101210,3.129161119,16.43802058,50.76252723
101220,0,11.7397454,62.5
101300,8.395522388,8.966244726,44.40559441
101400,2.149178255,9.561304837,38.98573693
102103,0,4.908946952,37.62057878
102104,4.430379747,4.424778761,35.50624133
102105,0,4.654442877,23.2
102107,1.846153846,5.68619068,44.29708223
103101,3.440366972,10.68019093,44.28571429
103102,0,7.916528652,39.80446927
103200,1.553062985,16.67524447,26.0349586
103300,4.244482173,7.47706422,36.05546995
103400,0,8.772326475,40.10938924
104103,0,10.85141903,48.10126582
104105,5.87537092,11.85888738,46.03481625
104108,5.192878338,10.30991102,55.29865125
104124,4.750304507,12.83905967,49.46727549
104201,1.347068146,11.61167513,51.74129353
104203,1.620745543,10.38843722,45.81005587
104204,3.430749682,14.41947566,46.84684685
104310,1.880141011,10.36901494,35.86206897
104320,0.8575197889,13.37153773,40.23668639
104401,3.897254207,6.067034366,55.70934256
104403,0.7117437722,9.331409331,43.00254453
104404,5.416666667,6.752411576,50.90909091
104500,3.586800574,9.820485744,52.16284987
104610,2.074688797,8.268259072,40.83333333
104620,3.767820774,10.16166282,45.36423841
104701,6.966434452,13.58740679,56.01503759
104703,12.61034048,9.704321456,53.20512821
104704,5.209222886,9.547209547,32.84671533
104810,4.655737705,5.980155538,54.71014493
104821,7.731434385,11.70708955,40.60402685
104822,12.17277487,8.372093023,52.7638191
106010,9.375,11.59769009,25.54347826
106020,0,12.0430646,36.83453237
106111,9.407337723,10.29956244,32.79411765
106112,4.063205418,6.552538371,57.20081136
106113,1.467268623,7.685269899,32.60473588
106114,10.0511866,13.41107872,45.78313253
106403,1.422319475,7.55788554,44.08060453
106405,2.494154326,17.32656514,44.92307692
106406,0.6238303182,11.63915766,46.18705036
106407,4.521556257,10.95808383,58.67158672
106408,8.709677419,16.25835189,47.74193548
106510,6.330196749,5.199148677,33.33333333
106520,0.831202046,10.81003171,51.76630435
106603,5.151915456,9.018567639,16.92573402
106604,6.972240155,10.4456328,39.07156673
106641,0,7.101449275,28.2937365
106642,6.704707561,9.504550051,36.46209386
106643,1.890989989,5.868544601,34.35207824
106645,6.161137441,3.273809524,35.43814433
106646,4.769475358,8.410757946,36.28447025
106648,10.00714796,14.13533835,35.32934132
106649,8.358662614,8.979841173,35.06944444
107010,4.900816803,9.53326713,58.92116183
107020,1.882845188,12.45720306,46.6507177
108101,0,5.149617258,21.73913043
108102,3.548795944,3.326509724,33.21637427
108103,1.788908766,6.589147287,17.33821734
108104,0,3.832116788,19.20903955
108201,0,3.431230009,23.67788462
108202,0.7130124777,4.510683197,35.53370787
109100,1.372212693,7.300188798,46.85185185
109200,2.571860817,5.92039801,44.01408451
109300,5.454545455,9.847764034,44.46854664
109400,1.726121979,15.42288557,42.21453287
109500,4.215618521,9.454292666,60.77057793
109601,3.784693019,9.450222883,46.15384615
109603,1.510248112,19.32284542,58.51602024
109604,3.521126761,10.13948498,38.03680982
109700,2.657218778,7.421087979,34.19593346
109800,3.330689929,11.91955043,40.38461538
111100,2.3988006,8.17805383,38.22843823
111201,0.1394700139,8.716026242,33.67875648
111202,3.547169811,6.992084433,42.42788462
111204,4.958677686,6.870860927,28.70304748
111205,0.7976071785,3.956834532,39.55094991
111206,8.517034068,7.430918596,33.88349515
111301,4.88372093,5.719753349,25.48015365
111302,4.052573932,5.851979346,60.25316456
111400,0.5223880597,13.89355742,50.36674817
113101,0,6.297709924,35.5721393
113102,0,7.325819672,38.170347
113211,4.776579353,6.386138614,8.88671875
113212,3.262642741,5.382830626,32.65306122
113213,3.403403403,6.097173706,29.65616046
113231,1.492537313,6.102212052,30.08298755
113232,1.222222222,4.624027658,22.87234043
113233,2.733686067,7.963950708,42.7480916
113234,0,10.86642599,27.21354167
113235,1.131221719,15.80786026,39.5256917
113237,0,10.18062397,32.40506329
113301,2.031602709,6.273909717,43.57798165
113303,12.26533166,12.68931641,45.81939799
113321,0,4.897785349,45.45454545
113322,1.57480315,3.618052965,31.56069364
113401,1.622060016,10.34573766,46.96016771
113421,4.119850187,6.193078324,48.30371567
113422,2.887788779,10.17669425,33.50383632
115101,1.909547739,8.187919463,42.03252033
115103,3.955375254,4.636290967,30
115104,3.741496599,2.636054422,36.51685393
115201,0.942408377,4.177497215,36.8503937
115202,1.028571429,5.569138821,34.72485769
115301,0,7.062359128,27.59358289
115302,2.036199095,8.033033033,46.25668449
115401,3.595890411,8.335364368,51.45454545
115403,4.778156997,6.139266584,40.25
115404,3.459119497,6.914082359,51.3368984
117101,3.600900225,5.27201346,44.86486486
117102,4.651162791,10.90613131,42.93948127
117201,0.8765522279,3.554868624,52.95315682
117202,0,7.388535032,30.59701493
117301,0,4.77443609,43.96135266
117302,1.910828025,5.99378882,33.71169126
117303,14.10891089,6.404782237,31.80147059
117404,6.358381503,15.31038919,42.01680672
117405,2.168473728,7.066836952,26.38888889
117407,4.730617608,8.976034858,54
117408,4.270462633,11.25603865,74.63768116
117510,0,6.218487395,53.22580645
117520,3.773584906,7.837837838,45.3125
117530,5.188246097,7.260963336,44.58762887
119001,3.244274809,9.547546012,31.40186916
119002,5.170316302,8.293556086,49.609375
119201,3.731343284,11.59305994,37.99019608
119202,1.092896175,8.2419526,29.22535211
119310,7.025246981,13.47087379,62.93706294
119320,1.848049281,7.823657249,39.84375
119340,6.366559486,9.014209591,64.49704142
119341,4.125412541,12.93558606,61.25
119342,6.94980695,11.34177215,41.43646409
119400,5.545454545,9.879988836,61.1599297
119700,3.617571059,5.109941158,49.23780488
119800,2.991452991,9.136592051,51.91986644
119900,2.344931921,10.32238066,43.46405229
120010,2.074688797,13.11380705,50
120020,0,11.04089219,43.22580645
120030,4.347826087,19.27480916,39.91596639
120103,5.661948376,15.35802469,9.027777778
120104,10.9375,15.87708067,72.72727273
120105,2.6957638,12.85892634,52.31092437
120106,3.967254408,8.075921102,50.53763441
120107,0.9181331293,7.648601399,53.57142857
120108,3.905674282,11.04972376,36.06557377
120300,6.896551724,8.960086886,56.78466077
120400,4.320987654,9.725062486,53.59605911
121010,4.615384615,12.12956582,37.84246575
121020,2.543507363,7.86163522,27.39726027
121101,4.748982361,9.446891826,42.27272727
121102,0,13.44709898,39.77272727
121210,1.308139535,8.194905869,36.22881356
121221,4.517453799,4.807692308,38.11320755
121222,2.736726875,11.73100121,48.45070423
121600,0,10.40391677,49.88290398
121801,2.242152466,10.82340756,51.46579805
121802,0.2628120894,17.05029838,48.59335038
121900,6.571936057,6.267136702,54.29141717
122000,1.543460601,8.772365805,42.64550265
122120,3.612605688,16.6218035,59.06976744
122121,5.976676385,7.851934941,23.37662338
122122,1.806451613,11.77547285,74.48979592
122200,3.359173127,7.5,43.98734177
122410,1.312089972,8.266033254,24.57337884
122420,4.124579125,5.538669368,36.19909502
123010,1.849217639,12.98855113,50.97402597
123020,3.586956522,7.271906052,44.44444444
123103,1.235839341,6.5625,60.32388664
123104,2.864363943,6.194690265,26.52329749
123203,4.108391608,8.699220353,37.1541502
123204,3.771551724,5.828361634,54.19354839
123205,0.5952380952,6.15206036,50
123206,3.138373752,8.716838116,32.4
123301,2.067946824,6.910432741,15.09769094
123303,3.830645161,9.659931,41.50110375
123304,4.071969697,5.313243458,53.07994758
123410,6.646825397,6.935366739,53.4368071
123420,2.906520031,5.808980756,56.80751174
123510,1.960784314,7.429519071,65
123520,1.227830832,12.66941662,62.73764259
123601,6.609547124,11.71354016,41.99683043
123602,0,9.318681319,35.81780538
123700,3.400503778,5.884463581,41.10032362
123800,2.434625789,8.477046393,47.54098361
123901,3.873239437,6.355475763,46.2006079
123902,0,6.858054226,39.87915408
124000,0,5.32635468,44.30538173
124102,1.418439716,6.536189069,18.95424837
124103,5.283018868,10.96491228,63.82978723
124104,0.8802816901,11.6142781,43.08510638
124105,4.295532646,4.598930481,58.5492228
124201,0,3.797468354,40.98360656
124203,2.493765586,5.830475257,38.40304183
124204,0,6.271777003,47.26027397
124300,3.2,5.753311258,56.23409669
124400,1.730418944,8.274398868,30.35439137
124500,2.469135802,4.623376623,41.19241192
124600,2.797202797,5.65701559,29.95780591
124700,2.154195011,4.165588616,15.08196721
124902,0,7.884719956,55.625
124903,0,7.535563245,15.0617284
125100,1.356589147,3.742481622,61.78977273
125200,0,4.395176974,22.88401254
125310,3.965702036,8.214931542,34.41734417
125320,12.71186441,4.354913833,62.16216216
125401,9.121621622,5.675744464,72.58883249
125402,2.097902098,5.06512301,15.72580645
125501,4.050632911,4.592979836,28.70813397
125502,2.409638554,5.400372439,50
125600,1.709401709,6.813996317,41.89473684
127102,0,3.728125793,56.58914729
127103,6.27027027,7.407407407,35.46666667
127104,6.429391504,6.116464181,49.69325153
127210,3.012048193,7.594264472,49.13294798
127220,0.6673021926,9.022556391,44.96527778
127300,0,5.502020516,41.66666667
127400,4.902962206,5.092802173,36.53846154
127520,0,5.667276051,33.17422434
127603,2.289377289,4.638554217,35.46099291
127604,2.659574468,7.711442786,61.37440758
127605,2.921195652,9.055809056,10.41666667
127606,2.217036173,5.902929602,48
127711,0,2.814423923,42.21453287
127712,0,7.886140924,26.73796791
127803,7.5,12.41483724,59.06735751
127804,0,6.29347466,24.25249169
127805,2.173913043,3.588907015,59.7359736
127806,3.372434018,4.895782841,70.86092715
127910,3.581661891,6.9239835,31.1827957
127920,6.314948042,6.480523957,49.33333333
128101,1.432664756,7.20188902,44.32132964
128102,1.820940819,8.145326692,29.18149466
128210,5.012224939,11.41826923,40
128220,0,7.153008053,30.34682081
128302,4.971932638,10.20472441,60.47297297
128303,0.4909983633,4.216618437,51.79856115
128400,4.457831325,3.15978456,43.45898004
128500,0,7.472384665,34.7985348
128601,0.2722323049,13.87321606,51.81058496
128602,1.025056948,7.183282542,26.3653484
128702,10.21566402,2.964477383,18.29573935
128801,4.545454545,5.523012552,31.52173913
128802,0,3.238741518,39.10690122
128910,0,5.473965287,33.53413655
131010,2.271252433,9.219858156,46.35294118
131020,2.23880597,10.84103063,34.45692884
131100,0,7.402234637,21.55555556
131200,0,8.356290174,32.42105263
131300,0.787965616,7.085680403,35.60371517
131400,0.9226401703,7.130391424,33
131600,3.567787971,8.305647841,31.90789474
131701,1.645692159,10.18758085,43.66197183
131702,3.483606557,14.46193109,48.89779559
131800,2.248005801,4.740630429,41.10169492
131900,3.240740741,7.636489288,21.57894737
132001,5.638297872,6.782253952,37.60504202
132002,3.720405862,6.344135098,31.34796238
132101,0,6.498756219,44.32989691
132102,5.03330866,6.52232747,32.8407225
132300,1.864677677,6.007905138,47.67080745
132501,5.192107996,6.765741103,54.29071804
132502,3.267973856,5.960531615,40.15345269
132700,1.278772379,9.467455621,49.07063197
132900,3.966005666,5.243128964,32.49211356
133000,3.533906399,7.202016565,47.87878788
133100,1.823416507,5.977011494,46.42126789
134001,3.488372093,7.811892732,35.24904215
134002,11.42217245,8.29443447,53.65239295
134101,4.271356784,4.01062417,27.13286713
134103,2.863202545,5.791106515,14.39842209
134104,4.397905759,5.945945946,22.62773723
134201,1.186131387,10.46277666,28.67256637
134302,1.783264746,4.236955669,31.76733781
134303,4.022082019,7.937310415,26.20192308
134304,1.003344482,5.005820722,49.64871194
134305,3.040774015,5.518169583,58.26086957
134306,2.150537634,4.819749216,41.75824176
134421,0,6.029477445,29.60812772
134422,5.54973822,4.62585034,30.57757644
134423,1.198630137,10.02685765,38.04809052
134424,1.104972376,6.943620178,19.63636364
134520,1.657824934,5.190760446,39.96509599
134521,0,3.795233892,10.20408163
134522,5.16028147,10.02105263,4.62633452
134710,0.6707317073,7.319013524,18.62527716
134720,3.503503504,5.847217856,33.76344086
134800,1.044776119,4.924855491,33.64361702
134901,0,12.9088785,40.03795066
134903,2.248770204,4.544470894,67.33668342
134904,5.525460455,9.65561635,43.85542169
134905,7.142857143,6.864274571,29.57393484
135102,2.436053593,11.59477641,42.24683544
135111,0,12.43712849,40.33149171
135113,0,6.183932347,37.56805808
135114,18.59605911,6.116687578,61.98979592
135201,1.637107776,12.14896215,39.51434879
135202,0.5756578947,3.327305606,34.68118196
135203,2.35042735,7.543346093,26.91680261
137000,0,5.802968961,38.74873865
137103,1.498501499,10.63406312,12.62699565
137104,1.547116737,1.661721068,32.55395683
137201,0,7.459379616,53.01587302
137301,2.451838879,7.584683358,29.15662651
137302,1.801801802,4.241497898,31.17408907
137401,10.05484461,5.842442518,27.37896494
137402,4.975609756,7.411674347,37.70491803
137501,1.368159204,4.078135709,33.12883436
137502,0,6.895280236,39.80929678
137504,2,4.291044776,20.44609665
138000,1.965923984,4.273813836,26.61207779
139001,5.258545136,6.41350211,33.18903319
139200,16.80297398,10.48913043,26.18483412
139301,5.691056911,6.501021103,20.02487562
139302,8.028059236,8.031016339,48.88888889
139303,5.049261084,13.32001332,48.35164835
139401,6.474820144,6.535947712,68.68475992
139402,2.328159645,5.799151344,26.58662093
139502,5.363984674,3.549295775,30.66298343
139503,4.109589041,6.282867423,49.78723404
139504,1.413427562,8.822457164,42.33766234
139600,6.652360515,8.128482465,43.82239382
139701,2.222222222,5.653266332,30.12048193
139702,0.8053691275,2.479050279,35.00919681
139703,0,6.495098039,29.76190476
139801,5.782312925,3.372781065,28.30188679
139802,4.783092325,2.213707961,30.93858633
141101,3.181818182,5.479050689,34.92907801
141102,3.594080338,7.814761216,30.45454545
141201,8.386075949,6.606699752,25.85170341
141202,3.607214429,5.738132499,17.75
141302,2.160101652,3.153153153,46.35761589
141303,6.161137441,3.998298596,38.99253731
141304,0,5.6,45.47803618
141400,5.005213764,4.916847433,37.78359511
141500,2.414772727,4.574742268,35.40462428
141600,5.793991416,3.986847513,30.56768559
141700,0,2.94627383,21.25984252
143100,3.0651341,6.668734491,17.69480519
143200,0,3.805309735,22.61904762
143300,0,3.327209635,38.26589595
143400,1.222953904,5.018165304,32.68442623
143500,1.659388646,2.667474992,33.20825516
143602,1.843971631,6.066734075,16.19585687
143603,0,5.280711506,21.85185185
143604,10.58020478,2.30045312,40.95238095
143700,3.383458647,2.180376611,35.58897243
143800,8.818181818,2.039173598,30.96179183
143901,2.173913043,3.556658395,11.81102362
143902,2.232142857,3.607214429,26.89938398
181000,1.113967438,11.68831169,30.81081081
181300,1.50273224,6.719532554,32.62260128
181400,3.221957041,7.411273486,35.97650514
181500,1.01910828,5.855855856,47.52906977
181600,2.654109589,6.973726889,28.77030162
183101,12.03007519,7.253463733,35.62945368
183103,5.876951331,7.01754386,38.4180791
183104,1.41509434,9.444444444,36.97916667
183220,0,10.13097072,31.29584352
183221,1.083032491,8.183146615,49.43820225
183222,0,11.6713352,49.64234621
183300,9.949409781,9.218891916,38.88888889
183401,5.048543689,7.921419518,59.34065934
183402,1.365705615,7.572280863,54.03508772
183510,0,4.769560557,38.91050584
183520,5.403011515,14.15562914,20.13888889
183610,5.163043478,12.59774109,40.6779661
183620,4.043715847,4.014410705,48.4375
183701,0,11.40712946,45.49763033
183702,0.487012987,5.847953216,54.19664269
183810,1.367365542,8.322056834,30.625
183820,4.682539683,14.02095085,54.375
185100,3.370786517,2.713178295,32.87153652
185202,0.9114583333,5.579246624,40.31620553
185203,3.610108303,3.221859706,45.77922078
185204,1.428571429,10.66552901,36.82983683
185310,9.239130435,8.401738291,47.70642202
185320,2.216748768,9.50668037,40.05681818
186100,7.114624506,8.465926148,25.06329114
186201,0,8,43.91217565
186202,5.176470588,3.736920777,18.77133106
186203,4.807692308,6.603773585,51.64835165
186301,1.831501832,13.5371179,48.9539749
186302,0,6.370157819,43.20987654
186401,7.52688172,8.999563128,49.81273408
186403,0,7.789358201,34.86238532
186404,3.206997085,10.17039404,36.55462185
187101,4.975124378,6.870588235,56.93950178
187102,0.4137931034,10.03861004,53.80434783
187200,1.814882033,5.997983871,35.29411765
187300,3.980099502,0.400160064,12.40875912
188100,0,6.872964169,44.03183024
188201,2.75862069,5.731523379,29.89949749
188202,5.241935484,4.5,32.24489796
188300,2.049180328,6.729634002,32.72394881
189101,0,4.019823789,47.88359788
189102,0,4.184100418,28.77358491
189201,0,7.730147576,46.73366834
189202,0,3.848620911,21.88139059
189300,1.697792869,3.603603604,18.11023622
189400,0,1.818181818,33.18872017
189500,0,2.570768342,22.22222222
189600,0,3.038397329,20.24922118
189701,0,1.458257382,22.9468599
189702,3.584229391,3.549488055,36.59217877
189800,4.421768707,6.499356499,36.52007648
189902,0,7.183781401,66.90909091
189903,0,6.680584551,36.64921466
189904,0,6.518658479,68.12749004
189905,0,2.424942263,48.10810811
190100,0,3.133414933,21.26984127
190201,5.241935484,6.329113924,50.42979943
190202,0,9.429366736,60.58823529
190301,3.389830508,5.431309904,51.89873418
190401,0,7.028753994,48.61111111
190402,0,7.337526205,75.45691906
190510,2.29468599,4.833040422,37.36654804
190520,3.326403326,8.205521472,34.05238829
190700,0,5.516673528,39.89218329
190801,0,14.36965812,29.04564315
190802,0,10.02685765,42.44604317
190901,1.759834369,5.100463679,36.91588785
190902,2.157360406,7.919034091,24.3718593
191000,1.685393258,4.568817818,51.36363636
191110,0,6.729377713,40.58500914
191120,5.383360522,9.74533107,24.11764706
191201,9.699769053,7.642881299,39.29040736
191203,0,5.483323912,44.05405405
191204,1.814058957,6.735751295,51.17370892
191301,5.371900826,5.980066445,45.07042254
191302,7.886435331,8.096141682,43.58974359
191410,3.176895307,7.533825338,73.02158273
191420,1.323251418,7.488822653,21.16564417
191500,9.017223911,8.704352176,38.79056047
191610,2.423469388,5.859783746,22.2826087
191620,2.712477396,4.101995565,43.23809524
191710,0,1.770386266,49.52978056
191720,1.804670913,7.092492742,24.57337884
191810,1.634472511,2.524698134,22.93577982
191820,4.970178926,4.235090752,23.30827068
191901,0,5.79047619,47.5
191902,0,2.732849972,29.05982906
192001,0,5,72
192002,2.671755725,3.578629032,47.24409449
192300,15.57093426,6.368715084,25.80645161
192410,2.467105263,4.122621564,20.71269488
192420,0,3.441802253,11.52073733
192510,7.702182285,5.36756126,21.30044843
192520,1.297016861,3.208386277,20.99125364
192610,0.8213552361,6.65792063,48.65525672
192620,0,4.80030722,22.28571429
192700,5.007824726,7.160669754,31.26550868
194101,0,6.679764244,22.19626168
194102,4.496402878,3.28742781,27.88906009
194200,1.470588235,1.067615658,25.15090543
194300,0,1.697591788,22.2737819
194401,0,6.182380216,25.24752475
194402,0,3.610467042,18.18181818
194500,0,6.106870229,47.11864407
195100,3.399122807,2.545003104,22.1732746
195201,0,2.45472837,22.22222222
195202,0,7.193941944,19.88304094
195300,5.084745763,5.040322581,40.91858038
195400,0,6.903523975,27.89223455
195500,0,3.91292367,5.513784461
195600,2.152317881,6.560134567,29.51807229
195710,3.043478261,10.34482759,39.79328165
195720,11.07491857,10.99246231,25.69444444
195802,2.419354839,6.360235168,35.14986376
195803,0,7.119283357,52.81690141
195804,17.78425656,7.696447793,43.06049822
195901,0,7.307692308,38.84892086
195902,0,1.78807947,52.43243243
195903,6.571428571,10.06289308,41.93548387
197200,9.08004779,7.440719542,56.94682676
197300,0,10.34253409,51.52749491
197410,1.347708895,3.294334975,24.46183953
197420,10.53811659,5.15505437,47.38372093
197500,4.39238653,6.81412772,24.23398329
197600,5.151515152,7.562076749,46.76616915
197700,3.911205074,7.246376812,51.17739403
199000,7.248416608,6.873428332,43.17718941
199110,1.681957187,9.579011592,47.96238245
199120,7.03052729,7.115085537,53.7366548
199201,4.56928839,9.347300564,45.60906516
199202,5.434782609,6.498388829,41.78272981
199300,9.259259259,5.672877847,28.48722986
199400,1.92513369,10.25726696,45.09433962
199700,6.763925729,5.247524752,58.88077859
199800,5.030959752,8.025247971,54.77707006
199900,3.163017032,11.79740581,50.2994012
201110,3.660565724,4.696132597,42.5
201120,2.468085106,4.618736383,35.26970954
201200,2.071823204,7.181984175,29.14798206
201301,5.539637058,6.47010647,47.11538462
201302,0,6.867256637,37.09449929
201401,2.622377622,8.341384863,53.98058252
201402,1.159114858,6.73828125,39.488117
201501,3.118040089,7.668881506,44.22310757
201503,1.457725948,10.19874477,37.99472296
201504,3.571428571,6.819716408,29.16666667
201601,2.545454545,6.874557052,48.23151125
201602,8.854166667,11.60391955,30.69053708
201700,8.360927152,6.103398755,38.18181818
203100,7.56501182,10.93632959,42.05607477
203200,6.4808814,8.465430017,59.2
203300,2.564102564,4.475982533,61.16071429
203500,1.603665521,8.215451578,38.30985915
203600,6.557377049,9.505941213,48.92703863
203710,1.779661017,9.6073903,48.8372093
203720,1.344936709,10.26346834,42.68292683
203800,1.281229981,5.902644691,52.12355212
203900,3.211517165,8.61618799,34.51612903
204110,2.771855011,6.558185404,58.21325648
204120,1.032110092,5.699481865,41.75084175
204200,4.468412943,5.879396985,47.13114754
204300,10.82036775,10.67746686,52.02020202
204410,4.964539007,5.524419536,60.13513514
204420,0.6404391583,12.1987211,48.29931973
204600,3.217821782,9.438377535,63.44086022
204700,5.244996549,8.419497784,45.76659039
204810,4.92371706,10.67724222,36.73469388
204820,2.281368821,14.34019832,51.98675497
204910,5.603448276,10.23875115,42.04545455
204920,0.4739336493,9.108280255,40.77669903
205110,4.935459377,7.478545157,52.63157895
205120,3.875236295,11.03515625,51.24223602
206010,3.302961276,13.60109539,41.7794971
206020,0,6.418219462,0
206031,0,6.091846298,38.88888889
206032,1.413690476,9.252027636,49.54007884
206050,3.555555556,8.945969885,52.29885057
206200,15.09433962,25.91269841,42.01474201
206300,15.68627451,33.85975995,61.91247974
207101,3.692762186,6.696935301,49.84520124
207102,7.874015748,7.407407407,44.80946124
207103,0,15.3955809,50.29354207
207301,0,12.04849085,34.33908046
207302,0,10.96774194,63.56275304
207400,0,13.93442623,35.13513514
207501,0,1.453175457,28.74015748
207502,0,1.333333333,52.15171408
207710,0,2.372984484,60.92184369
207900,2.189781022,3.098316663,36.57142857
208000,0,12.85237389,46.66666667
208301,2.08,7.35395189,78
208302,8.209606987,10.48139297,44.18604651
208401,1.691093574,4.333333333,49.52380952
208402,2.835820896,9.812409812,38.73517787
208501,4.619565217,8.037508372,34.44816054
208502,2.97219559,7.809917355,34.69387755
208610,2.416107383,9.729219144,21.63934426
208620,2.178649237,4.801962846,33.57400722
208710,2.823018458,7.862407862,33.86138614
208720,1.44,7.536882617,45.17766497
208801,0,6.909607194,24.78813559
208802,0,5.819426615,54.64480874
208902,7.421875,4.908906883,65.625
208903,5.608465608,8.044382802,28.77358491
208904,3.222836096,9.079704191,46.78217822
209102,0,6.497912317,38.58447489
209103,1.445347787,9.587852495,47.92899408
209104,3.362391034,13.51840676,29.6
209200,5.660377358,9.471649485,43.88185654
209300,7.142857143,7.435412728,51.02739726
209401,3.721682848,7.741386644,65.71428571
209402,1.93877551,7.550018875,56.42458101
209403,3.016759777,6.035283194,59.57446809
209510,4.269972452,5.088495575,25.99277978
209520,3.68852459,5.827505828,39.46188341
209810,0,6.323337679,53.06122449
209820,2.416918429,8.622559653,41.76470588
210010,2.375565611,8.710651143,47.24409449
211000,2.642796249,4.517663043,28.33545108
211120,0,3.795417727,21.32075472
211121,2.168674699,1.531291611,26.85185185
211122,2.878787879,3.317933641,41.59292035
211201,0,5.691809348,29.71428571
211202,6.808510638,5.677346824,27.09163347
211310,1.829268293,5.357705641,14.00966184
211320,3.006012024,5.911949686,34.5177665
211410,5.69476082,3.766951281,35.47169811
211420,0,3.04950495,13.71237458
211500,3.703703704,7.355714825,22.52252252
211701,0,3.321410322,48.33836858
211703,0,5.274012964,17.53653445
211704,0,2.303455183,35.68376068
211802,0,2.003231018,22.79909707
211803,2.374301676,1.935256861,36.05769231
211804,0,1.668806162,24.87562189
211910,2.946954813,3.145596165,16.66666667
211921,0,1.853997683,56.75675676
211922,0,2.46763754,17.25888325
212101,0,5.21407376,41.93548387
212102,0,7.644197359,43.43065693
212202,2.977667494,5.208763952,31.41210375
212203,0,1.85854414,49.88344988
212204,1.931922723,7.285974499,46.79245283
212303,3.155006859,8.226837061,62.25490196
212304,0,7.538091419,45.33333333
212305,2.255639098,8.552631579,36.68639053
212306,0,5.466860184,42.15686275
212410,0,4.024390244,19.11357341
212420,2.400960384,4.991816694,20.53231939
212501,0,7.115135834,44.44444444
212502,6.267029973,5.292740047,30.32490975
212610,10.20408163,6.860706861,26.4084507
212620,1.257142857,3.159389421,30.66202091
212701,1.293103448,7.989854153,24.2074928
212702,5.818181818,3.20256205,19.49317739
212800,2.601456816,5.435651479,30.27210884
212900,0.9515570934,8.111746887,44.44444444
213100,0.7256894049,4.010282776,46.12903226
213201,1.686507937,3.154909607,31.97969543
213202,1.439645626,5.378020265,30.14018692
213310,1.128205128,3.780864198,34.70319635
213320,2.398081535,7.627118644,45.42857143
213401,2.676399027,6.019690577,18.45238095
213402,3.271812081,6.001395673,37.96095445
214000,2.572614108,6.219864995,40.33457249
214100,1.048218029,5.087572977,40.17857143
214400,0,2.208201893,50
214501,0.9433962264,4.036087369,36.16071429
214502,1.286173633,1.112162802,62.24489796
214503,0.9668508287,1.548765174,37.59590793
214600,0,2.06185567,28.35051546
214700,0,3.372681282,36
214800,0,3.476749239,37.20238095
214901,0,5.353319058,54.97185741
214902,0.2801120448,1.864801865,41.74107143
215101,0,1.098469988,24.67532468
215102,0,3.40333092,44.93670886
216100,2.356020942,8.103015075,30.61674009
216200,4.518072289,4.882988299,43.40344168
216300,1.428571429,4.47414294,38.03030303
216401,2.409638554,2.273498473,54.10798122
216402,1.706484642,1.237113402,61.45648313
216700,4.207573633,4.316256555,19.38325991
216800,2.152317881,2.491614758,25.33692722
216900,4.391891892,13.40206186,27.7037037
217001,0.4244482173,9.818819404,48.52071006
217002,3.040935673,9.185686109,55.81039755
217100,1.571709234,7.610208817,20.70773263
217200,0.7616974973,6.184448463,62.2327791
218110,10.02824859,6.40569395,31.57894737
218120,2.6868178,5.871886121,22.63279446
218210,4.554865424,8.560794045,73.36956522
218220,2.205882353,7.76528461,21.41527002
218300,0.9640666082,8.354646206,39.42766296
218400,2.274342573,5.688320431,32.32323232
218500,1.328273245,13.48940914,43.22766571
218600,12.11180124,8.143322476,44.25675676
218701,5.609756098,12.30283912,46.31147541
218702,3.55987055,10.91180867,31.78294574
218800,3.211009174,1.936444886,31.81818182
218900,3.746770026,10.95992083,37.57455268
219010,0.5512679162,5.446727186,49.32885906
219020,3.533568905,7.841726619,53.21543408
219300,2.46343341,8.772619984,40.05681818
219500,0,9.87654321,30.65217391
219700,1.423487544,12.45217391,65.4396728
219800,3.753026634,8.825065274,53.48837209
219901,0.3314001657,12.48303935,39.52095808
219902,1.233045623,8.810572687,33.95721925
220000,3.685741998,13.12588402,42.71284271
220100,1.709401709,8.238446082,38.34586466
221110,1.608325449,9.934318555,47.05882353
221120,5.061867267,5.893627216,35.71428571
221210,2.754491018,6.506849315,33.67875648
221220,3.409090909,4.646544877,27.70700637
221302,2.006688963,6.979280262,29.10798122
221303,5.255474453,6.749740395,31.10047847
221304,4.578754579,3.767266639,37.01492537
221401,0.9503695882,12.09964413,48.01381693
221402,3.273322422,7.228915663,41.55124654
221500,2.473498233,12.15957039,48.02867384
221601,0.6802721088,7.628437987,49.42857143
221602,0.4540295119,14.3187067,32.82208589
221710,0,4.607206143,46.07843137
221810,4.282655246,4.817518248,32.88888889
221820,0,4.449438202,39.56043956
221900,0,3.975644699,37.55102041
222001,0.702247191,7.502517623,27.4691358
222002,5.853256389,11.36923618,49.13294798
222100,2.492522433,9.818451278,55.69620253
222200,5.730337079,9.535655058,58.65384615
222500,3.63516193,10.80256332,43.79084967
222600,0,10.83290751,32.3943662
222700,1.685393258,1.099365751,#DIV/0!
224010,6.762295082,18.86792453,48.48484848
224020,0.4491017964,13.57490535,50.53763441
224200,3.500761035,8.986035216,30.58252427
224310,3.288672351,8.072487644,25.43352601
224320,1.467710372,8.345606284,48.39857651
224410,0,3.964401294,56.21301775
224420,2.127659574,6.898774984,41.80602007
224600,2.074235808,9.623839766,61.75115207
224700,3.827751196,2.137562489,36.36363636
226001,4.131227217,6.224627876,44.36619718
226002,0,15.42087542,55.26315789
226410,5.550500455,8.185053381,47.93814433
226420,1.191222571,7.493036212,55.21472393
226700,2.972233086,10.21814007,36.44444444
227010,7.364341085,9.385113269,37.6146789
227020,2.850539291,7.81671159,41.07142857
228100,2.433371958,4.032258065,22.78911565
228210,6.304347826,13.42395922,43.60465116
228220,4.572098476,8.370870871,39.20454545
228310,5.078929307,6.536412078,48.6381323
228320,5.511111111,7.164948454,64.13793103
228410,4.393673111,9.769335142,61.30952381
228420,5.531547105,5.975308642,29.37062937
228500,4.464285714,9.563203177,52.72727273
228600,2.244668911,6.739707835,40.22346369
228710,6.553755523,5.625562556,37.76978417
228720,3.046499198,7.921160283,36.18421053
228800,1.339712919,7.689811811,44.51038576
228900,3.260869565,9.523809524,68.48484848
229100,5.522208884,4.029187817,38.38028169
229200,0,3.698767078,45.92592593
229300,5.668016194,4.76330491,73.11827957
229410,4.632587859,9.582919563,56.65024631
229420,1.467611336,5.90523338,31.44654088
231100,2.100350058,21.44104803,39.0070922
231210,0.9910802775,8.991706678,39.79591837
231220,4.608632041,9.218859958,54.22535211
231300,1.996370236,11.62790698,45.7925636
231400,2.846975089,9.971830986,40.38095238
231500,3.834355828,8.363757053,49.0797546
231600,2.624179944,8.218199142,24.52554745
231710,2.311643836,5.487804878,46.41509434
231720,0,11.80928323,64.30107527
231800,0.3535651149,6.621447028,43.56846473
231900,0.7054673721,11.84128952,72.09302326
232110,4.910714286,7.233368532,65.86538462
232120,3.352272727,7.987126975,57.6819407
232200,1.487603306,15.03759398,55.18518519
232300,5.5613851,5.967450271,57.26141079
232400,0.3039513678,12.00883002,53.60230548
232500,1.18430792,9.874723655,37.08920188
232600,3.761283852,10.39060505,51.3671875
232700,1.412300683,8.951470958,38.06584362
232800,1.882845188,5.824411135,38.46153846
234000,5.61440678,11.49068323,33.33333333
234200,9.217877095,6.033287101,37.92486583
234300,5.140186916,18.06291976,32.35724744
234501,0,12.02860858,46.07843137
234502,3.03030303,20.89552239,70.28824834
234600,2.434077079,10.71544189,44.68085106
234700,1.494252874,16.98192518,55.86592179
234800,11.64294955,12.71523179,40.33264033
234901,6.90376569,12.26006192,63.80952381
234902,0,10.92436975,53.92156863
235100,0,5.620753552,35.4519774
235201,0,10.41551247,30.68181818
235202,3.100775194,19.53045253,33.96226415
236000,7.760141093,14.17218543,34.49691992
236100,5.344129555,15.26287554,64.48931116
236202,6.044376435,18.60696517,64.92753623
236203,5.412719892,15.03208066,39.94252874
236204,4.896907216,20.1894317,48.7654321
236400,5.200945626,15.13859275,30.95238095
237101,2.302379125,8.64144454,54.20875421
237102,1.875616979,9.485956545,50.61728395
237201,1.718213058,9.162195625,64.56140351
237202,4.58781362,16.17847411,46.21621622
237300,7.585004359,21.03262591,42.0984456
237401,3.556308213,11.14285714,55.05952381
237402,7.109737249,10.97308489,51.62037037
237500,2.937576499,12.99303944,40.35874439
237600,1.162790698,8.300907912,49.06542056
237710,1.474414571,10.33373542,18.85245902
237720,1.359516616,11.01827676,44.96124031
237800,0,12.8968254,32.97413793
237900,4.647302905,13.05533905,43.25657895
238000,2.74135876,19.05888538,46.06505771
238100,6.35451505,9.554140127,45.5033557
238200,0,10.9115554,41.55299056
238310,7.11722488,6.714330121,40.18126888
238320,2.305475504,11.85050137,53.00546448
238400,3.85582565,7.484620643,46.9787234
239201,0.4850444624,11.18170267,42.21311475
239202,3.06073649,11.28345499,28.57142857
239310,2.530674847,9.525660964,52.69461078
239320,2.952261307,10.87378641,42.40837696
239330,4.637096774,5.488474204,39.77900552
239501,1.358695652,10.33022862,45.84837545
239502,2.746148694,7.465437788,45.8677686
239601,0,8.60065086,47.95321637
239602,2.423378475,10.969928,26.53061224
239701,0.7831325301,9.689922481,48.0349345
239702,3.211009174,15.11767052,48.23943662
239801,3.949447077,9.712230216,52.43243243
239802,1.230425056,8.173807353,42.67515924
240010,2.006420546,9.264184397,50.71770335
240020,3.420630679,9.865607819,51.33333333
240200,3.561491375,9.900990099,63.07189542
240300,2.086765513,6.223525578,60.80246914
240401,3.892359443,7.37704918,31.95488722
240402,3.209019948,11.99278629,49.87012987
240500,5.086901229,11.36484334,71.66276347
240600,5.677083333,9.487459106,39.32291667
240700,2.16733871,9.095238095,59.95717345
240800,4.399441341,15.3175157,30.71672355
240900,0.4418912947,8.181563463,45.87912088
241001,4.532374101,11.69442433,50
241002,1.006036217,7.986921999,65.43209877
241110,3.869303525,8.865775136,34.18803419
241120,4.193138501,11.04397449,57.61589404
241201,3.098106713,17.0630817,56.77966102
241202,3.347969265,13.32462443,35.99182004
241300,8.548387097,10.218509,42.26415094
241400,1.027077498,8.470066519,41.81034483
242000,4.581151832,12.35505798,59.55882353
242100,3.271375465,14.18128655,69.64285714
242200,2.675585284,9.579253771,49.23413567
242300,2.566964286,8.983957219,41.77631579
242600,6.230667256,12.60723611,56.08465608
242700,1.678556441,10.99311137,37.5
243000,3.80078637,5.465838509,48.49137931
243100,5.650557621,6.366697276,55.97826087
261101,1.077844311,3.914428766,30.20527859
261102,4.667863555,2.542372881,27.63915547
261200,0.9445100354,3.72112917,24.0234375
262100,0,2.364864865,16.66666667
262200,0.7428040854,3.58504958,32.40917782
262301,2.303523035,2.794411178,28.4137931
262302,1.051248357,2.615571776,13.37792642
262303,11.69305725,0,37.7672209
262400,3.094059406,6.262763785,28.91396333
262501,1.588562351,1.982263954,41.86046512
262601,1.292596945,3.765465304,12.09362809
262604,3.904820012,1.655405405,24.49479486
262704,0,5.082352941,26.1627907
262706,1.619047619,4.389994895,19.49044586
262802,2.733485194,4.02075227,14.41647597
264000,0,3.046014258,17.49408983
264102,3.529411765,1.981178801,27.29257642
264103,0,1.515892421,40.1459854
264301,7.01754386,3.543499511,18.40942563
264302,0,3.380423814,32.46878002
265100,0,2.550478215,43.90625
265201,0,4.712328767,36.09865471
265202,0,3.632478632,45.65517241
265301,1.277033986,1.826956222,#DIV/0!
265303,8.947368421,5.127100388,#DIV/0!
265304,2.978723404,2.21691678,92.30769231
265305,0,2.619047619,53.33333333
265410,2.673796791,5.448354143,30.9352518
265420,1.146788991,2.055406613,26.91292876
265510,0,1.813685078,38.26815642
265520,0.1639344262,4.412191582,29.85274431
265601,0,5.322371268,30.01949318
265602,0,0,33.87283237
265700,0.99626401,6.746287928,27.265625
267100,1.140065147,2.04359673,36.63366337
267200,0,6.605257246,25.68493151
267300,0,6.513809276,45.79439252
267402,4.04040404,2.605308011,40.66985646
267403,6.818181818,4.018658055,39.79591837
267404,0,4.857819905,37.60932945
267501,5.187319885,3.090096798,43.3460076
267502,0,5.089251804,52.86195286
267600,2.794411178,4.487179487,41.62303665
267700,0,3.996770287,55.4973822
267800,1.470588235,6.216053108,58.99419729
267901,0,5.257731959,30.42328042
267902,0.9345794393,1.776900296,20.59659091
269000,1.187214612,3.949351824,37.31778426
269100,1.067615658,4.487964096,30.09575923
269300,9.264069264,4.843968328,23.45132743
269500,5.157813703,2.715355805,33.97745572
269601,4.57433291,7.384230288,20.38461538
269602,0,5.115658363,25
269700,1.719197708,1.792114695,27.76349614
269800,0,4.490291262,42.99065421
269903,0,2.411628675,31.53153153
269904,2.391304348,3.06345733,0
269905,0,2.367424242,10.95890411
269906,0,3.860840051,26.85185185
269907,0,3.655564582,8.805031447
270100,0,4.045734389,38.00475059
270200,1.627486438,6.802721088,28.39285714
270300,0,3.056234719,37.86982249
271100,0.8733624454,2.924348379,28.75318066
271200,1.969365427,5.882352941,47.48201439
271300,0,3.058823529,32.43626062
271400,1.505646173,7.087334248,23.65591398
271500,1.37195122,3.296703297,15.75931232
271600,0,3.425058548,22.04176334
271701,5.580693816,6.945812808,30.5315204
271702,0,2.294764059,20.84690554
271801,0,1.964350673,16.75675676
271802,3.168567807,7.421324566,28.57142857
271901,3.846153846,6.271043771,22.27722772
271902,0,5.648179653,22.37354086
272100,3.765690377,7.697412077,35.23076923
272201,2.840909091,6.835564054,48.55491329
272202,1.5625,9.957627119,43.44569288
272301,1.952277657,7.303628847,41.87192118
272302,1.164144354,6.129768503,48.5260771
273100,0,7.742316785,24.36548223
273200,1.740812379,4.89626556,61.18012422
273300,0,5.36159601,35.77235772
273402,0,8.6996337,25.4
273502,4.149377593,6.603384234,16.21621622
273600,4.901960784,4.209183673,17.92717087
273700,7.692307692,4.337349398,34.24242424
273800,2.156862745,5.109170306,19.25465839
273902,7.520891365,4.664310954,36.54320988
274100,0,5.84375,38.58921162
274202,0,4.609563123,35.55555556
275101,9.090909091,8.013172338,53.89221557
275102,1.754385965,2.963525836,42.13333333
275200,0,2.637889688,32.06521739
275302,1.692047377,4.238110644,28.91674127
275311,2.802690583,4.787100025,33.23232323
275400,0,6.792589902,22.81105991
275500,5.378020265,8.96799117,42.29249012
275602,0,0.8206982891,5.9566787
275603,3.177966102,4.906284454,24.65483235
276000,0,3.601028865,42.04878049
276100,2.207505519,5.775688381,34.6975089
276400,2.710843373,4.879852126,27.64857881
276500,3.360716953,6.64235478,23.41137124
276601,5.043478261,3.368729403,19.35064935
276603,0,4.328793774,27.69953052
276604,3.78250591,4.210836278,38.57965451
277000,1.40562249,4.241877256,28.22141561
277100,1.673640167,6.256358087,38.41698842
277200,3.723404255,9.250136836,39.84962406
277400,1.612903226,4.239631336,57.40740741
278001,0,6.670500288,37.62376238
278102,0,3.700623701,14.40329218
291110,3.57426529,10.17316017,53.40314136
291120,5.790960452,7.03022339,44.15584416
291130,3.865979381,7.718550107,35.4368932
291210,5.29925187,6.420642064,23.00653595
291220,4.752066116,6.31270903,24.93887531
291300,0.8658008658,7.447485678,42.31927711
292000,3.737839222,11.20038958,25.17814727
293201,2.529182879,8.480413259,19.48228883
293202,11.69354839,6.45078386,25.44642857
293301,4.469273743,7.755946225,33.95522388
293302,1.086956522,4.641106947,36.96319018
293304,5.2734375,6.186909801,26.14555256
293306,4.230769231,10.22383545,49.15730337
293307,0.8077544426,6.02006689,24.46808511
294110,0,7.230895645,46.23015873
294120,3.215077605,6.161841128,33.62831858
294200,0,4.485488127,51.97934596
294301,1.569858713,4.392298436,46.47058824
294302,2.65625,6.441048035,34.95145631
294410,6.775067751,8.481824661,40.80604534
294421,3.628117914,6.382978723,44.44444444
294510,1.811125485,5.574912892,46.55737705
294520,2.637057599,4.237678489,38.61788618
294610,2.551020408,5.749329245,49.40898345
294620,3.141361257,9.474804826,45.13888889
294701,1.853568119,12.89473684,36.03238866
294810,4.939155333,7.806244996,58.73786408
294820,5.135520685,7.82967033,51.26903553
294830,2.76816609,10.44776119,46.46464646
294900,1.479289941,9.810587664,27.29970326
295103,0,6.592356688,21.91011236
296210,8.635394456,5.051546392,43.81625442
296220,5.995864921,12.87246722,32.48031496
296300,2.906448683,5.957579538,23.01136364
296401,0,8.364813815,45.18072289
296402,3.346720214,7.862281603,29.65235174
296500,1.444043321,8.512396694,24.27385892
296600,5.681818182,10.29040404,37.25099602
296901,5.695611578,11.91187453,53.42465753
296902,2.670349908,11.19842829,35.5179704
297000,10.59602649,7.020099039,33.02263648
297110,0.4447739066,13.02495435,48.87459807
297120,6.658595642,9.789227166,22.92358804
297201,0,7.59641605,17.88617886
297202,7.335490831,7.698199923,37.56097561
297300,3.096774194,10.07532957,42
297400,0,4.81540931,27.88296041
297500,1.801801802,3.517110266,22.19482121
297601,0,14.79820628,26.39405204
297602,0.6016847172,5.679592636,20.48192771
300100,1.525553013,1.90816935,39.80392157
300200,0,3.51131747,20.99378882
300301,1.3434089,3.897180763,33.42749529
300400,4.939835339,6.932190572,57.40740741
300501,0,5.80474934,45.27896996
300502,2.379235761,8.801831595,23.14285714
300600,0.4574565416,7.651622003,46.24535316
300701,0,6.160761502,22.32734153
300702,0,1.414473684,21.93140794
300800,3.099173554,5.806579469,36.73276676
300901,0,5.340793489,33.14606742
300902,1.5625,6.87960688,38.78406709
301000,0.8780487805,7.5677462,39.82589771
301100,3.893129771,2.73512476,60.60150376
301203,0,11.30465695,44.23440454
301204,7.424960506,10.42944785,76.82648402
301205,0.8908685969,5.122494432,44.78672986
301206,0,12.32374506,44.37257439
301300,0,2.762430939,26.88888889
301400,0,5.84627964,30.44822257
301501,2.006688963,8.616600791,41.66666667
301502,0.884244373,15.36043117,84.77666363
301601,0,15.948651,62.03110704
301602,11.08033241,5.441696113,27.07581227
301701,0,7.874810702,55.59701493
301702,4.306722689,6.967640919,56.57726692
301801,0,7.952167414,67.98107256
301802,5.431754875,7.425373134,64.2394822
301900,2.888583219,6.133482476,37.57911392
302002,7.851239669,9.489344592,54.62184874
302003,0,9.343629344,79.46666667
302004,0.9803921569,9.10635406,53.125
302102,0.8526187576,9.885754255,50.96359743
302103,0.9027081244,10.01013685,47.48768473
302104,5.800464037,7.56088695,55.18867925
302201,3.079178886,13.59708959,77.59381898
302202,1.958762887,10.18518519,50.7918552
302301,0.7936507937,7.339449541,56.01659751
302302,1.552511416,5.572755418,74.89986649
302401,1.256281407,8.626919603,51.46276596
302503,3.410341034,8.064516129,74.27325581
302504,7.792207792,8.303761533,66.88102894
302505,1.057692308,17.3928198,78.08219178
302506,2.222222222,8.580413297,69.42800789
310100,0,3.711672942,21.58730159
310201,1.118760757,5.439093484,40.10217114
310202,0,5.591909578,31.63138232
310300,6.87732342,11.83079974,34.84602917
310400,2.91858679,6.945812808,34.77443609
310501,3.202846975,6.213872832,71.57360406
310601,1.68115942,7.365504502,68.03840878
310602,0,5.872291904,21.44638404
310701,0.9852216749,5.303030303,54.34482759
310702,3.988868275,6.502145923,58.39775123
310703,4.983748646,9.356197353,69.66463415
310800,1.135371179,7.245024876,41.40811456
310900,0,11.58420552,32.23322332
311000,1.325966851,6.994713298,38.25363825
311100,4.120267261,6.056959487,25.07507508
311200,0.6289308176,5.201499531,28
311300,0.8323424495,5.574043261,33.5694051
311400,2.392344498,6.567366283,31.43564356
311500,1.015625,6.040086674,25.49295775
311600,0,6.044362292,44.09836066
311700,3.069306931,4.97623707,20.70566388
311801,5.950095969,6.387225549,40.30769231
311802,11.72566372,15.5317521,55.91133005
320000,#DIV/0!,#DIV/0!,#DIV/0!
320100,7.997962303,10.05688744,45.01466276
320201,3.034682081,4.439511654,71.7791411
320202,0,2.493765586,46.15384615
320300,4.919845218,9.715318572,36.33333333
400204,0,4.957420925,32.86318759
400205,0,2.830809743,29.21348315
400206,4.166666667,5.773126266,23.24521422
400207,2.789699571,7.401812689,24.91657397
400302,1.572739187,4.219653179,47.47634069
400304,6.693830035,8.607095926,35.94176524
400402,6.824385805,8.551881414,24.32
400403,3.201970443,9.129925868,23.45013477
400404,2.50240616,6.432084752,20.70534699
400501,5.821205821,8.009909166,32.02479339
400602,3.505535055,8.61003861,34.1796875
400603,1.392961877,7.094918504,18.12297735
400604,9.900990099,4.888467015,30.38869258
400800,2.047502048,3.910501915,35.66775244
400900,2.763561924,12.41853729,34.97453311
401001,3.264812576,2.034428795,35.87360595
401002,5.837837838,7.395925598,44.1314554
401101,1.789709172,8.675496689,39.61988304
401102,3.382949932,10.83374938,41.8079096
401201,6.798245614,4.047976012,29.83293556
401202,3.675777568,8.811748999,45.44049459
401203,8.763837638,12.91208791,28.70478413
401303,0,3.333333333,21.57360406
401304,0.8865248227,7.087087087,25.41106129
401311,4.981549815,5.196241017,47.16981132
401312,1.966873706,8.071312804,41.35280553
401500,7.449494949,13.30855019,33.45008757
401601,0.1966568338,12.71500843,36.49635036
401602,12.66944734,15.8986796,37.07317073
401603,0,8.339651251,37.23175966
401701,0.8883248731,13.06729264,27.71618625
401703,3.071672355,5.270316219,47.56871036
401704,0,9.420289855,41.35107472
401800,7.079646018,7.867278798,28.49092048
401901,2.995391705,2.557544757,42.85714286
401902,5.967741935,2.527075812,19.60408685
402001,2.027027027,6.787330317,35.45454545
402002,3.32103321,10.4120514,43.19371728
402101,1.712583768,10.32835821,35.37414966
402102,3.602882306,9.749034749,48.55769231
402200,4.863523573,7.998957791,28.32310838
402301,4.221491228,6.128293242,45.66744731
402303,4.27184466,13.44339623,39.70588235
402304,3.893442623,6.189047262,42.2310757
402402,7.427869859,12.23887375,22.98850575
402403,1.393442623,7.64604811,40.33018868
402404,0.8946322068,2.572347267,#DIV/0!
402405,2.209302326,10.14254386,37.91946309
402406,6.177868296,11.76292712,29.90654206
402501,3.495311168,3.362045013,20.3125
402502,2.523240372,9.413810233,45.50989346
402600,9.116647792,10.64159292,50.71283096
402702,5.140898705,11.46838156,48.2300885
402703,0.6092916984,3.069736403,36.52173913
402705,6.203840473,9.270588235,46.17346939
402706,0.7259528131,3.755364807,24.83870968
402801,2.269210933,11.53712095,40
402803,3.363914373,9.602122016,44.14893617
402804,3.711952487,4.829770388,47.36842105
402902,5.268759979,9.628261372,45.18518519
402903,0.7377598927,5.399151562,57.6419214
402904,2.739726027,7.508250825,47.86885246
403000,4.468325792,9.433164129,52.77435265
403200,#DIV/0!,36.55462185,74.24242424
403303,3.205128205,3.875968992,19.25465839
403304,1.181102362,5.060918463,18.51851852
403305,0,3.38028169,17.97752809
403312,4.335532516,8.920634921,38.90339426
403316,2.114803625,9.192335678,46.05263158
403317,3.933253874,3.116710875,31.22238586
403318,0.5044136192,4.331683168,32.05317578
403319,1.046511628,5.017064846,21.71717172
403320,3.495145631,4.219671114,33.37893297
403321,1.993355482,7.372262774,21.31736527
403322,10.17751479,2.564102564,24.28115016
403323,4.426377597,4.634994206,19.92665037
403324,3.863987635,3.088462387,23.46774194
403325,0.7950530035,1.506646972,28.25768668
403401,0,2.452886629,25.4756871
403402,5.334987593,3.547297297,33.58633776
403403,0.6172839506,1.364079247,27.48466258
403404,7.373271889,3.767757875,21.95571956
403405,2.78551532,2.994555354,26.08695652
403406,0.9589041096,3.917416623,26.70025189
403407,1.199040767,1.57967033,32.09876543
403408,2.001906578,5.638554217,40.80547112
403500,3.291139241,5.711610487,28.25112108
403600,1.921921922,4.639709694,40.04954583
403702,0.5217391304,12.36299868,43.03215926
403703,0,6.509090909,42.02643172
403721,1.237623762,5.555555556,32.75613276
403722,4.133016627,9.491937937,37.94266442
403801,5.680539933,7.433585182,43.06864065
403802,2.706359946,7.659574468,30.24963289
403901,2.555910543,7.650273224,46.75324675
403902,7.069767442,10.5489418,49.31034483
404000,1.023622047,13.74362245,50.18518519
404100,1.318565401,4.394861393,20.30075188
404201,0.8285004143,6.952339309,18.15718157
404202,0.8495145631,3.567787971,30.43478261
404301,6.688102894,4.024496938,41.96428571
404302,2.346570397,5.612594114,29.33333333
404401,2.208480565,7.221095335,59.0296496
404402,1.385281385,5.326231691,29.56349206
404501,0,9.8027127,40.66666667
404503,6.088082902,7.216494845,26.70299728
404504,0,6.773162939,25.83120205
404600,3.191489362,10.38798498,24.48979592
404701,3.897058824,5.278338621,53.0259366
404702,1.931567329,4.623779437,28.47457627
404703,0.2958579882,6.835205993,53.03030303
404801,0.7104795737,5.235189923,23.53643967
404802,2.564102564,6.933523946,34.36293436
404803,6.047516199,7.751937984,35.80246914
404901,4.429429429,4.611714816,26.46153846
404902,2.395740905,6.842507645,33.45323741
404903,0,3.866128102,36.61971831
405001,0.6835269993,7.310704961,15.98302687
405002,1.712779974,4.197530864,28.26086957
405101,0.878477306,6.672273619,12.37623762
405102,4.705882353,10.24029575,34.95327103
405201,3.852889667,11.16308076,26.78936605
405202,0.5606166783,4.533762058,18.22033898
405203,2.346368715,4.221311475,30.09478673
405301,2.822201317,3.76007162,44.25287356
405302,0,8.467227748,35.34971645
405400,1.412639405,4.434654919,24.96
405500,7.201405152,8.495954307,50
405600,1.171605789,4.555873926,35.62130178
405701,5.283757339,7.49302511,43.13099042
405702,0.7733952049,5.999405999,36.98884758
405800,3.716216216,13.1615026,42.90171607
405900,0,10.53911634,31.9266055
406000,1.701469451,9.270664506,36.89986283
406101,5.961754781,6.548175865,46.50455927
406102,0.7411982705,9.075173096,44.83985765
406200,7.322175732,8.137108793,54.01606426
406300,2.13713268,2.299511354,35.10869565
406402,1.838235294,5.457227139,37.60217984
406411,6.382978723,9.677419355,49.65034965
406412,1.98915009,8.835341365,41.57549234
406500,1.959503592,6.687515035,31.78973717
406601,0.9136212625,9.808676906,32.68765133
406602,4.058549568,7.350042242,45.53775744
406701,7.702702703,5.120327701,40.68965517
406702,3.815694744,8.058709499,44.04609475
406800,0.8802816901,8.119946092,34.41654357
406901,4.166666667,4.772004242,50.62761506
406902,10.13363029,8.132780083,53.00546448
407001,4.499366286,6.642156863,43.15514993
407002,0,7.225034514,29.63604853
407101,2.659956866,5.869485964,39.68253968
407102,2.225633154,8.682874699,38.99676375
407200,1.505585236,7.128536422,40.54360136
407301,4.7,9.906542056,40.90909091
407302,5.210643016,10.67140952,30.46218487
407400,5.85106383,9.612518629,33.08550186
407501,5.303030303,8.597748209,33.25062035
407502,2.076843198,5.810510733,34.32835821
407601,5.415162455,4.933519944,40.43478261
407602,2.13385063,7.567786321,37.5
407701,1.441317776,7.152924595,52.08333333
407702,3.5,4.839471199,41.50943396
407801,3.328710125,13.85945343,37.27422003
407802,1.529411765,6.677937447,46.86825054
407900,3.757575758,6.045059112,18.83468835
408003,11.2605042,9.07291323,52.47678019
408004,0,4.634464752,24.62686567
408005,3.120356612,4.047384008,38.15789474
408006,3.046218487,3.959484346,21.40151515
408133,5.199025183,9.622443629,18.86120996
408134,0,7.618510158,35.96330275
408135,0,7.288273616,21.26315789
408136,4.738154613,6.478537361,27.83882784
408137,0.8307372793,11.85214946,29.46127946
408138,2.672864614,12.81673542,25.92592593
408139,4.334365325,7.726358149,29.91452991
408140,0,4.662781016,22.47191011
408141,4.885736801,7.333537895,37.00440529
408202,3.145695364,4.043545879,65.33864542
408211,0.7698887938,3.88075045,26.28336756
408212,1.318101933,7.128427128,18.55309218
408301,0,10.13900245,37.92
408302,0,4.301075269,17.22972973
408303,0,8.60879041,46.15384615
408401,2.125506073,7.473309609,35.15406162
408402,1.045627376,7.280513919,34.72696246
408501,1.851851852,7.051585424,26.09970674
408503,1.331114809,8.313663782,30.44368601
408504,4.821280133,7.482561826,34.34504792
408505,1.545253863,7.682458387,28.04642166
408623,1.713395639,5.584045584,35.33519553
408624,6.420233463,2.597402597,19.50464396
408625,1.078748652,1.5130674,42.85714286
408626,1.020408163,4.579375848,24.16582406
408627,1,5.63737938,22
408628,0,5.755176614,25.02011263
408629,0,5.131337813,34.93150685
408630,4.581151832,3.522867738,30.69306931
408631,0.6902502157,4.708204116,41.11111111
408703,0.7805724198,5.104408353,23.35216573
408704,0,4.224502112,38.75278396
408705,0,6.005147269,30.62880325
408706,0,5.74204947,14.08839779
408722,1.222826087,4.664057404,22.17514124
408723,1.730769231,6.037151703,27.27272727
408724,3.613053613,3.80755608,32.06896552
408800,11.35371179,6.171510585,62.75167785
430002,5.409356725,7.046583117,40.06462036
430003,1.036866359,5.970670391,33.55855856
430101,0,10.59602649,53.29512894
430102,1.716068643,6.44549763,40.85365854
430200,0,1.453957997,33.12883436
430301,2.330743618,4.240150094,24.50980392
430302,3.694779116,4.65847385,30.43478261
430400,2.231075697,0.435413643,15.20737327
430501,1.864035088,2.98573975,16.63201663
430502,2.342086586,5.735602705,27.14859438
430600,1.308411215,0.6429652042,27.33408324
430701,0.6700167504,5.388508485,32.87981859
430721,0.9913258984,4.883945841,18.99350649
430723,1.638001638,2.554366586,23.30508475
430724,2.040816327,5.276788605,27.68777614
430801,0.6697578568,3.8778694,44.82200647
430802,0.2320185615,1.960784314,28.31050228
430803,6.216216216,2.55850234,29.01459854
430901,0,5.930109425,45.15050167
430902,0.6586169045,6.433301798,37.8021978
431001,0.3941441441,3.180068868,27.71822358
431002,1.886792453,10.2425876,37
431100,0.09501187648,5.266406089,31.00511073
431200,0.4943502825,6.75,32.14920071
431300,1.766784452,7.632311978,31.21546961
431400,1.533018868,6.245239909,24.3045388
431501,1.540041068,5.740181269,42.06602769
431502,1.141078838,6.974981046,30.68592058
431600,3.861003861,4.344010531,27.82369146
431700,2.994011976,3.614814815,32.70042194
431800,3.72250423,3.008388776,39.26482874
431900,2.842639594,3.532703743,33.66500829
432000,1.505016722,4.31489557,34.25016372
432101,0,4.841269841,29.95896033
432102,2.89532294,9.305030532,30.43902439
432201,5.77136515,3.419425246,40.59511158
432202,2.052451539,3.532506576,35.29411765
432300,1.453488372,7.026307026,35.15151515
432401,3.527815468,8.755555556,37.86231884
432402,3.499327052,11.08518086,40.88669951
432500,5.468378507,6.115107914,34.64566929
432601,1.708278581,10.1210121,28.14371257
432602,0.8064516129,9.764197941,33.47701149
432700,5.879208979,7.372826787,39.36170213
432801,4.587155963,9.271978022,56.69824087
432802,2.1667761,6.574292453,25.20833333
432901,1.720183486,1.925060158,29.94555354
432902,2.21642764,4.867034621,34.99197432
433101,6.726457399,12.30131306,35.86698337
433102,5.76171875,11.40849783,33.33333333
433200,5.69579288,8.284339925,35.41176471
433302,0,5.870646766,50.96774194
433304,0,8.162631906,40.53537285
433305,6.952662722,6.728866271,27.71929825
433306,2.388707926,4.734042553,37.5
433307,1.251738526,2.158979392,29.91689751
433401,0.6622516556,4.759269507,45.88235294
433402,2.907915994,3.348607684,53.08924485
433403,1.818181818,3.539823009,38.95131086
433501,4.269662921,8.449396472,47.9704797
433503,3.429796356,5.44397463,49.85754986
433504,3.234686855,9.328228333,36.72654691
433601,1.848249027,4.142947502,26.69283611
433602,1.253918495,4.70324748,38.23529412
433700,4.342431762,10.26541764,35.52397869
433801,4.441512753,4.526642525,59.45454545
433802,7.872928177,12.62180974,54.45378151
433901,6.770833333,6.995661605,40.06622517
433902,0,6.237424547,46.3654224
434001,2.943581357,3.980833026,30.16759777
434003,2.43902439,11.08348135,23.68932039
434004,0.4830917874,6.771745476,60.0660066
460000,2.815177479,5.142231947,22.85438766
460100,2.210433245,6.246575342,25.84593233
460200,6.567164179,6.748826291,33.88842631
460301,0,11.44314869,26.25
460302,1.138716356,10.10068204,41.25766871
460401,0,5.765407555,27.51677852
460501,2.201704545,5.076628352,32.39962652
460502,1.933924255,2.149277061,12.21122112
460600,0.7481296758,2.233156699,19.75460123
460700,0,4.399260628,26.66666667
460800,3.486529319,1.754385965,13.99787911
460900,4.12007063,7.769633508,40.3348554
461000,0.3759398496,7.475283337,45.06387921
461100,6.901615272,6.302916275,42.87901991
461200,4.945717732,5.22413212,25.16629712
461300,0,7.244021361,37.8100941
461400,1.277955272,4.168686379,54.75285171
461501,2.889576883,4.251453488,33.66533865
461502,1.58633313,14.22645193,43.40175953
461600,4.141291108,10.00245761,33.67952522
461700,2,3.06122449,20.14742015
461901,4.010462075,6.578220011,32.81733746
461902,0,16.25,54.70852018
462001,0.9060955519,14.89850632,25.80645161
462002,1.608806097,8.547322084,50.625
462100,2.160278746,7.29308932,56.83269476
462201,3.683241252,15.24249423,68.75631951
462202,4.571428571,2.058823529,37.24137931
462301,5.65529623,10.50881277,51.4957265
462302,0,2.239089184,31.79487179
462400,1.331557923,5.957943925,40.09287926
462500,3.541076487,8.090463978,32.54716981
462600,2.474226804,6.41025641,25.12562814
462700,2.164009112,4.793967142,34.13173653
462800,0,6.162915327,22.5950783
462900,2.767749699,8.955223881,39.14421553
463000,1.03950104,6.848306333,29.45205479
463101,3.75,5.6,33.93316195
463102,4.667328699,5.149286023,20.46875
463200,1.554404145,5.782652044,26.96774194
463300,7.204610951,5.0348567,18.90243902
463400,0,7.620489528,29.64989059
463500,0,5.925925926,26.09929078
463601,0,3.950617284,58.5975024
463602,0,2.289377289,19.88304094
463700,4.526748971,4.632310365,22.13967311
463800,2.815315315,3.191489362,16.81922197
463900,0,3.659305994,24.97661366
464000,0,5.479089465,37.85091965
464100,0,2.850061958,20.92426187
464200,0.4524886878,4.618226601,24.87135506
480002,1.103448276,3.804930332,28.60635697
480011,0,5.421133231,22.99168975
480012,0.9228187919,2.47416223,21.24814264
480101,2.150537634,8.709677419,25.43443918
480102,0.8938547486,2.983502984,27.47641509
480201,0.8324661811,3.96039604,33.02263648
480202,0.5427408412,3.558967202,22.84569138
480302,1.851851852,3.341129302,32.69689737
480303,5.348258706,5.205992509,11.78010471
480304,0.9198423127,4.739807756,32.59005146
480400,0,4.011544012,22.56097561
480500,3.079416532,4.256032172,38.40749415
480600,1.440230437,7.051282051,47.46835443
480702,2.014846235,3.227060653,11.77884615
480703,5.460750853,2.758318739,21.27659574
480704,0.9954058193,3.632625086,28.51851852
480802,7.407407407,4.362745098,28.46034215
480803,0,7.631160572,33.04794521
480804,2.572614108,5.236343051,31.36531365
480901,4.390681004,3.522561863,46.41407307
480902,2.666666667,4.713925873,23.14540059
480903,0,3.52446081,23.05882353
481001,2.184087363,8.734939759,28.45610494
481002,0,4.969843185,28.9408867
481101,0.9589041096,1.045531197,32.46073298
481102,2.445302445,5.127231295,33.33333333
481103,0,3.649635036,28.7804878
481201,0.7168458781,6.438467808,32.00795229
481202,2.626262626,5.826271186,25.33470649
481300,5.2,7.491289199,40.23668639
481401,0.9054325956,3.85126162,31.04265403
481402,4.822134387,5.930303648,33.39222615
481500,0,4.040015391,23.30180567
481603,1.13960114,3.526448363,41.02040816
481604,2.985074627,3.996865204,37.4789916
481605,2.462121212,8.658008658,35.18850987
481606,0,6.25574977,28.18877551
481711,5.827067669,5.027124774,32.8042328
481712,1.287001287,5.022118137,34.2621259
481713,0,3.769740194,24.2
481714,4.861111111,3.746928747,35.94470046
481800,0,7.387057387,38.28016644
481901,3.389830508,3.462426263,33.85321101
481902,8.84244373,4.58984375,21.69981917
482001,6.310679612,1.563610519,28.51282051
482002,0,4.08733181,22.05989774
482101,4.176610979,6.260930395,27.56539235
482102,0,5.894519131,39.02877698
482201,0,3.577512777,25.16703786
482202,1.117318436,6.386701662,36.68874172
482301,1.079136691,4.494382022,31.32743363
482303,0.9280742459,7.998964535,33.41836735
482304,1.168969182,4.40087146,47.05882353
482401,1.132502831,6.373537717,41.89189189
482402,0,4.671052632,39.52755906
482502,0.447761194,6.503298775,30.32786885
482503,0,4.844893691,35.65062389
482521,0,7.743296174,34.20316869
482522,0,5.5028463,44.32717678
482600,0,5.542051531,48.58611825
482701,1.608187135,3.270159792,37.0669746
482702,0,8.360982084,34.70031546
482800,2.906350915,6.347438753,37.32227488
500100,0,2.526412494,25.3125
500201,1.407407407,4.473752263,42.87890327
500202,1.857282502,5.16229957,18.04308797
500300,0,5.797101449,24.34210526
500402,3.225806452,10.11396011,47.53787879
500403,2.802690583,7.253668763,33.77483444
500404,3.300624442,7.395498392,44.50402145
500500,2.213001383,8.21199767,29.37625755
500600,1.924398625,4.766107679,33.21212121
500700,0.9222661397,6.472318802,36.79154659
500800,2.032520325,5.722801788,37.90560472
500900,1.605651895,6.4453125,33.11432326
501001,2.466091245,11.56432093,39.37823834
501002,2.106084243,7.518796992,27.59856631
501200,0.3018867925,5.856905158,38.52691218
501300,3.309203723,8.669755129,26.39296188
501400,4.474505723,5.18134715,25.97765363
501501,3.925233645,5.644644003,30.63063063
501503,0.702247191,6.072874494,33.66583541
501504,1.283697047,8.619000979,44.85981308
501600,1.97710718,4.953560372,25.58459422
501700,1.371428571,3.945578231,35.41666667
501802,5.082592122,4.627681952,34.84419263
501803,4.452926209,11.95141066,42.3580786
501804,0.4297994269,6.489184692,59.80392157
501900,0.9285051068,5.368868289,46.92307692
502003,1.319261214,4.644326867,34.50980392
502004,3.773584906,5.870607029,37.70491803
502005,6.22972096,8.403361345,47.47292419
502100,3.512195122,11.30990415,56.25
502200,1.218637993,12.4015748,40.45643154
502301,5.863192182,9.84,35.92880979
502302,6.093579978,7.711319822,47.55555556
502401,0.7468259895,6.907280647,46.5
502402,1.758499414,5.705955852,29.39130435
502500,5.054151625,9.347300564,25.62189055
502601,1.488833747,7.403240324,35.9922179
502602,3.340080972,9.732958538,39.56834532
502700,5.532170776,7.755970679,44.67871486
502801,2.158273381,7.861409797,33.28877005
502802,4.436860068,7.710011507,41.63934426
502901,1.372997712,6.175514626,23.67601246
502902,1.498127341,12.77621535,41.2371134
503000,4.626865672,9.860436893,37.47228381
503103,2.855443189,5.824937028,55.06535948
503104,0.6973500697,7.545973367,37.61061947
503105,4.513064133,6.885125184,43.69747899
503106,4.492753623,8.219178082,52.45579568
503201,2.752293578,8.191653787,38.93510815
503202,3.50631136,10.5551969,17.86703601
503301,0.7936507937,6.013579049,30.12048193
503302,2.022756005,7.3561704,28.84615385
503401,0.7439553627,9.967845659,26.95652174
503402,4.918032787,4.556166536,42.00680272
503501,2.059357965,8.942885772,36.68639053
503502,2.218114603,4.111600587,39.01098901
503601,0.5740528129,9.247397918,30.56
503602,0,3.653635367,29.33832709
503701,3.715170279,9.472422062,44.68412943
503702,0.6013745704,5.53165335,32.66272189
503703,0.9971509972,4.795895606,20.49418605
503801,2.129719264,4.366812227,45.55084746
503802,0,4.676923077,35.46423135
503901,4.049844237,6.186121571,48.14814815
503902,0.5415162455,7.092696629,39.7082658
504001,3.830480848,3.440755997,44.19047619
504002,4.218181818,6.703738029,30.04694836
504101,2.2417154,11.60462934,38.20359281
504102,#DIV/0!,0,#DIV/0!
530003,7.46031746,8.981092437,39.06432749
530004,5.726872247,14.34409481,50.67340067
530005,1.544401544,8.196721311,29.22407542
530006,7.470651014,13.02256752,34.38202247
530101,2.23325062,11.11450382,36.21460507
530102,5.925155925,9.63740458,45.35353535
530202,3.441084463,5.218914186,36.2601626
530203,3.97260274,15.21620142,64.13994169
530204,0.6849315068,9.122137405,42.90322581
530301,1.13452188,7.756653992,30
530302,1.850627892,8.422198041,36.81528662
530400,8.015267176,15.90909091,37.12737127
530500,5.732484076,13.5873749,52.12765957
530601,2.580645161,2.422680412,23.25581395
530602,2.005012531,8.517350158,25.69832402
530700,6.525911708,5.67867036,23.84615385
530801,1.505546751,5.680073687,31.21827411
530802,1.550387597,6.820276498,39.92932862
530901,2.434274586,2.708803612,27.50642674
530902,2.533936652,10.27164686,17.5616836
531000,6.603773585,4.024667316,31.53594771
531101,2.223719677,5.382242029,24.055666
531102,0.855513308,5.585497305,49.56521739
531201,4.898648649,4.567652973,19.95661605
531202,1.614086574,4.933381347,22.25
531301,4.087346025,9.323158593,39.94490358
531302,4.12371134,6.4,40.63670412
531502,6.837606838,4.663461538,22.96296296
531503,4.565217391,2.103365385,44.19889503
531504,0,5.309734513,39.20454545
531602,0.6715916723,3.712220762,28.30578512
531603,0.6730769231,4.708400214,41.17647059
531604,2.826855124,4.220499569,29.66360856
531701,1.296296296,7.872402692,36.27118644
531702,1.474010861,6.01209534,40.27777778
531800,0.36954915,6.154822335,29.72222222
531901,2.750809061,8.500772798,44.07294833
531902,4.151943463,6.224972697,41.78082192
532001,1.003764115,8.673469388,61.33828996
532002,1.164144354,12.62135922,44.71830986
532101,4.587155963,11.39334155,67.85009862
532102,3.837719298,6.962540717,32.6007326
532200,2.959953569,8.0621661,35.81460674
532302,3.463855422,12.96104791,43.55716878
532303,2.202202202,9.42293645,40.15852048
532304,3.775411423,11.57894737,42.82655246
532400,0,13.51351351,0
532500,0,3.218477849,27.16049383
532603,2.767857143,2.973790323,16.94915254
532604,2.315789474,2.630005977,36.91588785
532605,2.038626609,7.061790668,57.2815534
532606,1.102941176,9.492273731,32.10412148
532700,0,4.226069246,45.41284404
532800,2.04778157,3.307888041,47.17948718
532900,4.743237946,8.704204573,47.68907563
533001,4.250200481,7.974300831,26.22377622
533002,3.296703297,8.061538462,59.65665236
533103,4.283054004,6.25,44.32989691
533104,3.154805576,6.533278889,54.12371134
533105,0.6703910615,8.442776735,53.90625
533106,0,10.0591716,41.13475177
533107,4.549431321,6.267029973,35.80786026
533201,3.092783505,7.33256351,50.24875622
533202,3.358778626,5.381431106,38.92857143
533203,1.728723404,4.931972789,28.30188679
533300,0.7593014427,4.747774481,41.34078212
533401,0.6814310051,2.425799087,33.84615385
533402,0,7.073455111,39.13043478
533403,6.35538262,6.359393232,54.67625899
533501,2.598752599,9.934442763,31.05022831
533502,2.080237741,2.338709677,26.86567164
533503,2.78833967,8.790383171,32.70440252
533601,5.033557047,3.792278784,25.95419847
533602,2.428494334,8.328393598,32
533603,2.464157706,5.808823529,47.51381215
533701,3.558394161,10.73354908,47.52475248
533702,1.377410468,4.829059829,12.88888889
533703,1.473187979,6.815683401,51.36778116
533803,7.178911946,4.801097394,32.94701987
533804,0.7331378299,5.551816958,28.88888889
533805,1.139896373,4.247941049,35.37604457
533806,8.870967742,6.736458807,41.85022026
533901,1.45631068,4.948399047,22.84122563
533902,3.52588147,7.50533049,31.36645963
534001,0.9204114781,7.595712098,33.82352941
534002,4.414125201,5.545354389,38.82352941
534101,3.125,6.458966565,27.22513089
534102,2.476515798,3.629032258,42
534201,2.891844997,7.989296636,42.91338583
534202,2.269210933,7.856025039,38.92773893
534203,5.581395349,6.968641115,54.81727575
534301,3.091397849,7.640608419,45.94594595
534302,4.595185996,8.009259259,31.97969543
534403,0.6451612903,8.396946565,47.76785714
534404,2.51177394,5.150812065,36.9047619
534405,5.673274094,9.319148936,42.59927798
534406,3.242677824,7.123655914,7.239819005
534501,8.125915081,3.118624308,25.37634409
534502,2.093510119,6.157392163,34.32098765
534700,1.154249738,6.796448087,29.17369309
534802,6.317411402,4.805615551,35.63829787
534803,1.812688822,5.114638448,39.32346723
534804,1.219512195,5.476673428,39.1521197
534900,2.436194896,7.073544433,38.66348449
535001,1.447368421,8.500948767,34.51957295
535002,0.8957654723,9.191685912,33.10344828
535101,2.872062663,4.855842185,30.51118211
535102,4.368932039,10.26953258,45.27777778
535200,0.8658008658,9.72328002,32.38095238
535300,0,6.498388829,30.8707124
535400,2.750809061,15.15326778,35.0877193
535501,5.922551253,5.506515343,44.66403162
535502,3.450564035,8.483368935,64.46991404
535503,4.479768786,9.757694826,43.67816092
535603,3.246167719,11.53672826,33.96226415
535604,1.868460389,6.465028355,40.92140921
535605,5.653710247,6.017391304,49.17582418
535606,5.111402359,9.187858901,40.32258065
535607,3.467879477,3.977472721,30.52631579
535701,4.256803908,6.736566186,29.34131737
535702,2.21402214,9.632446134,43.0210325
535802,4.166666667,6.371814093,44.41591784
535803,1.601281025,2.581995813,45.9833795
535804,1.71460177,6.130595951,40.18987342
535901,1.132686084,8.202764977,42.08
535902,1.038421599,7.554851843,40.59405941
536000,2.205882353,11.41883255,48.60557769
536102,0,7.392197125,37.02531646
536103,3.085553997,8,45.97249509
536104,3.44,7.631160572,51.96629213
536200,3.59187923,8.995633188,36.62613982
540000,3.136363636,8.293241695,39.74151858
540101,1.841517857,9.398049013,57.11775044
540102,2.522812668,4.320432043,36.17810761
540201,2.31292517,10.20080321,45.65217391
540202,3.937653815,6.837606838,49.35622318
540203,1.403705783,8.24685964,34.05797101
540300,4.099935939,7.757117955,41.83006536
540400,0,6.295081967,33.72093023
540501,2.282815472,5.04847877,25.1497006
540502,3.032659409,11.4507772,50
540600,0.3713527851,6.325301205,53.51681957
540700,1.591511936,9.421329507,48.93617021
540800,6.703470032,8.25974026,51.23152709
540901,1.673944687,8.936170213,52.69320843
540902,0.8510638298,11.61892501,31.77004539
541001,0.8042895442,8.823529412,55.90551181
541002,6.163328197,15.55555556,45.13761468
541100,9.425287356,12.67967146,35.77235772
541200,5.611434621,15.60095516,47.8054567
541300,2.857142857,12.75345284,45.4379562
541400,4.74219044,9.294280443,33.33333333
541500,1.897369556,10.72088725,24
541603,6.833333333,10.23421589,46
541604,5.765306122,11.86960156,31.61904762
541605,2.6875,7.611241218,33.93782383
541606,0,8.606557377,30.51643192
541700,1.8904508,7.993928662,33.97129187
541801,1.332760103,7.340267459,45.3164557
541802,1.67206041,6.965595037,41.47909968
542000,6.93498452,12.69678303,55.83864119
542103,1.898734177,13.52697095,27.87610619
542104,4.642857143,6.867356538,25.6281407
542105,4.34298441,10.38406828,52.67379679
542106,3.550784476,3.876693134,46.26168224
542200,1.507092199,12.47571768,31.70731707
542401,7.678676905,13.82708201,27.93733681
542402,5.714285714,9.665809769,44.78527607
542501,3.108188882,12.06171108,27.02020202
542502,9.305760709,11.76270031,67.67676768
542601,7.323452485,10.1799775,50.26455026
542602,2.525252525,14.53661173,48.37310195
542700,6.30387931,10.00536481,64.63104326
542800,1.19047619,15.1925078,43.01369863
542900,1.583710407,6.048387097,50.33783784
543000,2.769461078,6.252397392,44.73257699
543100,2.709677419,12.16955333,45.97839136
543201,7.136929461,13.55932203,52.87671233
543202,1.314348302,8.583391486,62.93706294
543304,0.8835341365,3.450258769,30.94879518
543305,4.431314623,3.05,44.95268139
543306,3.841309824,8.441949068,48.98132428
543321,2.800658979,6.716196137,27.72689425
543322,6.71641791,12.61977097,38.47222222
543400,0.5070993915,9.035409035,45.07936508
543501,4.087385483,4.038772213,46.45048203
543502,9.497816594,8.828315704,34.94423792
543503,1.060445387,5.823475887,30.27245207
543601,0,5.056669573,39.34108527
543602,0,6.503091961,33.09580364
543603,3.577512777,8.670520231,40.7735697
543604,1.95903829,5.843216662,43.98699892
543701,3.337969402,11.78327196,41.04477612
543702,3.089036947,7.125890736,22.98546896
543703,0,5.641272903,35.34635879
543801,3.513281919,8.495297806,41.26819127
543802,3.772336201,8.393458393,29.70795569
543903,0,7.640449438,36.99015471
543905,1.967213115,6.459671663,36.643026
544001,2.452984464,8.416639794,52.4691358
544002,5.268817204,5.103969754,42.15938303
550000,4.761904762,40.54290718,33.73493976
550100,1.966717095,6.63400694,36.26634958
550201,0.7168458781,7.138934651,40.66666667
550202,0,5.398806294,34.71196455
550300,1.735817104,4.721888756,39.94169096
550400,13.37792642,6.25,44.72049689
550500,3.808033385,7.079823506,40.6471183
550601,2.361751152,4.664391354,39.47368421
550602,2.281746032,5.365502341,31.98380567
550700,3.069053708,3.454848701,23.02325581
550800,4.464285714,5.968006563,23.47041123
550901,6.653019447,4.951690821,60.24096386
550902,0.7965686275,5.468549422,22.93814433
551000,3.695652174,5.943036555,32.2094055
551101,1.88989318,3.634136382,37.41007194
551102,6.946454414,6.931262583,33.77777778
551201,2.256532067,8.228980322,48.06866953
551202,3.453103126,5.020746888,54.96503497
551300,0,8.488745981,43.23607427
551401,1.804511278,4.435617345,25.56561086
551402,0,5.865921788,28.03738318
551501,1.262063846,4.027731925,51.04895105
551502,0,5.265241489,60.45548654
551600,#DIV/0!,#DIV/0!,#DIV/0!
551700,0.332594235,7.631785995,29.09407666
551800,3.84397965,4.660087719,44.46177847
551900,3.333333333,7.46130031,26.86084142
552001,2.314049587,5.757009346,36.49635036
552002,3.428571429,8.113848768,19.67213115
552100,0.5509641873,8.984375,44.02917046
552200,6.804374241,6.498893805,35.8490566
552301,3.324348607,5.378627035,24.26614481
552302,1.608187135,8.666134185,50.98335855
552400,1.140684411,8.196721311,40.68441065
552601,10.44474394,5.47788873,44.15322581
552602,3.625170999,7.520891365,17.17791411
552700,6.605305901,5.424476295,31.62650602
552800,3.695014663,6.404494382,39.52513966
552900,6.797235023,13.21436639,34.2519685
553000,1.855976244,6.504065041,21.13821138
553100,3.164556962,4.92920818,35.01849568
553200,1.363884343,8.241308793,41.11842105
553300,0,6.28959276,43.2967033
553400,2.198852772,5.037313433,33.75314861
553502,3.683737646,7.620817844,34.3980344
553503,4.526166902,7.733619764,22.5433526
553504,1.833927662,8.296213808,51.32924335
553601,1.564722617,13.48853132,55.18134715
553602,2.543424318,7.939508507,47.93103448
553701,5.199025183,7.084468665,36.01398601
553702,3.769140165,11.16451017,42.89617486
553801,4.883081155,11.06830123,79.71014493
553802,0.580781415,13.71749108,58.90410959
553901,7.418252806,6.139464376,45.05862647
553902,1.797101449,9.274873524,44.50867052
554001,1.368301026,6.717363752,61.86440678
554002,3.875476493,10.99143883,17.78656126
554101,0,6.255430061,28.26855124
554103,3.448275862,4.528301887,28.79581152
554104,3.284671533,8.426596445,61.16504854
554105,0,10.32511611,33.2278481
554201,3.84097035,11.58927897,17.77777778
554203,5.459770115,5.029093932,25
554204,1.132930514,8.025682183,36.71096346
554301,5.834186285,6.494587843,35.01683502
554302,2.298050139,9.344707251,17.05685619
554403,2.366504854,8.616429895,24.51499118
554404,6.280667321,8.276689324,33.55408389
554405,0,9.21182266,48.88888889
554406,1.623686724,8.241758242,38.42975207
554511,2.97833935,2.797833935,15.24475524
554512,0.4672897196,4.413831881,22.46153846
554513,3.125,2.382485512,31.23844732
554514,3.792784459,3.818118709,20.53763441
554515,0,8.440366972,18.6023622
554516,1.453957997,4.06824147,23.5042735
554517,0,4.679245283,26.01726264
554518,3.278688525,2.4895021,19.30184805
554519,6.911764706,3.936170213,26.13307618
554521,0.8356545961,4.92665375,25.36483669
554522,2.250803859,7.776261937,24.93786247
554600,4.923076923,6.291275634,35.40925267
554700,1.309635173,10.12031139,43.12796209
554801,0,2.385786802,37.15083799
554802,2.068416866,8.813733026,45.59585492
554900,9.517601043,8.081457663,55.77586207
555001,2.454417952,9.186046512,35.53370787
555002,4.390243902,8.415608839,23.33333333
555102,1.565995526,8.959125475,43.43317972
555103,0,5.371502091,38.93442623
555104,2.237354086,5.826351866,47.47252747
555202,2.136181575,4.381049414,32.21153846
555211,2.187324734,9.931701764,28.30820771
555212,3.663500678,9.442060086,49.60422164
570001,1.99456029,11.8373494,37.76223776
570002,1.70261067,9.96835443,32.13213213
570003,2.602230483,8.318521152,53.70741483
570100,5.099150142,15.73359073,39.16913947
570202,4.06714009,9.342915811,53.01204819
570203,4.325259516,14.06441093,53.94190871
570204,3.986135182,5.877616747,30.80939948
570301,2.434856899,7.105862855,23.55889724
570303,5.131337813,15.15740381,34.56790123
570304,3.550295858,9.68054211,59.02255639
570402,3.097773475,8.747697974,34.5177665
570403,5.971659919,5.484522207,26.05042017
570404,5.500450857,9.514925373,35.47008547
570501,1.754385965,8.959044369,48.41402337
570502,5.375782881,9.733840304,32.92929293
570601,1.506931887,12.86784377,9.032258065
570602,4.198841699,10.74641381,46.01941748
570603,4.638321369,19.67036904,66.36904762
570701,0,7.094197792,36.10547667
570702,4.678362573,7.8891258,36.79245283
570800,5.69159497,7.826834862,50.35211268
570901,0.6042296073,8.979257642,31.46067416
570902,0,3.296703297,37.78195489
571000,0.8148148148,5.904866047,24.06287787
571101,1.29740519,5.416666667,31.87183811
571102,3.290129611,8.527437821,31.00775194
571200,0.8023340627,8.022284123,35.55992141
571300,1.301775148,5.215074229,35.84379358
571400,1.445086705,8.381601363,36.48393195
571502,1.956745623,16.8019767,38.40682788
571503,1.179245283,7.244094488,35.5704698
571504,0,6.382978723,41.88861985
571600,3.015075377,18.89616464,59.25925926
571701,0,6.894828878,40.12605042
571703,11.01759755,14.79979726,48
571704,6.578947368,10.22683583,45.58404558
571800,0,5.287896592,39.92146597
571900,4.425410421,9.852490955,45.75342466
572001,0,5.07225843,34.30962343
572002,0,4.468468468,54.77099237
572100,5.93220339,5.511811024,43.90243902
572201,2.415766052,7.14478296,51.37524558
572202,0,6.41025641,32.15859031
572301,5.506216696,8.422939068,36.66666667
572302,1.564129301,5.046480744,49.39759036
572400,2.006688963,10.2960103,40.24390244
572500,3.932151118,19.73617453,56.34328358
572600,0.8984105045,5.852793379,46.9953775
572700,0.4871259569,7.581660174,40.14510278
572800,11.19402985,25.46296296,92.59259259
572900,3.087478559,13.23787259,52.3255814
573002,1.398601399,4.942665085,8.074534161
573003,2.843601896,3.826530612,22.65625
573004,3.081967213,4.104347826,31.97278912
573100,4.474610357,6.139662613,24.65753425
573201,1.665598975,8.783321941,57.43589744
573202,2.283105023,9.768130242,22.19512195
573300,4.780262143,10.06998445,30.37974684
573401,1.675977654,5.710814095,29.72972973
573402,9.135802469,8.16826174,30
573403,0,1.868399675,37.83068783
573601,1.105736006,3.814262023,32.11100099
573700,0,8.176312248,41.73441734
573800,0,7.104219257,31.62705667
573902,1.452784504,8.204193254,26.28205128
574000,3.552859619,4.827175209,28.32929782
574100,1.509769094,4.11509901,29.91913747
574201,3.06122449,9.017713366,30.55555556
574202,0,7.679870655,23.18181818
574300,4.956268222,6.329113924,49.40411701
574400,0.8643042351,6.392845313,37.06140351
574500,0,7.196969697,32.83842795
574601,0.3428571429,1.851851852,#DIV/0!
574602,4.294478528,3.345070423,27.95031056
574700,#DIV/0!,#DIV/0!,#DIV/0!
574800,2.554027505,4.247509177,31.2749004
574901,2.035928144,7.237687366,11.4822547
574902,0.7368421053,3.401528223,19.94219653
575001,0,2.574329224,32.36514523
575002,2.537485582,5.463414634,14.91053678
575101,2.759197324,5.882352941,35.90504451
575102,0.8587041374,5.834621329,32.6007326
575103,2.745098039,8.853606028,32.85198556
575201,3.881140085,11.52899824,39.17525773
575202,1.313320826,8.886470802,55.19125683
575300,0,12.15686275,52.77777778
575401,3.963612736,8.136004857,67.12962963
575402,5.25982256,11.40456182,67.59776536
575500,0,0,100
575801,4.030501089,9.35302391,60
575802,2.01511335,12.53226269,57.0754717
575803,2.97029703,7.511737089,47.04890388
575901,3.388189739,14.21254802,31.11111111
575902,8.37628866,7.951987997,56.10200364
576001,0,3.013500482,23.48111658
576200,3.720405862,13.50435624,42.13973799
576301,2.087912088,10.76197958,56.77179963
576302,1.074691026,3.429796356,53.55191257
576401,1.341531582,16.18533799,68.8372093
576402,2.972136223,9.872611465,64.13043478
576403,6.756756757,11.30268199,42.70833333
576501,0.2739726027,9.26124197,53.04568528
576502,2.982292637,16.75675676,52.5210084
576503,3.978494624,8.375796178,64.21052632
576601,0,10.82206035,42.91497976
576602,7.590759076,10.47921478,41.46341463
576700,0,8.233082707,33.21167883
576801,7.679465776,3.877275792,43.75
576802,3.966942149,8.853783982,34.7826087
576901,0.4186289901,8.141009384,26.8722467
576903,5.917874396,8.958248885,25.10121457
576904,5.045045045,9.031467103,11.57894737
577000,2.246320682,7.860732233,17.32026144
577100,10.44776119,4.485016868,28.57142857
577200,8.043478261,7.680389553,27.97927461
577300,0,4.684975767,15.97717546
577400,7.552083333,4.24590889,26.2295082
577501,7.322175732,4.802401201,26.14188533
577504,9.278350515,5.72972973,24.16356877
577602,2.099236641,3.937947494,24.92781521
577603,0,3.510220937,20.79037801
577604,0,2.714932127,20.2739726
599000,4.541631623,3.412322275,19.49860724
599100,0,0.4926108374,#DIV/0!
600100,1.292407108,11.77557146,43.40567613
600201,4.607508532,13.87434555,49.56140351
600202,5.600403633,12.81614095,34.96309963
600302,6.529209622,11.09819872,44.0647482
600303,1.844426624,9.243697479,63.55932203
600304,3.878702398,10.09542943,40.69264069
600400,1.685985248,10.56144484,42.52400549
600501,0,16.83804627,39.04761905
600502,0,11.76470588,59.48275862
600601,4.678362573,13.36828309,37.00516351
600602,5.036726128,14.24129353,50
600702,2.691924227,7.685098407,35.17857143
600703,1.731601732,9.302325581,30.45356371
600704,1.447178003,8.773903262,25.56131261
600801,5.250875146,14.25132403,31.25
600802,0,12.90512669,38.28715365
600902,0.9606147935,14.80494306,39.5711501
600911,1.234567901,8.818565401,32.72171254
600912,8.344113842,7.677329624,36.57587549
601001,0,16.85994648,42.24
601002,4.273504274,9.535040431,27.72133527
601100,3.117505995,9.628712871,53.95189003
601202,4.528650647,6.806282723,27.62148338
601211,3.956043956,12.90684624,51.16959064
601212,3.913043478,7.27029438,54.97925311
601301,8.577405858,9.900990099,46.2962963
601302,6.617982656,11.29465208,48.4
601303,1.670463174,10.47711154,55.23809524
601401,9.501187648,14.39934174,41.7677643
601402,2.985074627,7.70852153,36.71875
601501,3.43980344,8.396369138,47.01492537
601502,2.586206897,9.45709282,36.47540984
601600,0,3.506650544,26.06516291
601700,7.82940802,8.038029386,32.63888889
601801,4.639684107,7.078853047,40
601802,9.958847737,3.620621802,19.46564885
601900,3.153669725,10.51239669,42.53521127
602002,1.906779661,5.708354956,29.13043478
602003,1.867816092,9.255761239,35.58558559
602004,0,8.763952046,35.84415584
602103,4.2147806,4.848764719,40.0390625
602104,1.078748652,8.003393665,43.76417234
602105,2.512562814,10.41397154,34.44108761
602106,1.213818861,7.440066134,8.373590982
602200,6.468871595,4.830525675,41.5274463
602301,2.84057971,5.256898192,34.44283647
602302,1.090512541,5.87164315,39.61456103
602402,1.15406809,7.452294997,41.60982265
602403,6.299782766,6.560088203,40.58295964
602404,3.711790393,6.966292135,46.40151515
602504,1.489203276,6.049149338,41.15226337
602505,3.232323232,5.431547619,51.5037594
602506,3.184713376,10.2632583,22.17573222
602507,6.182602444,4.756833511,39.40397351
602508,4.494902688,6.216274552,42.82608696
602509,4.010462075,11.19676946,36.34020619
602600,5.613305613,15.90541633,32.24659158
602700,17.94871795,13.09473684,26.5060241
602801,0,9.426393903,16.74208145
602802,0,3.511947864,42.98584299
602900,1.90023753,9.741248097,47.05882353
603001,0,7.795150691,34.91295938
603004,1.079136691,9.59651036,28.75
603005,1.129568106,9.197919518,31.75182482
603006,0,7.976490344,40.81632653
603101,6.23655914,11.69826543,30.97913323
603102,0,9.924005364,39.28571429
603200,0,3.618090452,24.38356164
603301,5.138339921,6.039689387,30.86053412
603302,0,7.614006515,24.29530201
603400,1.19760479,3.571428571,53.14285714
603500,8.682634731,10.24697846,33.33333333
603600,4.014167651,5.682216766,31.37583893
603702,4.916317992,7.99434029,36.1138371
603703,3.118908382,7.662192394,33.52601156
603704,4.054054054,11.30952381,32.26381462
603801,1.364670205,9.523809524,29.76190476
603802,8.8794926,12.08615876,37.23958333
603900,2.862419206,6.941250261,30.97686375
604001,6.011372868,7.357212004,63.38028169
604002,2.067669173,7.047563805,34.42982456
604100,0.9887936717,8.387096774,46.72245467
609900,6.128133705,8.050089445,44.21965318
620001,7.578740157,5.831124574,39.18128655
620002,1.67539267,4.174147217,19.21052632
620101,1.461377871,4.534676941,17.5911252
620102,0.8771929825,7.930214116,36.8956743
620201,4.12371134,2.56204964,4.87804878
620301,0,3.687888199,17.34417344
620303,2.372644801,3.653530378,11.51832461
620305,1.517857143,1.409214092,14.92693111
620400,11.76929072,1.716593739,19.66873706
620501,1.72143975,7.129750983,18.73111782
620521,4.64,6.159278148,28.4375
620522,7.804878049,4.946889226,16.12903226
620601,3.165182987,8.776301218,29.24961715
620602,10.93355761,6.83929074,25.35433071
620701,3.115727003,5.668733392,28.45744681
620702,0,8.075370121,28.80755608
620800,3.014354067,4.587781058,21.88599578
620901,0.8187134503,3.841387856,18.12865497
620904,0,3.632103105,16.12200436
621001,2.195389682,1.757469244,33.97683398
621002,3.448275862,3.453689168,17.03296703
621004,2.102102102,3.294634452,26.23274162
621102,1.844532279,4.402834008,36.57718121
621104,1.150442478,4.255728866,31.25
621201,0,3.513703443,24.81060606
621204,0,1.845869866,31.38373752
621301,5.495169082,6.360979996,23.74854482
621324,0,0.193498452,31.96078431
621326,0,0.9132420091,13.63636364
621400,0.5972696246,3.947832217,30.67400275
650001,0,5.384393896,34.72222222
650003,3.040540541,10.94268119,39.94334278
650004,0.5747126437,5.909250791,20.56737589
650101,3.185840708,9.431137725,27.61605035
650102,4.580152672,10.57754705,41.41414141
650200,4.501607717,6.407563025,33.88338834
650300,7.607282185,8.067843227,39.71962617
650401,0.5106382979,6.885919836,34.09090909
650501,1.54494382,6.052193226,30.25641026
650502,0.8323424495,4.303197789,17.08378672
650602,0.6218202374,2.898550725,45.40816327
650603,0,3.545119705,42.43176179
650604,2.362204724,3.222341568,39.34210526
650605,6.168831169,7.167572912,33.75
650701,3.177570093,4.48199853,33.87978142
650702,1.181818182,6.276984391,35.06024096
650800,0,6.950726018,33.94123607
650901,6.938159879,1.510067114,13.88478582
650902,2.057613169,6.433184302,30.18617021
651001,6.700655499,6.235697941,28.24207493
651002,9.324758842,4.652605459,35.94771242
651101,2.898550725,3.595430108,33.46303502
651102,0.8103727715,5.791505792,34.35852373
651201,3.535811423,3.734858681,36.93045564
651221,0,6.578947368,56.67351129
651222,7.179161372,4.495192308,28.92249527
651302,0.9986684421,4.88378935,31.53284672
651304,0,3.307799443,17.40331492
651401,19.20152091,10.19522777,35.83333333
651402,3.677510608,2.125,24.9704142
670001,0,10.01311762,26.06060606
670002,1.495726496,12.40526526,50
670003,0.8944543828,7.069892473,27.53623188
670100,2.163293789,12.03482046,23.38362069
670201,0,7.570093458,24.16666667
670202,0.8012820513,4.520166898,22.04585538
670324,0.9454545455,5.495356037,31.04304636
670326,1.536491677,5.548926014,27.7400582
670328,1.531023368,3.367139959,14.63414634
670403,0,2.23880597,15.3526971
670405,2.919708029,3.525641026,36.52875883
670406,9.635974304,7.784431138,19.65648855
670407,0,4.234048809,20.43650794
670411,0,2.779003088,36.33692458
670413,4.455869751,4.280318926,26.39109698
670416,3.944315545,3.693693694,33.1215971
670500,2.359882006,5.660377358,29.45454545
670602,3.551136364,4.611111111,26.41416626
670701,3.541416567,6.059804181,36.77829099
670702,0,7.775453278,24.18300654
700101,16.30434783,4.155844156,63.35350043
700102,0,7.603305785,45.83333333
700200,0,4.10322167,67.4556213
700300,0,5.728470498,33.08641975
700400,0,4.890544946,26.32911392
700501,0,5.666666667,30
700502,0,8.203870264,26.28676471
700600,2.31980116,6.553398058,28.98550725
700700,0,1.092043682,20.49180328
700801,0,4.796411318,54.81530343
700802,3.863987635,4.653130288,27.24358974
700901,4.069050555,8.814589666,25.34722222
700902,3.149138443,2.616516762,25.5
701000,4.491525424,4.560759106,13.92515231
701100,0,48.94459103,85.36585366
701201,3.781979978,5.729166667,24.82621648
701202,1.204819277,2.670111972,22
701302,0,1.613322925,34.06998158
701304,2.032913843,5.552560647,26.53440794
701402,4.188481675,9.575649856,45.5026455
701501,0,5.349439172,29.20560748
701502,2.542372881,5.483128834,27.10843373
701601,3.144654088,2.152932442,21.2962963
701602,2.363367799,3.507541214,20.4787234
701701,1.013513514,5.373936408,35.95706619
701702,0,3.65525202,47.07158351
701801,0.9881422925,9.312737855,37.9093199
701802,0,12.15834119,39.08918406
701902,0,8.812589413,41.29411765
702002,0,4.688561721,42.20183486
702102,0,9.344299749,40.12474012
702201,8.658922914,5.657181572,38.29787234
702202,0,3.755102041,27.40315638
702300,2.243589744,4.937163375,35.83710407
702400,3.726708075,3.066544005,43.25842697
702501,2.301790281,5.064893954,15.81259151
702502,19.68215159,2.126754573,37.5249501
702600,4.79338843,4.184829991,43.78980892
702700,0.6815968841,4.368932039,26.35983264
702801,0,5.016521478,36.49350649
702802,1.941747573,4.199634814,42.22222222
702803,1.379310345,8.10940499,60.76696165
702901,10.52631579,3.998984385,32.41308793
703001,4.014939309,4.750649965,42.12765957
703002,0,6.952154375,24.06921867
703100,10.20776874,8.026658939,25.72898799
703200,3.549060543,8.400357462,34.94176373
800101,2.319044273,5.049875312,31.35738832
800102,5.023640662,7.349149046,15.23178808
800202,1.440092166,3.624671149,10.98901099
800203,0.2035278155,6.560283688,22.11538462
800204,2.464454976,10.93322921,27.15939448
800324,4.18204182,5.96762503,29.55974843
800325,1.337295691,5.161290323,22.74975272
800326,2.178217822,5.616779239,18.18923328
800327,0.7382550336,3.137254902,48.71794872
800328,4.225352113,4.423918328,49.54954955
800329,0,9.090909091,16.1987041
800330,2.04778157,6.821705426,27.96610169
800331,3.187250996,7.551487414,39.68253968
800332,3.04136253,7.05110686,27.88374205
800406,1.503759398,6.574621959,25.08143322
800408,9.239940387,3.613916947,23.17567568
800410,1.823154057,4.610733182,17.15210356
800504,0,12.15351812,23.60703812
800506,4.718693285,5.430140329,24.09793814
900102,11,13.06990881,35.82887701
900103,5.962521295,12.76595745,40.31971581
900104,6.206206206,19.58612649,39.13669065
900201,0,7.781456954,33.84615385
900300,1.140901312,4.110585668,42.26044226
900501,7.635829662,8.642272508,33.82594417
900504,0.9538950715,7.817745803,27.22117202
900505,1.994091581,12.56358087,21.3592233
900506,3.056147832,8.743169399,32.99319728
900507,1.666666667,7.791598216,47.18693285
900508,5.245683931,6.453278265,23.67491166
900602,2.849462366,6.692913386,28.62318841
900605,0.2482929857,13.64874907,31.56732892
900606,0,13.10843373,45.60810811
900607,3.03657695,10.47708138,39.01734104
900608,2.376425856,6.168042739,22.6635514
900609,0.7899628253,7.251317013,45.12820513
900701,3.86656558,11.41390205,51.97568389
900703,2.185223725,11.66272656,28.00788955
900704,2.971768202,6.210191083,26.51933702
900705,1.015801354,10.13125513,48.17275748
900803,1.286826956,6.034801925,19.35483871
900804,2.755102041,10.32934132,33.5243553
900805,0,10.55456172,35.58718861
900806,1.056105611,10.40100251,36.61137441
900900,1.076320939,5.860805861,37.48055988
901003,#DIV/0!,#DIV/0!,#DIV/0!
901004,4.816753927,7.839767319,37.98319328
901007,0,5.664488017,28.75536481
901008,2.966101695,7.502679528,23.19391635
901009,0,9.785841761,22.88135593
901010,4.672395274,10.06558312,28.86435331
901011,1.996805112,8.672086721,41.99655766
901101,1.465201465,12.69984917,30.98330241
901102,2.295918367,9.746872272,28.88888889
901205,4.141524959,6.795252226,30.35413153
901209,1.843317972,14.98216409,38.76923077
901210,2.298850575,16.59311562,47.05882353
901213,0.906002265,12.05967675,33.57400722
910001,1.699279094,8.944399678,44.29012346
910002,4.752704791,13.4204793,50.84985836
910101,4.978038067,9.147982063,49.47368421
910201,0.8316008316,12.40938166,41.72661871
910202,3.725112396,12.72727273,25.09270705
910205,0,6.570302234,22.70531401
910206,4.340277778,8.665430955,19.45525292
910207,3.733766234,11.43756558,28.91344383
910208,2.525252525,10.44071354,35.16320475
910209,0.9042954032,10.32831737,40.35087719
910210,7.175090253,8.071845921,32.44353183
910301,5.431309904,6.236831016,25.57755776
910302,2.514890801,7.314112291,40.9033877
910401,3.609341826,9.007981756,24.44751381
910402,2.38744884,11.19047619,49.24623116
910403,3.427419355,7.274320771,83.63636364
910404,5.805892548,9.065716548,49.81273408
910501,5.786219081,20.71591775,57.54716981
910502,8.908685969,15.59714795,40.17857143
910504,5.460060667,14.85758276,45.01347709
910505,11.76470588,13.78755365,31.79723502
910601,4.202004626,13.75512295,36.2745098
910602,6.7381317,11.87857457,51.01123596
910603,10.12241055,15.94240165,46.58469945
910605,2.467532468,5.847299814,32.21649485
910606,4.439428141,9.675785208,55.18867925
910705,4.63238419,10.25424919,34.05797101
910706,3.851381966,14.74059841,68.78306878
910707,8.156711625,12.95693087,50
910709,6.300484653,18.72187219,41.36363636
910711,4.057066429,13.98448379,28.09667674
910712,6.638566913,10.09501188,42.38683128
910713,2.885624344,9.2861464,33.0078125
910714,3.158650395,8.094218415,24.72324723
910715,0.3698566805,7.252007252,56.30252101
910716,7.151515152,12.2575431,50.9569378
910804,1.913043478,4.11622276,31.11545988
910805,2.769535114,12.24422442,25.14204545
910807,2.333523051,10.93000959,22.38586156
910808,1.941747573,7.73993808,43.58208955
910809,6.06741573,5.83573487,17.43589744
910810,4.324324324,5.265957447,29.20353982
910811,#DIV/0!,0,55.55555556
910812,8.163265306,14.79289941,22.22222222
910813,1.221374046,6.52173913,25.39912917
911001,3.329369798,16.14349776,30.08948546
920011,0,20.26143791,23.52941176
920012,0,6.944444444,29.91071429
920013,0.8169934641,10.14142808,41.16575592
920015,2.458100559,5.501985252,27.80748663
920016,7.262103506,10.11711126,42.70833333
920017,7.078039927,13.67791842,46.76806084
920018,0,7.503410641,30.37974684
920020,3.5,6.006984866,37.7267231
920023,3.831891224,9.060773481,21.13821138
920026,20,33.46613546,51.85185185
920028,4.489795918,9.304533587,34.62365591
920029,0,8.425231584,55.14285714
920030,5.586592179,9.557291667,18.68131868
920031,2.94426919,11.60254468,39.59873284
920032,0.4854368932,9.164677804,26.12244898
920033,0,18.65168539,38.55421687
920034,4.705882353,8.75273523,46.82779456
920035,5.136106831,8.874281019,37.0942813
920036,4.358353511,8.524904215,33.91608392
920037,4.583921016,8.684456929,47.06959707
920038,7.848633497,9.917638984,70.4797048
920039,4.697986577,8.720930233,43.6123348
920040,2.82542886,10.37137681,53.06859206
920041,0,6.949152542,41.74311927
920042,0,6.007791675,44.5026178
920043,5.395864851,2.621822034,30.08298755
920044,0.518134715,7.275902212,28.22299652
920045,0.756302521,5.945072698,32.83950617
920102,2.671755725,12.03355511,45.39473684
920104,6.211936663,8.831306187,45.70637119
920106,5,7.751239297,33.08823529
920107,1.380103508,2.292371289,22.94117647
920108,6.208311955,6.673145449,20.67307692
920109,2.083333333,2.670267027,31.84634449
920110,1.207464325,2.9147021,14.12429379
920111,8.931419458,10.53435115,22.75862069
920112,3.658536585,3.466872111,29.33333333
920114,0,3.777931352,33.33333333
920115,2.777777778,4.093799682,18.40909091
920116,2.126245847,10.14819588,39.23541247
920118,2.919708029,3.198567042,17.31601732
920119,3.797468354,1.996672213,44.21052632
920200,#DIV/0!,#DIV/0!,#DIV/0!
920303,12.58741259,9.18196995,23.2
920312,4.163052905,9.70075633,38.79210221
920313,0.3759398496,8.92641737,44.55696203
920314,0.5502063274,2.537796976,28.34645669
920322,3.778337531,11.1915734,43.31450094
920326,7.114845938,3.63179534,35.86206897
920328,5.93824228,4.473503097,18.82352941
920329,3.703703704,9.788208357,23.43283582
920330,2.807357212,6.147409076,38.39373164
920331,4.137931034,6.067316209,29.26829268
920332,4.299065421,7.827175955,41.07883817
920334,3.311735061,10.04983389,36.51821862
920336,6.693803709,6.640432858,27.24358974
920337,1.46627566,8.873151427,32.53968254
920338,3.562592776,5.15434721,21.73913043
920339,3.534303534,3.237019335,49.57081545
930101,0,0,0
930200,0,4.102564103,10.16949153
930301,0,7.179487179,13.33333333
980001,#DIV/0!,#DIV/0!,#DIV/0!
980002,#DIV/0!,#DIV/0!,#DIV/0!
980003,#DIV/0!,#DIV/0!,#DIV/0!
980004,#DIV/0!,#DIV/0!,#DIV/0!
980005,#DIV/0!,#DIV/0!,#DIV/0!
980006,#DIV/0!,#DIV/0!,#DIV/0!
980007,#DIV/0!,#DIV/0!,#DIV/0!
980008,0,11.9047619,0
980009,0,0,#DIV/0!
980010,0,45,64.44444444
980013,#DIV/0!,#DIV/0!,#DIV/0!
980014,#DIV/0!,#DIV/0!,#DIV/0!
980015,0,10.81794195,45.45454545
980018,#DIV/0!,#DIV/0!,#DIV/0!
980019,0,7.142857143,0
980020,#DIV/0!,#DIV/0!,#DIV/0!
980021,0,50,#DIV/0!
980022,#DIV/0!,#DIV/0!,#DIV/0!
980023,#DIV/0!,#DIV/0!,#DIV/0!
980024,12.32876712,0,66.66666667
980025,#DIV/0!,#DIV/0!,#DIV/0!
980026,#DIV/0!,25,#DIV/0!
980028,#DIV/0!,#DIV/0!,#DIV/0!
980030,#DIV/0!,#DIV/0!,#DIV/0!
980031,0,0,#DIV/0!
980033,#DIV/0!,#DIV/0!,100
990100,#DIV/0!,#DIV/0!,#DIV/0!
990200,#DIV/0!,#DIV/0!,#DIV/0!
990300,#DIV/0!,#DIV/0!,#DIV/0!
,#DIV/0!,#DIV/0!,#DIV/0!
,#DIV/0!,#DIV/0!,#DIV/0!