Tract,Pct_LF_Part,Pct_EP_Ratio,Pct_Unemp
101110,62.7,56.6,9.6
101122,75,69.3,7.6
101210,69.3,62.4,9.9
101220,57.3,53.2,7
101300,54.4,48.8,10.3
101400,62.5,56,10.3
102103,65.2,58.9,9.7
102104,59.6,51.6,13.4
102105,71.7,64.6,9.9
102107,60.3,55.3,8.2
103101,63.2,59,6.7
103102,65,59.3,8.8
103200,55.8,54,3.2
103300,59.3,56.2,5.3
103400,64.2,61.8,3.8
104103,60.5,57.4,5.2
104105,55.9,50.1,10.4
104108,67,61.3,8.4
104124,57.1,54.3,5
104201,60.5,55.3,8.6
104203,69.8,63.6,8.9
104204,54.8,50.2,8.3
104310,68.6,63.1,8.1
104320,65.7,51.6,21.6
104401,68.4,60.9,11.1
104403,62.9,54,14.2
104404,63.6,59.7,6.1
104500,62,60.5,2.3
104610,62.3,58.5,6.1
104620,63.4,59.3,6.4
104701,58.6,48.4,17.4
104703,69.8,63.5,9
104704,61.2,55.2,9.8
104810,69.7,64.9,6.8
104821,67.9,61.8,9.1
104822,69.1,59,14.7
106010,67,63.6,5.1
106020,63.4,59.5,6.2
106111,63.5,58.8,7.3
106112,63.4,60.3,4.8
106113,61.6,57.8,6.1
106114,63.7,59.3,6.8
106403,63.2,59.3,6.1
106405,58,51.8,10.6
106406,66.7,63.3,4.5
106407,59.8,54.8,8.3
106408,69.3,64.2,7.1
106510,68.6,64.7,5.1
106520,62.3,60.3,3
106603,63.3,59.9,4.7
106604,61.4,57.3,6.1
106641,61.8,57.5,6.9
106642,67,62.2,7.2
106643,62.8,59.4,5.4
106645,58,54.3,6.4
106646,57.2,54.3,5.1
106648,65.2,62.3,4.6
106649,68,59.1,12.8
107010,64.5,57.2,11.4
107020,66.5,62.7,5.6
108101,62.4,60.3,3.3
108102,57.3,53.7,6.2
108103,61.4,59.5,3.1
108104,53.5,52.3,2.2
108201,65.1,61.5,5.6
108202,62,57.9,6.5
109100,57,51.9,9
109200,73.9,71.4,3.4
109300,67.4,57.4,14.7
109400,62.6,59.4,5
109500,58.4,54.8,6.1
109601,65,57.8,11.2
109603,63.9,57.4,10.1
109604,74,67.3,9.1
109700,70.6,65.3,7.5
109800,68.1,65,3.9
111100,65.6,59.7,9
111201,66.8,60.6,9.4
111202,60.6,56.2,7.1
111204,59.5,56.2,5.5
111205,64.1,60.3,6
111206,57.7,54.3,5.9
111301,69.3,66.6,3.9
111302,59,55,6.8
111400,65,62.5,3.8
113101,59.4,56.9,4.3
113102,59.1,55.5,6
113211,64.6,62.1,3.8
113212,69.2,65.7,5.1
113213,64.3,62.6,2.7
113231,62.1,58.4,5.9
113232,60,57.9,3.5
113233,75.1,70.6,6
113234,63.9,60.4,5.4
113235,74.6,69,7.4
113237,63.7,58.3,8.5
113301,52.3,51.3,2
113303,63.8,61.1,4
113321,72.6,64.9,10.7
113322,64.1,61.1,4.6
113401,63.6,60.2,5.3
113421,72.6,68.2,6.1
113422,68,62.5,8.1
115101,59.1,56.8,3.9
115103,48,34.7,27.7
115104,71.9,68.3,4.9
115201,62.9,58.7,6
115202,72.8,70.8,2.8
115301,61.1,57.1,6.7
115302,62.5,59.7,4.4
115401,66,62.4,5.4
115403,66.5,60.2,9.4
115404,57.3,55.1,3.8
117101,69.7,63.1,9.5
117102,66.7,63.8,4.5
117201,59.1,55.1,6.8
117202,60.3,53.6,11.3
117301,72.1,65,9.6
117302,61.6,57.7,6.4
117303,65.8,63,4.3
117404,71.2,64.1,9.9
117405,69.8,63.6,8.9
117407,63.3,59.6,5.9
117408,75.5,65.6,13.1
117510,70.3,65.8,6.4
117520,72,62.8,12.8
117530,74.5,66.4,10.8
119001,67.6,63.2,6.4
119002,70.6,65.1,7.8
119201,66,62.8,4.9
119202,61.4,56.8,7.6
119310,66.6,58.8,11.8
119320,73.9,69.6,5.8
119340,77,68.1,11.5
119341,65,58.3,10.3
119342,71.2,63.1,11.2
119400,66.5,58.5,12.1
119700,65.8,63.2,3.9
119800,70.2,66.1,5.7
119900,66.1,61.4,7.2
120010,69.8,63.5,9
120020,67.2,60.6,9.8
120030,64,60.3,5.8
120103,65.6,57.9,11.7
120104,69.4,66.7,3.6
120105,53.4,46.9,12.3
120106,71.1,60.8,14.6
120107,69,62.7,9.1
120108,70.4,63.9,9.3
120300,64.9,57.6,11.2
120400,65.2,59.2,9.2
121010,63.7,61.9,2.8
121020,66.4,62.2,6.3
121101,69.2,63.4,8.3
121102,60.4,58.4,3.3
121210,55.7,52.1,6.4
121221,60.8,54.9,9.7
121222,60.8,56.4,7.2
121600,55.7,53.9,3.1
121801,60.5,55.1,9
121802,55.5,47.3,14.7
121900,56.3,54.8,2.8
122000,59.6,52.6,11.6
122120,60.1,56.6,5.9
122121,62.2,57.6,7.4
122122,58.4,53.4,8.5
122200,65.8,60.3,8.5
122410,58.2,52.3,10.1
122420,68,61.8,9.2
123010,59.9,56.9,5
123020,60,56,6.5
123103,66.9,62,7.4
123104,66.4,61.4,7.5
123203,59.7,51.7,13.5
123204,66.5,60,9.8
123205,65.6,63.6,3.1
123206,63.5,59.8,5.9
123301,69.8,66.4,5
123303,58,52.2,10
123304,56.5,50.7,10.1
123410,61.1,54.1,11.4
123420,66.1,59.1,10.6
123510,64,59,7.7
123520,66.6,61.2,8.2
123601,69.6,64.4,7.4
123602,65.4,61.2,6.3
123700,59.2,54.9,7.3
123800,67.7,62.6,7.6
123901,68.4,64.6,5.6
123902,75.6,68.7,9.1
124000,70.5,62.9,10.9
124102,74.4,71,4.6
124103,61.9,55.9,9.3
124104,72.7,65.5,9.8
124105,66.1,58.8,11.1
124201,62.5,57.9,7.4
124203,68.9,65.7,4.6
124204,70.5,63.5,9.9
124300,66.2,61.9,6.5
124400,68.9,62.4,9.4
124500,77.1,74.4,3.5
124600,69.3,64.7,6.6
124700,74.6,69.7,6.7
124902,68.1,62.7,8
124903,71.3,61.4,13.9
125100,75.7,67.3,11
125200,76.4,69.7,8.8
125310,70.1,63.5,9.4
125320,67.9,62.4,8.1
125401,85.6,78.6,8.2
125402,82.1,73.3,10.4
125501,83,77.6,6.5
125502,80.5,70.7,12.1
125600,70.1,66.3,5.4
127102,70.9,62.4,12
127103,69,64.2,6.8
127104,71.1,58.1,18.2
127210,74.5,67,10.1
127220,67.7,61.6,9
127300,73.9,67,8.6
127400,75.7,69.1,8.5
127520,69.1,63.2,8.6
127603,71.6,60.7,15.2
127604,70.2,62.4,11.1
127605,73.2,68,7.1
127606,72,66.7,6.7
127711,78.8,72.6,7.9
127712,66,61.2,7.3
127803,62.9,58.6,6.8
127804,74.7,68.8,7.9
127805,64.2,59.4,7.6
127806,77,68.2,11.5
127910,69.6,62.8,9.8
127920,73.6,64.4,12.5
128101,72,65.6,8.9
128102,72.3,65.2,9.8
128210,66.6,56.9,14.6
128220,72,65.3,9.2
128302,69.7,61.4,11.8
128303,73.1,64.8,11.4
128400,75,69.9,6.9
128500,73.4,70,4.7
128601,73.7,66.3,10
128602,69.3,65.8,5.1
128702,79.4,71.5,9.2
128801,71.9,67.8,5.7
128802,77.2,75.7,1.9
128910,78.8,72.3,8.3
131010,73,67,7.9
131020,65.6,62.9,4.2
131100,70.2,64.6,8
131200,68.2,65.3,4.1
131300,62.9,59.5,5.4
131400,67.2,62.8,6.6
131600,63.7,59.2,7
131701,69.3,59.9,13.5
131702,63.7,59.2,7.1
131800,61.7,55.6,10
131900,65.2,59.7,8.5
132001,68.7,62.9,8
132002,74.6,70.3,5.8
132101,69.9,65.7,6
132102,73.1,67.4,7.8
132300,69.2,65.9,4.9
132501,54,51.7,3.8
132502,62.8,56.3,10.3
132700,65.2,62.4,4.4
132900,62,58.2,6
133000,64.6,58.4,9.6
133100,63.2,61.8,2.2
134001,74.6,71.9,3.6
134002,67.8,63,7
134101,68.2,61.6,9.7
134103,68.8,65,5.4
134104,70.6,67.8,3.9
134201,64.7,61.3,5.1
134302,65.3,58.6,10.2
134303,65.5,60.2,8.1
134304,59.1,54.4,7.9
134305,79.9,71.6,10.4
134306,66.9,62.4,6.8
134421,60.9,56.8,6.8
134422,65.9,62.2,5.6
134423,62.4,57.7,7.6
134424,62.1,57.3,7.8
134520,67,63.5,5.3
134521,74.9,70.3,6.1
134522,76.3,68.4,10.4
134710,69.3,63.3,8.6
134720,68.7,62,9.8
134800,66.2,62.8,5.1
134901,58.3,55.5,4.9
134903,76.6,70.6,7.7
134904,68.9,65.3,5.2
134905,79.2,74.4,6.1
135102,65.8,60.6,7.8
135111,63.4,62.7,1.1
135113,69.1,65.6,5.1
135114,62.4,51.6,17.3
135201,65.2,62.2,3.7
135202,60.2,54.7,9
135203,61.1,59.6,2.4
137000,59.2,55.4,6.5
137103,73.7,71.3,2.9
137104,68,62.6,7.9
137201,72.4,65.9,9
137301,62.8,59.3,5.7
137302,56.7,53.6,5.5
137401,70.2,63.3,9.8
137402,52.5,46.2,12.1
137501,66.5,60.5,9.1
137502,63.1,60.5,4.2
137504,61.3,59,3.6
138000,64.3,59.4,7.6
139001,76.9,73.3,4.7
139200,62.6,59.1,5.6
139301,71.1,65.5,8
139302,65.8,62.2,5.5
139303,68.9,64,7.1
139401,64.4,62,3.7
139402,58.2,54.2,7
139502,64.8,58.8,9.3
139503,66.5,61.3,7.9
139504,65.3,57.3,12.2
139600,67.8,63,7.1
139701,60.5,59.8,1.1
139702,56.4,54.1,4
139703,62.2,59.3,4.6
139801,56.5,53.6,5.1
139802,53,51.1,3.1
141101,78.5,73.2,6.7
141102,74.9,71.2,5
141201,80.6,75.2,6.7
141202,70.3,64.1,8.8
141302,80.9,73.2,9.5
141303,74.1,66.8,9.9
141304,74.6,68.9,7.6
141400,67.4,65,3.6
141500,63.2,57.9,8.5
141600,67.7,59.4,12.2
141700,64.8,60.6,6.6
143100,79.6,72,9.6
143200,85.7,77.2,9.9
143300,71.9,68.1,5.2
143400,78.1,72.4,7.4
143500,81.1,73.6,9.2
143602,68.5,62.1,9.4
143603,79.7,73.8,7.4
143604,80.8,71.4,11.7
143700,81.2,74.3,8.5
143800,79.6,73.8,7.2
143901,70,62.1,11.3
143902,71.6,66.6,7.1
181000,59,56.3,4.7
181300,64.9,62.7,3.3
181400,66.2,60.4,8.7
181500,73,65.8,9.9
181600,60.1,52.6,12.5
183101,72.9,70,4
183103,72.3,67.3,7
183104,68.2,63,7.7
183220,71.6,64.1,10.5
183221,66.9,61.4,8.3
183222,63.1,58.3,7.1
183300,67.4,62.1,7.8
183401,67.1,61.6,8.2
183402,67.2,62.9,5.6
183510,70.5,66.2,6.1
183520,59.9,51.2,14.6
183610,66.4,57.3,13.4
183620,71.6,63.6,11.2
183701,69.6,66.9,3.9
183702,67.4,62.8,6.8
183810,70.6,64.8,8.3
183820,63.3,57.3,9.6
185100,70.7,67.1,5.1
185202,77,70.8,8
185203,67.6,56.3,16.8
185204,62.4,60.1,3.8
185310,63,55.4,11.6
185320,62.6,55.2,11.8
186100,66.1,61.5,7
186201,70,67.7,3.3
186202,65.2,63.1,3.3
186203,72.4,68.5,5.3
186301,70.5,62.9,10.9
186302,67.8,62.4,8
186401,67.8,62.1,8.5
186403,65.1,59.8,8
186404,74.7,66.3,11.3
187101,67.1,62.7,6.6
187102,60.2,54.3,9.7
187200,67.2,62.8,6.6
187300,80,74.3,7.2
188100,70.8,67.6,4.5
188201,84.1,78.1,7.2
188202,74.9,67.8,9.4
188300,73.7,67.5,8.4
189101,75.2,70.1,6.8
189102,84.2,79.8,5.3
189201,73.3,66.5,9.3
189202,68.9,61.9,10.1
189300,71.3,67.6,5.2
189400,77.4,69.9,9.6
189500,78.4,68.7,12.3
189600,88.7,81.9,7.7
189701,77.4,71.6,7.5
189702,76.1,67.2,11.7
189800,76.8,72.2,6
189902,79.4,71.7,9.8
189903,74.7,69.7,6.7
189904,77.8,72.8,6.3
189905,75.1,69.3,6.8
190100,84.1,67,20.3
190201,57.8,52.8,8.8
190202,74.9,67.2,10.3
190301,73.5,66.7,9.3
190401,70.1,59.5,15
190402,65,60.7,6.6
190510,71.4,66.5,6.9
190520,68.3,59.8,12.4
190700,76.3,67.8,11.1
190801,56.5,46.1,18.3
190802,72.8,67.2,7.7
190901,73.7,70.1,5
190902,70.3,63.8,9.3
191000,81.6,75.7,7.3
191110,70.4,67.8,3.8
191120,64.6,58,10.2
191201,65.2,61,6.5
191203,70.2,58.3,16.8
191204,70.8,64.1,9.5
191301,73.9,71.3,3.4
191302,68.2,62.1,8.9
191410,67.8,62,8.6
191420,77.6,74.3,4.3
191500,70.7,65.5,7.3
191610,76.1,70.3,7.6
191620,64.1,55.5,13.4
191710,67.2,58.7,12.7
191720,70.4,65.1,7.4
191810,74.2,66,11
191820,81.2,76.1,6.2
191901,80.8,73.5,9
191902,81.4,79.3,2.6
192001,68.8,62.8,8.8
192002,79.9,71.4,10.7
192300,76.3,72.5,5.1
192410,72.4,66.8,7.7
192420,77.3,73.9,4.4
192510,71.3,64.3,9.8
192520,73.5,69.5,5.4
192610,69.8,59.2,15.2
192620,68,62.7,7.8
192700,67,58.5,12.7
194101,76.9,72.7,5.5
194102,70.7,65.8,6.9
194200,78.3,72,8
194300,72.6,66.8,8
194401,75.6,70.9,6.3
194402,87.8,84.9,3.3
194500,69.1,61.3,11.4
195100,69.4,61.7,11.1
195201,77.2,71.3,7.2
195202,78.6,74.6,5.1
195300,73.4,68.5,6.7
195400,75.6,71.6,5.3
195500,70.8,67.9,4
195600,70.8,64.8,8.5
195710,64.8,59,8.9
195720,71.6,68.1,4.9
195802,66.1,60.7,8.2
195803,74.5,68.2,8.4
195804,77.7,69.7,10.3
195901,75.9,69.5,8.5
195902,74.8,67.3,10
195903,71.9,66.6,7.3
197200,62.2,61.3,1.4
197300,74.3,71.7,3.4
197410,76.7,73.5,4.2
197420,63.6,57.2,10.2
197500,83.3,76.2,8.5
197600,74.6,68.7,7.9
197700,68.4,63.6,7
199000,65.9,63.1,4.2
199110,62,54.8,11.6
199120,55.5,50.9,8.3
199201,61.2,50.7,17.2
199202,67.9,61.5,9.4
199300,70.7,64.5,8.8
199400,61.3,54.1,11.7
199700,69.2,64.6,6.6
199800,62.1,55.7,10.2
199900,61.9,57.3,7.3
201110,65.6,63.3,3.5
201120,71.6,62.9,12.1
201200,71.6,64.6,9.8
201301,67.8,60.1,11.4
201302,68.6,64,6.3
201401,66.4,58.7,11.6
201402,60.6,55.6,8.2
201501,64,58.4,8.9
201503,64,57.5,10.2
201504,63.2,58.7,7
201601,64.8,60.5,6.7
201602,62.3,56.7,9.1
201700,58.5,50.7,13.4
203100,61.5,55.4,9.9
203200,60.4,58.7,2.7
203300,37.5,32.6,13.2
203500,61.8,58.5,5.4
203600,60.3,57,5.5
203710,60.1,57.2,4.8
203720,55.3,51.8,6.2
203800,56.5,54.4,3.8
203900,67.5,59.5,11.9
204110,61.8,57.1,7.6
204120,61.8,56,9.4
204200,55.9,51.5,7.8
204300,46.9,42.1,10.2
204410,65,63.7,2
204420,56.6,49.8,12
204600,59.6,52.9,11.1
204700,62.7,59.9,4.5
204810,62.8,57.6,8.3
204820,54.3,52.4,3.6
204910,62.1,58.6,5.5
204920,57.6,54.6,5.3
205110,67.1,64.6,3.8
205120,56.1,52.1,7.1
206010,56.4,51,9.5
206020,5.1,5,2.9
206031,82.2,79.6,3.3
206032,59.2,55.4,6.4
206050,48.6,45,7.5
206200,49.3,42.8,13.2
206300,24.6,17,31
207101,60.3,55.5,7.9
207102,48.3,42.1,12.9
207103,49.5,42.7,13.7
207301,73.9,66.7,9.8
207302,74.5,68,8.7
207400,11.1,10.4,6
207501,75.9,71.8,5.4
207502,47.6,44.9,5.7
207710,72.6,69.2,4.6
207900,68.1,64.8,4.9
208000,58.2,51.7,11.2
208301,71.8,68.5,4.6
208302,65.8,58.1,11.7
208401,62.4,59.1,5.3
208402,71.4,67,6.2
208501,68.2,62.3,8.6
208502,69.4,60.8,12.4
208610,71.1,60.7,14.7
208620,66.5,59.1,11.1
208710,71.8,68.2,5
208720,72.8,66.7,8.4
208801,65.2,61.9,5
208802,71.4,62.5,12.4
208902,79.2,73.7,7
208903,75.9,69.8,8
208904,73.7,69.3,6
209102,68.4,64.4,5.9
209103,65.3,59.4,9.1
209104,64.5,58.1,9.9
209200,67.1,64.5,3.8
209300,69.1,63.9,7.1
209401,61.6,56.7,8
209402,77.8,67.8,12.8
209403,58.5,52.9,9.6
209510,65.9,61.8,6.2
209520,73.9,68,8
209810,61.4,53.5,12.8
209820,71,61.3,13.6
210010,67.7,62.7,7.4
211000,69.5,65.5,5.8
211120,67.5,59.3,12.2
211121,68.4,65,5
211122,68.9,65.6,4.8
211201,71.8,68.7,4.2
211202,75.1,71.4,4.9
211310,65.8,62.9,4.4
211320,72.7,65.7,9.6
211410,73.7,68.1,7.6
211420,72.9,69.7,4.4
211500,69.7,65.7,5.8
211701,74.1,68.5,7.4
211703,79.2,75.8,4.2
211704,69.8,63.4,9.2
211802,69.6,66.5,4.3
211803,70.5,65.9,6.6
211804,51.1,44.3,13.3
211910,73.8,67.2,9
211921,66.2,60.7,6.8
211922,78.6,72.6,7.7
212101,73.7,69.8,5.3
212102,58.9,52.3,11.3
212202,75.7,63.9,15.6
212203,67.1,62.9,6.3
212204,74.7,68.8,8
212303,76.6,69.7,9
212304,76.4,70.5,7.7
212305,76.9,67.3,12.5
212306,70.8,63.8,9.8
212410,79.1,71.8,9.2
212420,73.5,68.5,6.8
212501,77.8,72,7.1
212502,77,73.4,4.6
212610,71,65.2,8.1
212620,75.1,70.3,6.4
212701,60.1,56,6.9
212702,72.9,67.5,7.4
212800,68.7,63.6,7.4
212900,69.8,65.6,6.1
213100,62.9,57.5,8.6
213201,63.5,58.8,7.3
213202,70.7,64,9.4
213310,75.1,70.8,5.8
213320,66.3,61.8,6.8
213401,77.4,69.5,10.2
213402,68,60.6,10.9
214000,64.7,59.7,7.7
214100,73.3,70.2,4.2
214400,89.6,82.3,8.2
214501,66.8,62.6,6.3
214502,69.6,66.1,5.2
214503,70.1,66.5,5.1
214600,82.2,79.3,3.4
214700,72.2,67,7.2
214800,80,74.4,7
214901,73,69.8,4.3
214902,75.9,71.2,6.2
215101,77.3,74.4,3.9
215102,83.8,79.3,5.3
216100,70.4,66.2,6
216200,78.7,74.7,5.1
216300,75.8,70.9,6.5
216401,73.6,70.4,4.3
216402,67.1,64.9,3.2
216700,73.2,65.8,10.2
216800,75.6,67,11.1
216900,70.1,62.4,11
217001,62,60,3.2
217002,73.5,70.9,3.5
217100,71.4,66.5,6.8
217200,78,74.8,4
218110,71.7,66.4,7.3
218120,66.5,61.4,7.7
218210,67.6,64.2,5.1
218220,67.1,63.3,5.7
218300,67.8,61.1,9.9
218400,64.1,60.9,5.1
218500,62.4,56.1,10.1
218600,64.8,60.7,6.3
218701,62.1,55.3,11
218702,63.2,54.5,13.4
218800,72.5,65.8,9.1
218900,61.3,56.4,8
219010,66.7,61.9,7.2
219020,59.7,50.5,15.4
219300,64,58.6,8.4
219500,60.8,54.6,10.2
219700,65.1,61.2,6
219800,62,56.8,8.3
219901,68.7,63.7,7.2
219902,64.7,60.2,6.9
220000,66.9,62.5,6.7
220100,50.7,47.5,6.3
221110,73.3,66.1,9.9
221120,69.7,62.1,10.9
221210,66.3,61.1,7.9
221220,72.3,66.1,8.5
221302,77,65.9,14.4
221303,60.9,53.8,11.6
221304,68.3,62.1,9.1
221401,46.7,41.1,12
221402,57.7,52.3,9.4
221500,66.9,55.3,17.3
221601,65,55.2,15.1
221602,59.6,54.4,8.8
221710,58.2,54.2,6.5
221810,47.1,40.5,14
221820,49.9,42.5,14.8
221900,36.2,31.2,14
222001,67,62.8,6.2
222002,65.6,60.6,7.6
222100,66.7,59.1,11.4
222200,63.9,56.8,11.1
222500,62.6,55.6,11.2
222600,56.4,48.6,13.8
222700,29.4,19.9,32.5
224010,61.4,56.5,8
224020,68.1,65.2,4.2
224200,67.9,62.6,7.8
224310,65.6,59.2,9.9
224320,73.8,65.4,11.4
224410,53.2,49.2,7.5
224420,59.9,52.3,12.6
224600,62,57.7,7
224700,42.6,33.7,20.9
226001,67.8,63.7,6
226002,77.5,71.3,7.9
226410,67.8,62.4,8
226420,65.3,60.7,7
226700,65.2,58.1,10.9
227010,61.9,56.4,9
227020,65.4,58,11.3
228100,68,63.7,6.3
228210,63.2,56.6,10.6
228220,62,57.7,7
228310,66.2,61.4,7
228320,68.8,63.8,7.2
228410,66.3,60.9,8.2
228420,63.7,56.1,11.9
228500,60.1,55.4,7.7
228600,67.6,60,11.3
228710,57.2,52.9,7.6
228720,62.3,57.3,8
228800,58.9,54.1,8.3
228900,48.6,42.1,13.2
229100,64.1,60.2,5.8
229200,69.2,65.9,4.3
229300,56.6,52.1,8.1
229410,57.2,51.9,9.1
229420,57.9,53.9,7
231100,45.7,39.6,13.3
231210,65.8,55.9,15
231220,56.1,51.7,7.8
231300,65,60.9,6.4
231400,67.4,62.4,7.4
231500,64,59.8,6.6
231600,60.1,54.5,9.4
231710,58.2,49,15.8
231720,66.6,58.2,12.7
231800,64.7,62,4.3
231900,55.1,50.5,8.4
232110,56,50.2,10.4
232120,61.2,55.3,9.7
232200,58.6,53.2,9.2
232300,66.8,59.2,11.2
232400,59.5,54.8,8
232500,53.5,46.1,13.8
232600,59.3,53.4,9.9
232700,59,54.1,8.3
232800,65,59.1,9.2
234000,60.3,53.9,10.5
234200,61.3,55.7,9
234300,66.3,56,15.5
234501,55.2,46.7,15.4
234502,53.7,44.7,16.8
234600,63.9,54.7,14.3
234700,60.1,55.3,8
234800,68,58.8,13.5
234901,52.6,45.9,12.6
234902,61.7,53.8,12.8
235100,68.1,59,13.4
235201,60.3,50.7,15.2
235202,59.1,52,11.9
236000,60,54,10.1
236100,57.5,51.4,10.6
236202,65.7,56.9,13.4
236203,64.1,57.2,10.7
236204,64,57.7,9.9
236400,57.8,53.5,7.4
237101,58,51.5,11.1
237102,56.1,53.6,4.3
237201,64.2,58.1,9.5
237202,65.4,58.3,10.8
237300,56.6,53.8,5
237401,54.6,48.6,11
237402,59.4,53.9,9.3
237500,61,57.6,5.6
237600,62,57,8.1
237710,68.7,58.9,14.3
237720,57.2,52.4,8.3
237800,56,49.7,11.2
237900,55.2,47.7,13.6
238000,59.8,51.4,14
238100,59.8,53.6,10.4
238200,57.9,53.8,7.1
238310,47.4,42.1,11.2
238320,52.1,49.7,4.7
238400,57,46.9,17.7
239201,67.1,60,10.5
239202,60.7,52.3,13.9
239310,64.3,57.6,10.4
239320,60.4,55.5,8
239330,59.7,52.8,11.6
239501,61.7,52.7,14.6
239502,55.9,45.9,17.8
239601,62.1,55,11.5
239602,57.6,48.3,16.2
239701,62.7,58.5,6.8
239702,58.9,53.6,9.1
239801,65.1,58.2,10.6
239802,61.7,54.3,12.1
240010,58.9,47.5,19.4
240020,62.8,55.5,11.6
240200,60.6,51.2,15.4
240300,64.5,59.2,8.3
240401,58.7,55.5,5.4
240402,57.6,53.5,7
240500,58,48.6,16.3
240600,65.8,54.3,17.5
240700,61.1,55.2,9.7
240800,60.7,52.3,13.9
240900,59.2,52.3,11.7
241001,59.5,53.9,9.4
241002,55.6,49.8,10.5
241110,55.2,52.3,5.2
241120,53.9,47.3,12.4
241201,54.5,47.9,12.1
241202,54.9,47.8,13
241300,59.5,57.6,3.1
241400,57.5,53.2,7.3
242000,61.5,52.7,14.4
242100,45.4,38.7,14.7
242200,51.9,43.9,15.3
242300,53.4,47.2,11.7
242600,52.3,38.1,27.3
242700,63.4,55.9,11.8
243000,61,52.2,14.3
243100,52,44.1,15.3
261101,63.2,60.9,3.2
261102,56.2,53,5.7
261200,63.3,59.9,5.4
262100,57,55.4,2.9
262200,61.2,56.3,7.5
262301,53.6,52.1,2.9
262302,61.3,58.2,5
262303,51.5,48.3,6.3
262400,54.8,53.4,2.5
262501,53.5,49.2,8
262601,62.4,59.1,4.8
262604,54.2,53.8,0.6
262704,62.4,58.3,6.6
262706,58.5,57.1,2.3
262802,60.4,58.4,3.2
264000,57.6,55.1,2.9
264102,74.4,72.5,2.5
264103,77.6,69.7,10.2
264301,79.7,74,6.9
264302,76,73.1,3.5
265100,48.3,45.9,4.1
265201,38.7,36.3,6.3
265202,55.2,52.1,5.5
265301,28,19.5,30.2
265303,50.7,45.8,9.7
265304,51.6,46.5,10
265305,52.5,49.5,5.7
265410,60.4,57.3,5.1
265420,66.4,65.4,1.5
265510,55.7,50.6,9.1
265520,70.5,63.3,10.3
265601,72.2,70.3,2.6
265602,59.1,57.8,2.1
265700,66.3,61.7,6.9
267100,65.9,62.4,5.4
267200,69.2,65.2,5.8
267300,75.3,69.3,8
267402,83.5,78.4,6.1
267403,77.7,72.5,6.6
267404,74.8,65.5,12.4
267501,77.9,75.9,2.5
267502,73.1,69.4,5
267600,67.6,63.7,5.8
267700,78.7,76.2,3.2
267800,62.3,60.4,2.9
267901,40.1,38.6,3.6
267902,62.8,60.3,3.9
269000,57.4,55.6,3.1
269100,68.3,64.3,5.5
269300,74.9,74.2,0.8
269500,64.7,61.2,5.4
269601,68.6,65.7,4.2
269602,74,70.3,5
269700,77.8,70.9,8.9
269800,78.1,70.9,8.4
269903,78.4,72,8.1
269904,83.7,78.9,5.8
269905,84.1,81,3.7
269906,84.6,81.6,3.6
269907,76.7,74.1,3.4
270100,76.9,74.7,2.9
270200,72.1,69,4.4
270300,69,64.1,7.1
271100,67.6,62.9,6.9
271200,79.8,77.3,3.1
271300,73.4,70.2,4.4
271400,60.8,56.5,7.1
271500,66.7,63.6,4.6
271600,61.7,57.4,6.9
271701,77.9,72.3,7.3
271702,71.6,69.5,3
271801,69.9,65.9,5.8
271802,75.5,72.3,4.2
271901,75.4,69.8,7.4
271902,73.1,67.1,8.2
272100,63.7,61,4.2
272201,84.8,78.3,7.7
272202,78.3,73.4,6.3
272301,70.6,62.5,11.5
272302,73.7,70.5,4.4
273100,72.4,69.1,4.5
273200,75.5,67.1,11.1
273300,86.2,81.3,5.8
273402,79.9,73.5,8
273502,83.4,74.5,10.7
273600,76,70.5,7.2
273700,77.1,75.4,2.2
273800,79.9,76.4,4.3
273902,76.4,69.1,9.6
274100,78.6,77.4,1.5
274202,66,61.2,7.3
275101,74.3,69.5,6.5
275102,75.6,70.4,7
275200,77.4,70.9,8.5
275302,62.5,59.6,4.6
275311,73.6,69.6,5.4
275400,80.9,77,4.8
275500,61.6,54.7,11.2
275602,75.1,70.9,5.5
275603,67.3,64.4,4.4
276000,67.2,65.4,2.7
276100,76.8,72.5,5.7
276400,53.3,48.4,9.1
276500,52.6,47.4,9.9
276601,72.7,66.5,8.5
276603,79,76.7,2.8
276604,72.1,66.8,7.4
277000,64.8,60.1,7.3
277100,68.2,64.4,5.7
277200,75,66.3,11.6
277400,70.3,65.3,7.1
278001,66.7,65.8,1.4
278102,76.8,71.9,6.4
291110,60.4,55.8,7.7
291120,69.4,61.5,11.4
291130,65.4,59.4,9.2
291210,63.1,55.3,12.3
291220,65.1,61.3,5.9
291300,60.9,59.7,1.9
292000,71.2,63.8,10.3
293201,72.7,66.4,8.7
293202,72.7,64.3,11.1
293301,65.3,62.1,4.9
293302,63.6,58.6,7.9
293304,74.1,67.4,9
293306,65.6,63,4
293307,72.2,62.7,13.2
294110,59.9,54.3,9.3
294120,61.4,51,17
294200,65,62.3,4.1
294301,64.7,62.2,3.8
294302,66.2,62.7,5.3
294410,60,52,13.3
294421,73.4,62.7,13.8
294510,61.7,55.7,9.8
294520,67,61,8.6
294610,66.8,65,2.6
294620,60.9,55,9.8
294701,59.8,55.3,7.4
294810,66.9,62.1,7.1
294820,69.3,61.4,11.3
294830,62.1,56.4,9.1
294900,63.7,57.1,10.3
295103,66.2,63.8,3.6
296210,66.5,56.2,15.5
296220,61.6,55.7,8.5
296300,69,62.6,9.2
296401,59.4,55.8,6.1
296402,64.5,58,10.1
296500,63.9,55.2,13.5
296600,70.6,62.6,11
296901,74.1,67,9.5
296902,66.9,61.6,8.1
297000,70.5,64.7,8.2
297110,66,56,15.1
297120,72.1,60.3,16.4
297201,72.8,66.2,9
297202,64,56.5,11.7
297300,59.8,51.6,5.1
297400,51.4,47,8.6
297500,65.4,62.8,1.4
297601,66.5,56.8,7
297602,66.4,61.2,7.9
300100,60.9,59.4,2.5
300200,59.8,56.9,5
300301,69.8,67.3,3.5
300400,68.2,64.9,4.4
300501,69,65.5,5
300502,73.5,68.8,6.4
300600,58.4,56.2,3.8
300701,65,63,3.1
300702,55.8,53.3,4.5
300800,62.4,58.6,6
300901,59.5,56.3,5.4
300902,63.8,59.3,7
301000,62.1,57.3,7.6
301100,62.9,58.8,5.5
301203,60.8,55.3,9
301204,62.3,58,7
301205,62.9,58.1,7.4
301206,57.7,52,9.6
301300,63.8,60.2,5.6
301400,64.2,61.6,3.9
301501,64.7,60.8,6
301502,61.8,54.8,11.3
301601,60.2,54.4,9.6
301602,67.8,61,10.1
301701,69.6,63.8,8.3
301702,63.3,55.8,11.9
301801,71.3,65.4,8.3
301802,62,56.6,8.7
301900,61.3,57.8,5.8
302002,65,56,13.8
302003,59.3,55.4,6.7
302004,64.3,56.2,12.5
302102,62.7,58.2,7.2
302103,57.9,52.3,9.7
302104,67.2,58.6,12.7
302201,50.5,46.9,7
302202,62.3,56.5,9.3
302301,62.6,58.7,6.2
302302,63.6,58.5,8
302401,60.8,52.5,12
302503,58.3,50.7,13
302504,59.9,52.2,12.9
302505,59.9,50.9,15
302506,67.6,59.9,10.4
310100,64.1,59.6,7.1
310201,66.2,62.1,6.2
310202,66.5,57.7,13.3
310300,62.4,60.1,3.7
310400,67,63.5,5.2
310501,72.5,68,6.2
310601,63.2,55.8,11.3
310602,70.9,65.2,8
310701,61,56.9,6.6
310702,67.6,63.7,5.8
310703,62.2,56.6,9.1
310800,61.4,57.1,6
310900,65.1,61.5,5.6
311000,71,65.9,7.1
311100,67.3,63.8,5.3
311200,71.8,68.6,4.4
311300,64.6,60.7,5.6
311400,67.3,61.4,8.8
311500,68.9,64.9,5.7
311600,78.3,73.4,6
311700,66.6,59.2,11
311801,78.3,72.2,7.7
311802,68.2,57.5,15.7
320000,-,-,-
320100,63,56.3,10.6
320201,64.1,60.3,5.9
320202,67.4,63.2,6.2
320300,59.8,54.9,8.3
400204,57,54,5.3
400205,56.8,54.7,3.7
400206,62.5,58,7.2
400207,66.1,60.2,6.6
400302,56.4,51.1,9.3
400304,60.2,57,5.2
400402,64.2,58.5,8.8
400403,65.3,58.4,10.4
400404,62.8,60.7,3.5
400501,60.9,56,8
400602,62.6,59.4,4.8
400603,74.2,69.7,6.1
400604,70.8,65.1,7.6
400800,54,48.2,10.7
400900,65.5,62.4,4.7
401001,71.2,64.5,9.5
401002,65.9,59.9,9.1
401101,61.2,55.5,9.3
401102,67.4,62.9,6.6
401201,65.4,58.1,11.1
401202,60.9,54.8,10.1
401203,63.7,57.1,10.3
401303,62.4,61.8,0.9
401304,61.9,60.5,2.2
401311,67.4,64.7,3.9
401312,55.1,51.9,5.8
401500,68.4,62.1,9.3
401601,54.2,51.9,4.2
401602,70.4,64.4,8.2
401603,46.2,42.9,6.9
401701,65.2,61.9,5
401703,63,56.9,9.7
401704,62.8,56.2,10.6
401800,59.4,57.8,2.7
401901,50.3,45.2,9.9
401902,61.3,57.7,5.8
402001,70.7,67,5.2
402002,60,55.1,8.1
402101,70.6,59,16.2
402102,65.7,59.5,9.4
402200,59.3,53.2,10.1
402301,66.3,61.1,6.6
402303,66.8,60.1,9.6
402304,66.9,57,14.9
402402,62.7,54.3,13
402403,55.4,48,13.2
402404,36.4,23.9,34.2
402405,61.3,54.2,11.5
402406,63.3,57.3,9.5
402501,62.1,58,6.6
402502,59.7,54,9.5
402600,63.9,60.8,4.8
402702,65.1,59,9.4
402703,69.3,64.6,6.8
402705,61.6,55.4,10
402706,67.3,59.6,11.5
402801,61.4,58.3,5.1
402803,68.6,59.8,12.9
402804,64.7,59,8.6
402902,61.1,54.6,10.6
402903,63.6,57.8,9.1
402904,68.7,61.1,11
403000,63.5,57.3,9.9
403200,6.4,6.4,0
403303,65.5,62.8,4.2
403304,54.5,50.7,6.9
403305,67.8,62.4,7.9
403312,59.9,55.5,7.4
403316,57.3,54,5.6
403317,57,54.5,4.3
403318,66.7,62.4,6.4
403319,59.4,55.4,6.7
403320,61,56.3,7.7
403321,62.7,56,10.6
403322,65.1,62.3,4.2
403323,61.7,58.4,5.4
403324,60.1,58,3.5
403325,65.3,62.3,4.6
403401,61.3,56.5,7.8
403402,62.8,58.9,6.3
403403,62.2,58.3,6.3
403404,57.4,54.6,4.9
403405,64.6,61.7,4.5
403406,55.5,53.2,4.1
403407,59.8,55.8,6.7
403408,56.7,55,3.1
403500,53.4,49.9,6.4
403600,61.5,56,8.9
403702,57.1,52.2,8.6
403703,60.1,53.3,11.3
403721,63.1,57.3,9.3
403722,65.8,59.1,10.1
403801,65.5,58.2,11.1
403802,69.8,63,9.7
403901,62.9,58.9,6.4
403902,59.9,54,9.9
404000,66.9,61.1,8.7
404100,60.8,57.2,5.7
404201,58.1,51,12.2
404202,56,52.3,6.7
404301,66.6,61.5,7.5
404302,69,63.9,7.3
404401,65.4,62,5.3
404402,64.1,55.4,13.6
404501,71.2,63.2,11.2
404503,63.4,59.9,5.6
404504,69.4,65.7,5.4
404600,61.4,54.2,11.7
404701,61,57.1,6.3
404702,61.6,55.9,9.2
404703,62.1,55.8,10.2
404801,64,60.9,4.9
404802,57.2,52.6,8.1
404803,60.2,58.4,3.1
404901,67.1,62.6,6
404902,60.5,56.6,6.4
404903,64.3,60.1,6.5
405001,63.4,60.7,4.2
405002,60.6,58.2,4.1
405101,67.3,62.7,6.8
405102,54.9,52,5.3
405201,62.4,54.1,13.3
405202,63.3,58.8,7
405203,65.6,61.6,6.1
405301,71,64.1,9.7
405302,71.5,65.8,8
405400,61.2,55.2,9.9
405500,63.7,59.9,5.9
405600,63.8,58.9,7.1
405701,73.2,70.1,4.3
405702,65.9,61.4,6.8
405800,65.5,58.7,10.5
405900,64.6,57.2,11.5
406000,67.4,63.1,6.3
406101,66.7,64.7,3
406102,68.4,63.4,7.2
406200,57.5,52.2,9.2
406300,63.8,60,6.1
406402,64.6,61.5,4.7
406411,63.1,59.1,6.4
406412,57.9,55.4,4.3
406500,66.3,60.5,8.5
406601,64.3,59.1,8.2
406602,59.2,53.5,9.5
406701,67.8,62.3,8.1
406702,63,55.9,11.3
406800,60.1,55.5,7.6
406901,58.5,55.7,4.7
406902,64.1,57.7,10.1
407001,59.2,52.4,11.5
407002,58.9,52.7,10.5
407101,61.9,59.1,4.6
407102,65.6,62.1,5.4
407200,64.1,57.4,10.1
407301,65.5,59.9,8.6
407302,59.9,53.6,10.6
407400,69.4,60.6,11.1
407501,65.1,59.3,8.9
407502,63.1,56.5,10.5
407601,66.1,60.8,8
407602,63.4,56.5,10.9
407701,60.2,57.6,3.9
407702,62.5,57.1,8.5
407801,61.6,55.6,9.7
407802,68.1,63,7.5
407900,68.3,60.4,11.5
408003,65.8,61.3,6.3
408004,73.2,67.6,7.8
408005,63.5,59.1,7
408006,68.6,61.2,10.7
408133,64.8,56.3,13.1
408134,65.6,61.5,6.1
408135,72.2,66.4,8.1
408136,64.3,61,5.1
408137,64.1,56.3,11.5
408138,57.5,51.3,10.8
408139,61.1,57.3,6.2
408140,64.4,55.5,13.9
408141,59.3,55,7.4
408202,61.3,58.2,5.1
408211,57.3,53.9,5.8
408212,58.7,55.6,5.3
408301,59.1,51.9,12.1
408302,62.7,60.6,3.3
408303,58.5,49.8,15
408401,61.3,57.8,5.8
408402,56.3,50.9,9.7
408501,59.9,55.9,6.6
408503,57,53.8,5.7
408504,61.1,58.2,4.5
408505,60.4,57.2,5.4
408623,55.9,53.5,4.3
408624,62.9,57.9,7.3
408625,54.9,49.6,8.4
408626,55.2,53,3.9
408627,58,53.2,8.3
408628,58.1,55.9,3.8
408629,52.6,50.9,3.4
408630,62.5,59.8,4.2
408631,64.5,60.6,6.1
408703,55.2,53.7,2.8
408704,52.2,50.4,2.3
408705,59.9,56.8,5.1
408706,61.2,55.1,9.9
408722,59.3,56,5.5
408723,58.3,54.5,6.4
408724,66.9,63,5.1
408800,65.3,59,9.6
430002,64.4,57,11.4
430003,69.9,64.7,7.4
430101,56.2,51.2,8.9
430102,67.1,62.7,6.6
430200,50,47.5,5.1
430301,65.6,62.3,5.1
430302,68.9,65.5,4.9
430400,64.6,60.2,6.8
430501,64.5,61.5,4.6
430502,66.3,61.5,7.2
430600,58.9,56.2,4.6
430701,55.9,53.2,4.8
430721,59.6,57.3,3.9
430723,71.4,65.8,7.9
430724,62.7,58.8,6.1
430801,64.6,60.4,6.5
430802,53.7,51.6,3.8
430803,61.6,58.1,5.7
430901,68.6,62.4,9
430902,72,66.4,7.8
431001,77.9,68.8,11.8
431002,64.6,56.3,12.8
431100,69.3,64.5,7
431200,65.1,58.5,10
431300,65.5,62.4,4.8
431400,63.4,59.7,5.8
431501,56.9,52.7,7.4
431502,60,57.6,3.7
431600,52.8,49.8,5.7
431700,60.2,59.4,1.3
431800,58.9,53.4,9.3
431900,52.4,49.8,5
432000,52.7,50.4,4.4
432101,60.2,57.2,5
432102,57.9,55.7,3.7
432201,54.2,49.9,7.9
432202,57.6,55,4.5
432300,56.6,53.6,5.3
432401,55,51.4,6.6
432402,52.5,51.1,2.6
432500,64.2,59.2,7.2
432601,56,52.2,6.8
432602,61.6,57.9,6
432700,59.5,53.2,10.6
432801,50.9,48.3,5.2
432802,59.5,52.4,12
432901,62.2,58.5,6
432902,56.2,51.4,8.6
433101,53.7,50.2,6.6
433102,58.2,55.7,4.1
433200,59.7,55,7.8
433302,59.9,56.9,5
433304,59.3,54.7,7.8
433305,64,60,6.2
433306,59.9,55.7,6.6
433307,55,53.1,3.4
433401,58.8,52.8,10.2
433402,57,54.2,4.9
433403,65.1,59.8,8.1
433501,49.7,43.5,12.4
433503,58,55.2,4.7
433504,60.4,57.6,4.5
433601,57.3,55.1,3.9
433602,48.5,47,3
433700,59.9,57.1,4.8
433801,58.8,55.5,5.6
433802,56,51.8,7.5
433901,62.3,57.8,7.2
433902,55.3,53.7,3
434001,61.1,56.8,7
434003,57.7,52.4,9.2
434004,60.8,55.5,8.7
460000,54.7,50.6,7
460100,62.8,57.5,7.8
460200,67.3,64.2,4.6
460301,65.4,61.3,6.3
460302,62.6,56.8,9.3
460401,67.6,65.9,2.6
460501,58.8,57.1,2.9
460502,67.9,65.3,3.7
460600,60.7,59.1,2.6
460700,56.3,54.7,2.9
460800,56.5,54.4,3.7
460900,75.5,71.5,5.3
461000,62.2,60.2,3.3
461100,65.8,61.6,6.4
461200,66.8,63.1,5.5
461300,63.6,59.5,6.4
461400,64.9,63.2,2.2
461501,70,61.9,11.5
461502,57.3,52,9.2
461600,63.5,59.1,7
461700,63.3,60.1,5.1
461901,72.8,66.3,9
461902,65.3,61.4,6.1
462001,66.1,61.6,6.8
462002,67.1,63.7,5.1
462100,65.3,60.4,7.5
462201,51.3,48.4,5.7
462202,65.4,58.7,9.4
462301,73.3,67.1,8.5
462302,79.3,78,1.7
462400,66,62.2,5.4
462500,60.5,56.7,6.2
462600,64.8,62,4.2
462700,73.6,71.1,3.3
462800,69.3,66.3,4.4
462900,68.2,66.9,1.9
463000,66.7,62,7
463101,64.5,61.5,4.6
463102,61.6,59.4,3.6
463200,58.3,53.6,8.1
463300,71.2,70.1,1.6
463400,73.4,68.6,6.6
463500,69.4,66.2,4.5
463601,69.5,68.1,2.1
463602,69.5,67.5,2.9
463700,66.8,61.9,7.3
463800,71.3,69.3,2.8
463900,56.8,53.4,6
464000,65,60.4,7.1
464100,52.2,49.7,4.8
464200,55,53.7,2.4
480002,61.4,60.3,1.8
480011,59.1,58.1,1.7
480012,61.7,59.3,4
480101,54.6,51.8,5.2
480102,59,54.2,8.2
480201,58.3,53.4,8.4
480202,65.5,62.9,4
480302,60.7,59.2,2.3
480303,65.7,59.7,9.2
480304,60.6,57.4,5.4
480400,62.8,60.6,3.5
480500,72.9,69.7,4.5
480600,71.2,68,4.6
480702,65.7,63.1,3.9
480703,75.2,68.9,8.3
480704,72.9,67.4,7.5
480802,56.8,55.4,2.4
480803,62.7,59,6
480804,62.6,59.5,4.9
480901,61.3,56,8.7
480902,71.9,67.2,5.8
480903,56.7,54,4.8
481001,52.5,49.4,5.9
481002,63,59.8,5
481101,67,60.8,9.2
481102,63.4,59.1,6.1
481103,62.8,60.3,3.9
481201,63.9,60.4,5.5
481202,59.5,57.3,3.6
481300,63.9,57.2,10.5
481401,61.8,58.5,5.4
481402,57.7,52.7,8.7
481500,51.9,47.6,8.3
481603,68.8,62.4,9.3
481604,63.5,59.4,6.6
481605,59.8,56.8,5.1
481606,58,55.1,5
481711,56,51.3,8.5
481712,61.9,58.8,5
481713,54.1,52.8,2.3
481714,54.5,51.6,5.4
481800,52.1,49.8,4.4
481901,61.5,58.8,4.5
481902,60.8,56.6,5.1
482001,50.8,45.5,10.4
482002,57.8,54.2,5.5
482101,56,52.3,6.5
482102,58.5,55,5.9
482201,51.8,48.7,5.9
482202,59,54.2,8.1
482301,64.3,59.8,7.1
482303,59.2,55.6,5.8
482304,64.2,56.1,12.7
482401,63.2,58.2,7.9
482402,59.3,55.8,5.9
482502,53.1,48.9,7.8
482503,60.6,56.5,6.6
482521,53.4,49.3,7.6
482522,60.6,57.5,5.1
482600,52.6,50.5,4.1
482701,61.1,58.2,4.8
482702,54.8,52.1,4.9
482800,53.5,48.4,9.5
500100,56.4,55.6,1.5
500201,61,59.3,2.7
500202,58.3,55.2,4.4
500300,67.6,64.6,4.5
500402,62.5,58.3,6.8
500403,56.6,52.6,6.9
500404,63.6,61.9,2.6
500500,59.4,54.4,8.4
500600,61.7,59.5,3.6
500700,58,54.2,6.6
500800,61.3,55.6,9.1
500900,59.6,56,6
501001,56.3,52.7,6.3
501002,67.9,62.9,7.4
501200,67,61.2,8.7
501300,64.6,63,2.4
501400,68.1,62,9
501501,61,57.5,5.8
501503,68.4,66.3,3.2
501504,60.3,56.7,6
501600,58.9,53,10.1
501700,63.3,60.1,5.1
501802,67.6,62.9,6.9
501803,57.3,56.1,2.2
501804,62.4,59.3,5
501900,67.1,62.3,6.5
502003,69.6,65,6.6
502004,55,52.8,4.1
502005,59.6,55.1,7.6
502100,55.7,52.9,5
502200,58.3,55.3,5.1
502301,56.1,53.4,4.8
502302,56.7,52.3,7.9
502401,61.9,57.1,7.8
502402,63.5,58.4,8.1
502500,65.6,59.2,9.8
502601,65.3,60.2,7.7
502602,59.7,55.6,6.7
502700,57.1,54.6,4.2
502801,66.7,64.3,3.7
502802,53.7,50.7,5.7
502901,61.5,58.2,5.4
502902,53.1,49.2,7.3
503000,56.7,53.3,6
503103,61.3,57.7,6
503104,64.6,60,7.1
503105,62.5,57.6,7.9
503106,56.5,52.3,7.6
503201,55.3,52.1,5.6
503202,59.7,54.1,9.3
503301,68.1,62.8,7.8
503302,60,57.1,4.9
503401,64.3,60.3,6.2
503402,65.6,63.4,3.2
503501,58.1,55.2,5
503502,63.1,61.2,2.9
503601,56,52,7
503602,58.2,56.5,2.9
503701,67.1,62.4,7
503702,61.7,56.5,8.4
503703,57.3,52.5,8.4
503801,68.6,63.1,8
503802,62,58.2,6.3
503901,60.6,56.7,6.5
503902,63.4,60.4,4.6
504001,53,48.3,8.5
504002,58.3,55.6,4.6
504101,57,53,5.7
504102,100,100,0
530003,54.8,51.2,6.6
530004,59.2,54.3,8.1
530005,46.1,41.7,9.5
530006,62.7,58.6,6.6
530101,53.6,47.9,10.5
530102,59.1,54.4,7.4
530202,67,62.9,6.2
530203,59.9,52.3,12.8
530204,64.3,58,9.8
530301,64.1,58.8,8.3
530302,62.6,54.2,13.5
530400,51.1,41.6,18.7
530500,61.4,54.9,10.7
530601,63.9,53.4,16.4
530602,62.5,55,12
530700,66,55.8,15.5
530801,67.5,61.5,9
530802,67.8,60.3,11
530901,65.5,59.1,9.8
530902,60.4,53.3,11.7
531000,65.2,57.7,11.5
531101,60.9,52.4,13.9
531102,63.6,51,19.9
531201,67.3,57.2,15
531202,68.6,61.7,10.1
531301,59.1,50.2,15
531302,68.8,61.3,10.8
531502,66,57.5,12.9
531503,72.3,64.7,10.6
531504,67.5,57.3,15.1
531602,63,54.9,12.9
531603,65.1,56.5,13.2
531604,62.4,53.7,13.8
531701,60.5,51,15.7
531702,62.4,53.3,14.6
531800,63.6,55.7,12.4
531901,62.4,58.8,5.9
531902,63.1,57.5,8.8
532001,55.1,51.1,7.2
532002,69.6,63.3,9
532101,61.3,56.8,7.3
532102,63.8,59.1,7.4
532200,66,62.4,5.4
532302,57.5,51.4,10.6
532303,61.6,53.1,13.9
532304,60.8,53,12.8
532400,74.5,63.8,14.3
532500,69.4,63.5,8.5
532603,66.7,59.1,11.5
532604,60,56.1,6.5
532605,50.7,47.4,6.5
532606,59.9,54.4,9.2
532700,67.1,59.2,11.8
532800,59.7,55.3,7.4
532900,59.7,55.6,6.9
533001,64.3,56.6,12
533002,60.5,57,5.9
533103,58.7,54.7,6.8
533104,57.8,54.6,5.5
533105,67.4,60.3,10.6
533106,60.9,55.5,8.8
533107,70.4,62.8,10.7
533201,55.4,48.6,12.2
533202,64,56.3,12
533203,60,52.2,13.1
533300,65.4,60.4,7.5
533401,69.3,64.5,6.9
533402,72.1,60.7,15.8
533403,62.5,58.4,6.4
533501,65.3,58.9,9.8
533502,69.7,61.2,12.3
533503,65.2,57.1,12.5
533601,68.7,63.5,7.7
533602,67,63,6
533603,59.1,53.1,10.1
533701,58.4,55,5.8
533702,69.7,64.5,7.5
533703,65.3,56.2,13.9
533803,66,61.1,7.4
533804,60.5,55.3,8.5
533805,65,58.1,10.6
533806,67.8,62.6,7.8
533901,64.8,60,7.4
533902,62.2,56.8,8.7
534001,61.7,56.6,8.3
534002,66.5,61,8.3
534101,63.6,56.9,10.5
534102,65.7,59.1,10
534201,62.4,58.4,6.5
534202,58.2,50.8,12.7
534203,65.5,60.2,8.1
534301,66.9,60.2,10.1
534302,65.6,59.4,9.4
534403,63.5,59.5,6.4
534404,64.4,57.4,10.9
534405,61.1,55.7,8.8
534406,60.7,51.2,15.6
534501,72.4,64.9,10.3
534502,58.4,56.4,3.5
534700,64.4,58.8,8.7
534802,61.9,54.4,12.1
534803,58.5,55.1,5.8
534804,60.8,55.6,8.4
534900,69.2,62.2,10.2
535001,60.9,54.8,9.9
535002,59.8,55,7.9
535101,60.3,51.3,14.9
535102,56,49.8,11.1
535200,60.6,53.4,11.8
535300,61.5,56.1,8.8
535400,54.8,48.4,11.6
535501,69.2,61,12
535502,58.7,50.4,14.2
535503,66.5,56.8,14.7
535603,67.8,59.6,12.2
535604,65.9,58.5,11.2
535605,69.2,57.3,17.1
535606,63,58.3,7.4
535607,59.7,56.7,5
535701,68.7,62.2,9.5
535702,65,55.1,15.3
535802,58.8,52.5,10.7
535803,62.9,57,9.3
535804,64.2,58.6,8.8
535901,60.4,53.4,11.5
535902,63.3,57.8,8.6
536000,65.2,60.1,7.8
536102,59.8,55.1,7.9
536103,68.3,59.8,12.4
536104,62.4,55.4,11.2
536200,70.9,61.6,13.1
540000,61.5,57.4,6.7
540101,67,62.2,7.2
540102,66.3,59.9,9.7
540201,63.4,55.2,12.9
540202,57.2,52.6,8
540203,57.1,50.3,11.8
540300,66.3,61.8,6.7
540400,63.3,55.3,12.6
540501,43.5,40.9,6.1
540502,63.8,56.7,11.1
540600,65.8,52.9,19.7
540700,64.1,58.1,9
540800,65.4,61.9,5.3
540901,57.5,52.4,9
540902,60.2,53.1,11.7
541001,57.4,50.7,11.7
541002,54.9,47.2,14.1
541100,56.2,48.4,13.9
541200,57.5,51.6,10.2
541300,58.5,51.5,11.8
541400,60,53.7,10.4
541500,64.3,59.1,8.1
541603,61.5,51.9,15.7
541604,52.7,48.4,8.2
541605,64.6,53.1,17.8
541606,60.6,54.3,10.5
541700,62,53.1,14.3
541801,57.6,50.3,12.5
541802,58.9,54.2,7.9
542000,57.9,53.3,8
542103,58.6,49.2,16
542104,69.7,63,9.6
542105,57.9,52.9,8.5
542106,63,56,11
542200,60.5,52.6,13
542401,63.3,52.1,17.7
542402,64,54.9,14.1
542501,64.5,47.4,26.4
542502,58.7,51.7,11.9
542601,55.3,50.4,8.8
542602,61,57.9,5.1
542700,68.4,61.9,9.5
542800,59.4,52.7,11.3
542900,60.6,55.7,8
543000,60.8,54.9,9.6
543100,61.7,56.6,8.2
543201,62.7,52.6,16.1
543202,56,49,12.5
543304,61.6,52,15.5
543305,63,59.3,5.8
543306,63.5,58.7,7.6
543321,64.4,58.2,9.1
543322,61.7,57.6,6.7
543400,62.7,58.7,6.5
543501,64,58.6,8.4
543502,56.1,52,7.4
543503,61.5,58.8,4.3
543601,68.4,56.9,16.8
543602,66.2,60.5,8.4
543603,55.7,51.5,7.5
543604,64.3,59.5,7.5
543701,62.3,56.9,8.7
543702,69.8,61.5,11.7
543703,63.7,59,7.2
543801,57.7,51.8,10.3
543802,64,60.7,5.3
543903,66.8,61.3,7.9
543905,61.9,54.3,12.2
544001,63.2,59.6,5.7
544002,66.8,63.4,4.7
550000,25.7,21.1,17.9
550100,66,62.1,5.9
550201,65.1,61.9,4.9
550202,59.7,55.8,6.5
550300,68.6,64.4,6.1
550400,63.9,61.8,3.3
550500,68.7,63.9,7
550601,68.8,64.8,5.6
550602,59.8,57.5,3.9
550700,63.8,62,2.8
550800,70.6,65.9,6.6
550901,68.5,60.5,11.7
550902,72.2,68.1,5.6
551000,60,56.4,6
551101,62.8,58.1,7.6
551102,70,65.9,5.7
551201,62.3,59.1,5.1
551202,68.4,63.6,7
551300,62.4,59.8,4.1
551401,69.3,61.5,11.2
551402,67.2,64,4.7
551501,63.6,59.4,6.6
551502,63,57.7,8.4
551600,0,0,-
551700,63.2,57.8,8.2
551800,68.2,64.5,4.7
551900,63.1,58.8,6.5
552001,59.5,55.4,6.9
552002,58,50.1,13.6
552100,57.7,52.9,8.3
552200,67.1,62.8,6.4
552301,70.4,67.7,3.7
552302,63.2,58.5,7.5
552400,64.5,59.7,7.5
552601,63.8,56,12.2
552602,56.5,51.3,9.1
552700,65.1,61.5,5.5
552800,62.4,60.2,3.5
552900,57.9,56.1,3.1
553000,57,54.6,4.2
553100,65.9,61.2,6.4
553200,61.7,58.2,5.4
553300,57.2,52.8,7.7
553400,59.2,55.4,6.4
553502,66,62.2,5.7
553503,62.3,59,5.4
553504,58.3,54,7.3
553601,62.4,56.7,9.2
553602,69.4,66.4,4.3
553701,62.6,59.7,4.6
553702,57.1,52.1,8.9
553801,64.6,56.9,12
553802,60,53.7,10.1
553901,61.8,59,4.7
553902,68.3,62.9,7.8
554001,58,53.9,6.3
554002,61,57.1,6.5
554101,65.6,58.5,10.9
554103,68.5,64.4,6
554104,66.6,60,9.8
554105,62.2,57.3,7.9
554201,61.5,56.8,7.7
554203,72.8,68.5,5.8
554204,55.9,48.8,12.7
554301,63.6,58.8,7.6
554302,65.3,59.6,8.6
554403,65.8,61.1,7.2
554404,61.5,55.9,9.3
554405,62.8,60.7,3.4
554406,60.2,58.1,3.6
554511,60.8,57.2,5.9
554512,54.5,51.4,5.5
554513,60.4,57.3,5
554514,58.4,52.9,9.4
554515,56.9,54.7,3.9
554516,64.7,57.4,10.9
554517,58.4,55.6,4.7
554518,64.6,60.4,6.5
554519,49.8,46.5,6.7
554521,54.5,51.1,6.2
554522,53.2,49.3,7.3
554600,62,57.4,6.3
554700,58.4,52.3,10.4
554801,66.8,63.7,4.6
554802,55.6,52.7,5.3
554900,57.5,55,4.4
555001,60.5,56.2,7.1
555002,70.4,67.6,3.6
555102,57.8,53.8,6.8
555103,69.4,65.2,6.1
555104,70.9,62.3,11.8
555202,57.8,55.3,4.3
555211,54.9,49.9,9
555212,56.6,52.2,7.8
570001,69.4,64.8,6.5
570002,64.1,61.4,4.2
570003,61.4,58.8,3.7
570100,58.2,50,14.2
570202,70.1,61.9,11.7
570203,75.5,65.6,12.8
570204,67.1,56.1,16.3
570301,69.5,62.4,10.3
570303,62.4,55.3,11.5
570304,69.1,64.1,7.2
570402,67,57.5,14.1
570403,66.8,58.5,12.4
570404,67.4,59.8,11.2
570501,62.7,56.1,10.5
570502,63.9,55.8,12.7
570601,64.8,55.9,13.2
570602,72,65.4,9.2
570603,63,54.8,13.1
570701,67.2,64.4,3.9
570702,54.7,52.2,4.6
570800,67.3,61.5,8.2
570901,64.8,62,4.3
570902,63.8,60,6
571000,67.5,62.7,7.1
571101,68.6,65.5,4.2
571102,59,57.6,2.3
571200,71.9,69.8,3
571300,63.4,59.8,5.7
571400,63.1,59.4,5.8
571502,63.9,61.1,4.3
571503,70.1,67.5,3.7
571504,73.5,68.9,6.3
571600,57.6,39.5,31.5
571701,69.3,60.4,12.8
571703,62.7,54.4,13.2
571704,66.1,57.2,13.6
571800,61.8,57.4,7.3
571900,66.5,64.3,3.3
572001,77.5,72,7.1
572002,55.8,50.9,8.8
572100,65.8,62.7,4.7
572201,60,56.8,5.3
572202,67.9,64.5,4.9
572301,71.1,63.2,11.1
572302,64.3,59.6,7.3
572400,60,52.6,12.3
572500,57.2,47.6,16.8
572600,61.5,54.8,11
572700,59.6,52.1,12.7
572800,43.2,36.1,16.4
572900,62.8,56.8,9.6
573002,63.2,58.9,6.9
573003,66.2,63.5,4.2
573004,63.8,59,7.6
573100,68.3,64.5,5.7
573201,60,55.5,7.6
573202,64.3,57.8,10
573300,52.6,46,12.6
573401,72.3,67.1,7.2
573402,68,62.7,7.7
573403,69.2,66.3,4.3
573601,58.7,56.5,3.6
573700,64,61.8,3.4
573800,64.4,60.7,5.9
573902,62.9,62.2,1.2
574000,65,62.6,3.6
574100,66.2,63.5,3.3
574201,57,55.2,3.2
574202,56.7,54.7,3.4
574300,63.5,60.5,4.6
574400,63.4,59.5,6.2
574500,61.7,58.6,5.1
574601,32.7,23.7,27.5
574602,47.6,47.6,0
574700,0,0,-
574800,72,70.1,2.7
574901,69.1,63,7.8
574902,46.3,41.3,10.8
575001,73.5,67.9,7.7
575002,65.3,61.5,5.9
575101,63.2,59.9,5.3
575102,51.2,46.6,9.1
575103,70.7,64.6,8.7
575201,63.1,52.5,16.4
575202,63.3,52.1,17.7
575300,63.3,53.2,15.9
575401,67.2,60.8,9.5
575402,67.1,60.7,9.5
575500,43.6,43.6,0
575801,64.9,58.4,9.6
575802,66.7,56.9,14.6
575803,57.1,52.2,8.6
575901,69.8,60.5,13
575902,68.4,60.5,11.2
576001,78.6,75.4,3.4
576200,61.4,57.9,5.2
576301,64,59,7.4
576302,76.2,67.7,11.2
576401,61.1,57,6.8
576402,64,59,7.8
576403,58.9,52.3,11.3
576501,65.7,61.4,6.5
576502,66.4,59,10.2
576503,71.8,67.6,5.7
576601,83.2,79.1,4.9
576602,71.7,68.3,4.8
576700,71.7,67.9,5.2
576801,68.3,62.8,8.1
576802,76.7,72.4,5.7
576901,58.5,51.3,12.3
576903,67.8,65,4.1
576904,70.9,65.8,7.3
577000,78.2,73.5,6
577100,77.1,74.4,3.5
577200,80.4,75,6.8
577300,79.9,74.6,6.6
577400,74.9,71.4,4.8
577501,57,52.7,7.6
577504,73.2,70.2,4.1
577602,56.4,50.2,11.1
577603,63.2,59.2,6.3
577604,63.3,62.8,0.9
599000,72.7,71.3,1.8
599100,93.6,57.2,4.6
600100,60,51,14.9
600201,56.5,49.7,12
600202,52.4,46.8,10.7
600302,54.8,45.8,16.4
600303,54.7,47.4,13.3
600304,61.2,55.2,9.7
600400,58.2,47.6,18.3
600501,59.4,49.6,16.5
600502,61.4,52.8,13.9
600601,59.4,54.5,8.2
600602,60.3,56.2,6.8
600702,72.4,71.3,1.4
600703,62.8,58,7.6
600704,58.9,53.3,9.6
600801,62,56.1,9.6
600802,64.3,57.6,10.5
600902,65.7,55.5,15.5
600911,74.6,65.2,12.6
600912,70.2,59.8,14.7
601001,52.2,44.7,14.2
601002,67.5,60.8,10
601100,68.3,60.4,11.6
601202,69,64.5,6.4
601211,61.5,53.4,13.2
601212,71.6,59.4,17
601301,73.3,64.1,12.6
601302,77.3,64.9,16.1
601303,76.2,68.7,9.9
601401,65.3,57.3,12.3
601402,65.6,61.3,6.4
601501,67.5,60,11.1
601502,66.3,58.6,11.6
601600,68.4,62.3,8.9
601700,64.9,59.6,8.1
601801,68.9,60.5,12.2
601802,71.4,66.3,7.1
601900,64.2,58.1,9.5
602002,68,59.3,12.8
602003,66.6,57.1,14.2
602004,65.2,58.4,10.5
602103,66.4,58.8,11.5
602104,74.1,68.8,7.3
602105,66.7,62.2,6.8
602106,66.8,60.7,9.1
602200,67.6,62.9,7
602301,70.9,63.8,9.9
602302,71.4,62.9,11.3
602402,62.7,59.5,5.1
602403,76.3,66.9,12.3
602404,69.4,64.8,6.2
602504,76.1,67.6,11.2
602505,72.9,65.1,10.7
602506,66.6,59.8,10.1
602507,73.4,67.5,8
602508,73.8,69.6,5.8
602509,66.1,62.8,5.1
602600,54.3,49.3,9.1
602700,63,53.7,14.8
602801,66.5,57.7,13.3
602802,64.2,56.1,12.7
602900,66.5,58.7,11.8
603001,59.6,55.6,6.8
603004,63.3,59.8,5.4
603005,66.2,60,9.4
603006,71,64.3,9.4
603101,63.2,58.7,7
603102,55.7,51.4,7.7
603200,61.2,59.4,3
603301,59.6,56.3,5.5
603302,59.7,52.3,12.3
603400,59.6,56.4,5.4
603500,66.6,64.4,3.4
603600,63.5,60,5.4
603702,58.9,53.1,9.9
603703,65.1,62.6,3.9
603704,72,64.4,10.6
603801,69.3,63.2,8.8
603802,69.4,65.3,6
603900,70.7,66.9,5.3
604001,64.3,60.6,5.7
604002,69.5,66,5.1
604100,72.8,68.6,5.8
609900,54.8,48.8,11
620001,71.4,66.2,6.8
620002,73.4,69.6,5.2
620101,73.2,68.2,6.8
620102,74.9,69.6,6.5
620201,82.3,79.5,3.4
620301,54.2,51.6,4.9
620303,69.1,67.3,2.7
620305,67.7,63.5,6.2
620400,64.9,58.9,9.3
620501,70.5,67.4,4.3
620521,73.7,70.9,3.2
620522,70.7,66.8,5.6
620601,71,64,9.5
620602,71.3,68.3,3.3
620701,76.1,69.1,8.4
620702,68.4,64.9,4.8
620800,63.4,61,3.9
620901,57,55.4,2.7
620904,63.6,59.4,6.6
621001,69.4,67.1,3.4
621002,74.1,72.4,2.3
621004,75.2,71.7,4.6
621102,74,70,5.4
621104,84.6,81,2.9
621201,74.2,70.9,4
621204,74.2,70.5,4.5
621301,70,66.7,4.4
621324,75.6,70.7,6.5
621326,77.4,73.5,4.1
621400,66.2,63.3,3.5
650001,56.5,52.6,6.5
650003,67.5,60.9,9.8
650004,71.9,65.8,8.5
650101,58.7,53.3,9.1
650102,66,63.6,3.7
650200,64.3,61.3,4.7
650300,63.3,57,9.9
650401,69,66.1,4.1
650501,58.8,55.9,5
650502,62.3,59.7,4.2
650602,61,57.2,6.2
650603,58.8,56.3,4.4
650604,65.3,62.2,4.7
650605,63.1,59.3,6
650701,57.9,54.2,6.3
650702,62.9,60.3,4.1
650800,59.6,56,6
650901,74,68.1,7.9
650902,69.4,67.6,2.6
651001,60.3,55.1,8.3
651002,66.2,63.6,4
651101,60.4,57.4,4.8
651102,58,55.4,4.3
651201,68.3,65,4.8
651221,61.8,55.8,9.2
651222,71.1,70.4,1
651302,62.5,60.8,2.8
651304,65.2,62.4,3.4
651401,63.7,57.4,8.6
651402,65.5,62.6,4.4
670001,64.4,59.8,6.7
670002,64.5,62,3.5
670003,69.5,64.9,6.6
670100,72.1,65.9,8.7
670201,53.4,51.3,4
670202,58.2,54.5,6.3
670324,51.7,49,5.3
670326,49.2,48.4,1.6
670328,54.6,53.2,2.6
670403,48.5,44.6,8
670405,45.9,45,1.3
670406,48.1,48.1,0
670407,60.9,57.3,5.9
670411,53.1,52.2,1.6
670413,54.6,52.2,4.4
670416,53.6,50.3,4.6
670500,43.8,40.8,6.8
670602,52.4,50.1,3.8
670701,60.2,56.8,5.6
670702,57.2,56.5,1.2
700101,71.5,67.5,5.6
700102,73.6,66.1,10.2
700200,81.4,77.2,4.2
700300,83.6,77.9,6.8
700400,79.9,75,6.1
700501,87.6,84.1,4
700502,74.5,68.2,8.4
700600,53.3,50.1,6
700700,53.6,51.5,3.9
700801,58.6,55.2,5.3
700802,63.6,59,7.2
700901,66.6,63.4,4.9
700902,70.3,67.2,4.4
701000,66,61.1,7.4
701100,18.9,12.4,31.1
701201,58,51.5,11.2
701202,78.3,72.6,7.2
701302,82.9,78,5.9
701304,60.6,56,7.5
701402,71.3,65.7,7.8
701501,74.5,69.3,7
701502,68.3,65,4.9
701601,69.7,65.6,5.9
701602,78.1,71.9,8
701701,70.1,65.2,7.1
701702,74,68.5,7.3
701801,69.4,61.3,11.7
701802,62.4,57,8.6
701902,67.2,60.9,9.3
702002,72.7,66.9,7.9
702102,74.6,70.4,5.7
702201,68.3,64.8,5
702202,66,62.4,5.5
702300,75,71.2,5
702400,68.5,64.6,4.6
702501,75.5,71.2,5.7
702502,62.5,60.6,3.1
702600,65.4,60.6,7.3
702700,70.8,68.8,2.8
702801,68.6,67.1,2.2
702802,74.5,70.9,4.9
702803,70.5,64.6,8.3
702901,78.2,74.1,5.2
703001,79.8,74.6,6.6
703002,62.8,56.7,9.8
703100,64.7,55.6,14.1
703200,57.4,49.9,13
800101,63.1,58.8,6.8
800102,68,62.6,7.9
800202,56.6,54.5,3.7
800203,60.5,57.1,5.5
800204,54,51.4,4.8
800324,74.6,72.1,3.4
800325,53.1,50.5,4.9
800326,57.4,55.2,3.9
800327,69.7,65.4,6.1
800328,76.9,72,6.3
800329,68.8,66.5,3.3
800330,71.4,67.2,5.9
800331,59,56.1,4.9
800332,58.4,56.7,3
800406,54.4,48.7,10.6
800408,62.9,60.7,3.5
800410,50.5,44.5,11.8
800504,61,58.8,3.5
800506,53.2,51.7,2.9
900102,35.5,34.1,2.5
900103,46.9,43.3,7.7
900104,49.1,39.5,19.7
900201,46.4,44.6,3.9
900300,53,49.2,7.2
900501,54.2,49,9.6
900504,58.7,54.8,6.2
900505,50.9,44,13.7
900506,43.2,39.9,7.8
900507,53.3,48.3,9.4
900508,47.6,45.2,5.1
900602,49.4,43.8,11.4
900605,51.4,46.5,9.4
900606,38.1,32.8,13.4
900607,40.7,34.8,14.1
900608,50.3,46.1,8.4
900609,55.1,50,9.3
900701,47.2,40.3,14.7
900703,50.1,47.6,4.7
900704,62.3,57.1,5.8
900705,57.3,53.5,5.2
900803,50.5,46,8.5
900804,44.9,40.8,9.2
900805,46.2,42.4,8.1
900806,38.2,36.1,5.6
900900,50.6,47.7,5.9
901003,0,0,-
901004,61.2,56.2,8.2
901007,60.2,55.2,8.3
901008,60.8,55,9.4
901009,57.6,54,6.2
901010,54.8,50.8,6.4
901011,60.6,56.7,6.3
901101,56.7,51.2,9.8
901102,55.1,51.5,6.5
901205,56.4,53.6,4.9
901209,49.4,47.5,3.8
901210,53.6,51,5
901213,62,57.4,6.5
910001,50.9,43.3,15
910002,55.9,49.2,12.1
910101,58.7,52.9,9.8
910201,55.3,50.3,8.9
910202,56.6,53,6.4
910205,60.7,57,6.1
910206,68.3,62.6,8.1
910207,61.2,54,11.7
910208,62.7,56.6,9.8
910209,67.1,61.5,8.4
910210,62.9,56,11
910301,57.7,54.8,5
910302,60.5,57.5,4.3
910401,62.7,55.3,11.9
910402,54.7,48.9,10.5
910403,63.5,52.1,18
910404,56,50.3,10.2
910501,49.9,39.8,20.2
910502,57.8,51.7,10.5
910504,48.6,44.2,8.5
910505,58,55.2,4.9
910601,50,40.9,18.2
910602,55.6,49.8,9.5
910603,56.4,52.3,7.2
910605,62.2,56.8,8.6
910606,56.2,50,11
910705,60.1,55.1,8.3
910706,56.1,51.1,9
910707,58.2,54.1,6.4
910709,57.3,55.7,2.8
910711,56,46.1,17.8
910712,55.2,49.1,11.1
910713,55.6,47.5,14.6
910714,59.4,55.5,6.7
910715,62.3,55.1,11.1
910716,65,60,7.2
910804,61.9,55.1,11.1
910805,60.3,53.1,11.8
910807,66.2,61.2,7.6
910808,67.3,62.9,6.5
910809,61.5,56.2,8.6
910810,67.6,64.4,4.8
910811,62.9,58.9,6.3
910812,55.9,52.1,6.8
910813,57.7,54.8,4.9
911001,44.7,41.1,8.1
920011,41.9,37,11.5
920012,65.9,60.9,7.6
920013,61.6,58.2,5.5
920015,70.1,67.2,4.2
920016,74.6,69,7.5
920017,63.4,59.4,6.4
920018,68.4,64.6,5.5
920020,67.1,60,10.6
920023,74.5,66.4,10.9
920026,42.6,41.2,3.2
920028,72.2,67.4,6.6
920029,71.2,63.2,11.3
920030,77,72.9,5.3
920031,51.2,48.8,4.6
920032,65.6,62.5,4.7
920033,62.3,50.8,18.4
920034,66.2,61.6,6.9
920035,69.6,63.7,8.4
920036,67,61.5,8.2
920037,71.6,65.9,7.9
920038,75.7,69.7,7.9
920039,66.2,57.7,12.8
920040,69.8,60.1,13.8
920041,70.9,63.1,11.1
920042,73.2,69.4,5.3
920043,73.8,68,7.8
920044,72.2,68,5.8
920045,70.9,68.1,4
920102,63.9,58.3,8.8
920104,66.9,63.2,5.5
920106,74.2,64.2,13.4
920107,73.3,68.3,6.4
920108,75.9,70.1,7.6
920109,68.2,66.1,3.1
920110,72,66.7,7.3
920111,72.9,66.9,8.2
920112,66,59.9,9.2
920114,78.4,71.8,7.4
920115,68.2,65.1,4.6
920116,73.3,68.2,5.6
920118,69.2,65.8,4.9
920119,65.8,62,5.7
920200,0,0,-
920303,73.7,70.8,3.9
920312,63.7,58.3,8.4
920313,64.7,61.8,4.5
920314,71.6,68.5,4.3
920322,60.4,56.4,6.6
920326,70.9,66.2,6.6
920328,73.8,70.4,4.6
920329,71.4,66.4,6.2
920330,65.3,63,3.4
920331,63.1,60.8,3.7
920332,61.1,54.1,11.5
920334,54.1,49.7,8.2
920336,74.6,66.3,10.4
920337,75.5,68.3,9.5
920338,64.8,58.4,10
920339,72.5,66.7,8
930101,75.5,65.3,13.5
930200,68.5,62.6,8.7
930301,31.1,30.5,2
980001,-,-,-
980002,-,-,-
980003,-,-,-
980004,-,-,-
980005,-,-,-
980006,-,-,-
980007,-,-,-
980008,66.7,66.7,0
980009,80,60,25
980010,34.5,30.1,12.8
980013,-,-,-
980014,-,-,-
980015,74,63.5,14.2
980018,-,-,-
980019,78.2,74.4,4.8
980020,-,-,-
980021,33.3,33.3,0
980022,-,-,-
980023,-,-,-
980024,84.9,82.2,3.2
980025,-,-,-
980026,41.4,41.4,0
980028,-,-,-
980030,-,-,-
980031,4,4,0
980033,0,0,-
990100,-,-,-
990200,-,-,-
990300,-,-,-