Tract,Pct_Married,Pct_Widowed,Pct_Divorced,Pct_Separated,Pct_Never_Married
101110,46.9,6,11.5,1.2,34.5
101122,57.9,4,9.5,2.9,25.7
101210,43.7,4.4,8.2,4.4,39.2
101220,48,7.4,8.8,2.7,33.2
101300,51.5,6.8,10.3,0.1,31.2
101400,46,3.4,13,3.4,34.2
102103,52.9,8.3,9.4,2.3,27.2
102104,56.4,6.9,6,1.6,29.1
102105,39.5,1.9,16.7,0.2,41.7
102107,48.7,7.3,5.7,1.6,36.7
103101,57.8,5.7,10,0.8,25.6
103102,49.9,6.3,11.7,1.6,30.6
103200,45,8.9,11.7,0.9,33.6
103300,57.5,7.3,9.2,1.7,24.3
103400,51.2,7.1,8,1.1,32.5
104103,47.4,5.3,6.8,1.7,38.8
104105,42.1,3.1,6.6,4,44.2
104108,40.9,5.5,10,5.8,37.8
104124,44.6,4,10.3,0.9,40.3
104201,35.8,4.2,7,3.4,49.6
104203,45.8,4.3,6.5,2.2,41.2
104204,37.3,6.2,7,3.9,45.6
104310,43.8,2.9,4.9,3,45.4
104320,34.6,5.2,5.7,4,50.4
104401,50.1,3.1,2.3,3.9,40.6
104403,48.6,5.1,3.5,4.2,38.6
104404,41.4,2.8,4.4,2.3,49.1
104500,39.4,4.7,7.5,3.4,45.1
104610,36,6,7.5,3.3,47.3
104620,41.9,3.7,6.4,2.3,45.7
104701,39.5,2.1,2.3,4.3,51.7
104703,54.9,2.9,7.6,2.1,32.6
104704,28.9,5.7,6.7,3.7,54.9
104810,43.7,5.1,6.8,3.3,41.1
104821,39.5,3.9,4,2.6,50
104822,39,4.2,8.9,3.7,44.2
106010,44.5,5,7.8,4.4,38.4
106020,43.7,3.3,7.7,4.1,41.2
106111,53.8,3.1,9.8,1.2,32.2
106112,47.8,3.3,8.2,1.1,39.5
106113,53.2,3.4,8.1,3,32.3
106114,37.5,4.7,8.9,1.1,47.8
106403,41.4,4.7,8.9,3,42
106405,42.4,6,8.8,1.1,41.8
106406,49,5.3,8.1,1.8,35.7
106407,33.9,4.4,13.5,4.2,44
106408,34.5,2.9,8.9,8.9,44.7
106510,46.5,4.1,8.1,3,38.4
106520,38.8,6.2,7.3,3.9,43.8
106603,62.9,5.3,2.9,1.4,27.5
106604,46.4,5,7.7,2.9,38
106641,57.8,8.4,4.7,1.9,27.3
106642,57,6.5,2.3,0.6,33.6
106643,55.8,4,8.8,1.1,30.3
106645,60.7,7.3,3.6,2.6,25.8
106646,48.1,10.1,11,3,27.8
106648,40.6,3.2,7.5,4.1,44.6
106649,49,3.8,5.6,1.8,39.8
107010,40.8,4.6,7.6,2.4,44.6
107020,46.6,3.1,4.3,1,45
108101,66.3,6.2,6,1.3,20.1
108102,63.9,7.5,7.8,0.9,19.9
108103,62.9,3.8,4.5,1,27.7
108104,55.8,7.2,7.4,1.1,28.6
108201,67.9,5.9,6.5,1.1,18.5
108202,65.6,6.6,5.9,2.1,19.7
109100,42.9,11.7,5,2.4,38
109200,51.2,4.4,13,2,29.4
109300,49,7.4,4.9,2.5,36.3
109400,38.6,6.7,8.9,4.1,41.6
109500,47.8,2.7,4.8,2.4,42.3
109601,48.6,4.9,7.6,4.3,34.7
109603,32.7,7.2,6.7,6.8,46.6
109604,45.4,5.5,8.9,2.7,37.6
109700,50.2,3.7,10.4,0.7,35.1
109800,49.9,6.2,8.7,4,31.2
111100,53,3.3,7.8,2,34
111201,50.8,6.9,4.6,2.5,35.3
111202,47.2,5.6,8.3,1.7,37.2
111204,59.4,3.9,5.5,1.3,29.8
111205,46.5,4.6,4.9,2,42
111206,55.8,7.3,6,0.6,30.3
111301,49.8,5.5,9.7,2.2,32.7
111302,36.5,6.2,10,2.6,44.7
111400,46.4,5.7,8.9,2.2,36.8
113101,56.4,7.9,5.5,0.3,29.9
113102,57.3,6.8,4.6,1.2,30.2
113211,60.9,5.2,9.1,2.2,22.6
113212,45.3,6.3,13.3,0.9,34.2
113213,37.7,5.9,14.5,2,39.9
113231,57.8,5.2,8.4,2.9,25.7
113232,57.6,10.2,8.5,0,23.7
113233,35.1,4.5,11.7,3.2,45.5
113234,41.8,6,12.9,4.7,34.6
113235,52,5.3,15,2.2,25.5
113237,45,5,9.8,1.6,38.6
113301,58.3,7.8,5,1.5,27.4
113303,46,7.3,10.3,2,34.3
113321,38.2,1.5,11.1,4.1,45.1
113322,51,8.8,7.4,1.1,31.8
113401,50.7,5.9,7.3,2.2,33.9
113421,40.9,4.4,11.2,4.1,39.5
113422,42.4,3,11.8,0.7,42.1
115101,59.6,5.9,3.7,2.2,28.6
115103,4.3,0.1,0.9,0.5,94.3
115104,28.5,4.4,9,0.4,57.8
115201,29.9,3,9.3,2.3,55.6
115202,37,2.4,7.6,1.2,51.9
115301,42.1,9.5,12.6,2.7,33.1
115302,43.4,3.1,5.8,2.2,45.5
115401,47.8,1.5,6.6,2.1,42.1
115403,45.8,2.7,7,1.7,42.8
115404,36.5,5.6,10.9,3.7,43.3
117101,43.6,5.3,7.2,2.4,41.5
117102,47.8,4.4,8.4,4.4,35
117201,48.7,4.7,7.6,2.6,36.4
117202,52.7,4.5,8.8,0.3,33.6
117301,42.7,6.4,10.1,2.3,38.5
117302,51.9,8,6.5,0.2,33.4
117303,49.4,5.5,5.3,0.6,39.2
117404,38.7,8.1,8.2,3.1,41.9
117405,33.3,2.1,6.1,2.6,55.9
117407,44.9,0.2,3.7,4.5,46.7
117408,32.1,2.4,8.4,3.9,53.3
117510,44.5,2.7,4.6,4.7,43.6
117520,36,3,7.8,4.2,49
117530,34.6,2.3,7.8,5.8,49.5
119001,51.3,4.5,4,0.5,39.6
119002,47.3,4.2,4.4,1.9,42.2
119201,48.2,4.7,5,1.9,40.2
119202,42.2,3.3,7.9,4.2,42.4
119310,41.5,6.4,7.3,2.7,42.1
119320,47.1,3,6.1,4.3,39.5
119340,45.4,2.8,3.5,2.7,45.6
119341,40.5,6.1,7.9,2.9,42.6
119342,46.1,2.2,5.3,3.8,42.7
119400,41.2,6.3,6.6,3.4,42.5
119700,54.2,6.9,5.2,2,31.8
119800,41.9,5.2,5,2.4,45.6
119900,47.7,5.4,8.5,1.6,36.8
120010,47.1,3.3,8.7,2.1,38.6
120020,48.4,4.9,1.8,2.7,42.2
120030,40.3,3.2,5.8,4.8,45.9
120103,38.6,2.5,6,1.5,51.4
120104,37.9,4.7,6.5,3.6,47.3
120105,46.6,6.4,5.4,1.5,40.1
120106,40.1,1.5,4.2,2.4,51.7
120107,37,2,5.7,3.1,52.3
120108,32.6,5.3,9,5.3,47.8
120300,45.9,6.3,6.4,4.7,36.7
120400,42,6.2,7.2,3.7,41
121010,42.6,7.9,7,1.3,41.3
121020,46.1,3.3,6.7,1.7,42.3
121101,41.1,3.2,11.2,1.1,43.3
121102,41.8,5.8,13.7,2.9,35.8
121210,38.4,6.7,8.5,2.3,44.2
121221,47.2,5.7,6.6,2,38.5
121222,39.3,3.9,8.1,3.3,45.3
121600,48.5,6,5.7,3.2,36.6
121801,38,3.5,9.1,5.4,44
121802,38.2,4,8.9,2.3,46.6
121900,36.4,6.5,7.2,4.4,45.5
122000,40.5,8.5,8.1,1.2,41.7
122120,42.1,3.6,7.9,0.9,45.5
122121,41,6.2,6.9,2.6,43.2
122122,39.4,4.9,4.1,2.4,49.2
122200,45.1,2.9,3.6,2.6,45.8
122410,34,3.9,8.8,2.6,50.6
122420,43,0.7,8.2,2.3,45.7
123010,41.5,3.8,5.5,4.1,45.1
123020,38.4,4.5,4.2,4,48.8
123103,38.5,8.8,8.3,5.3,39.1
123104,39.1,6.9,9.6,3.1,41.3
123203,39.1,1.1,6,2.9,50.9
123204,42.6,2.2,6.9,3.3,45
123205,42.7,1.5,5.7,6.6,43.5
123206,38.3,3.1,7.9,6,44.7
123301,40.4,6.3,8.8,0.2,44.3
123303,43,6.4,9.7,0.9,40
123304,43,8.2,8.2,1.7,38.9
123410,41.8,3.5,9,3,42.7
123420,45.2,4.2,2.6,3.6,44.5
123510,39,7.5,8.3,3.3,41.8
123520,45.3,4.3,7.7,2.6,40.1
123601,44.8,5.7,9.8,1.1,38.6
123602,45,5.9,11.3,1.2,36.6
123700,42.9,5.1,7.8,2.1,42
123800,37.9,1.4,12.6,3.3,44.9
123901,46.5,3.4,8.5,0.7,40.9
123902,37.8,4.4,14.4,5.1,38.3
124000,43.9,8.2,14.5,2.7,30.7
124102,33.9,2.4,8.5,2.2,53
124103,48.5,4.7,6,1.8,39
124104,33,2.6,6.2,3.1,55.1
124105,45.6,2.6,2.9,1.4,47.6
124201,55.9,6.3,6.6,0,31.2
124203,37.6,2.3,11.2,2.2,46.6
124204,33.8,1.1,6.2,3.1,55.7
124300,31.7,6.7,8.5,7.7,45.4
124400,44.8,3.3,8.5,1.5,41.8
124500,40.6,5.3,16.8,1.3,36
124600,36.5,3.9,18.9,4.9,35.8
124700,44.7,4.1,9.1,2.3,39.7
124902,25.3,6.6,15.7,2.7,49.7
124903,29.4,4.4,13.4,3.7,49.1
125100,31.8,4.8,13.3,3.8,46.4
125200,40.8,2.3,9.3,4.3,43.2
125310,26.3,2.5,11.1,5,55.1
125320,28.1,1.8,8.5,4.7,56.9
125401,27.3,1.8,9.9,0,61
125402,34.6,1.1,8.8,1.5,54.1
125501,35.9,4.3,8.7,2.5,48.6
125502,27.1,4.8,11.3,1.7,55.1
125600,40.7,4.7,16.4,0.9,37.3
127102,34.1,3.9,9.6,4.2,48.1
127103,39.4,2.8,6.4,2.3,49.2
127104,36.7,4,7.3,1,51.1
127210,41.6,4.8,6.7,4.2,42.7
127220,36.5,6.6,10.1,5.5,41.3
127300,40.2,4.2,7.5,2.6,45.6
127400,44.7,1.6,6.7,2.7,44.3
127520,35.3,4,5.2,4.8,50.7
127603,38.8,3.8,3.9,4.6,48.9
127604,43.1,4.3,10.9,4.2,37.6
127605,41.8,0.8,5.5,4.1,47.8
127606,36,5.4,12.5,3.1,42.9
127711,43,2,8.8,4.9,41.4
127712,44.8,4.1,9.2,2.7,39.2
127803,39.2,6.3,7.4,6,41
127804,38,3.6,9.2,3.8,45.4
127805,38,3.9,6.9,2.5,48.6
127806,31.4,6.2,10.3,1.1,51.1
127910,40,2.7,8.4,3.6,45.2
127920,48.6,2.5,5.8,2.7,40.4
128101,43.8,2.6,9.3,3.6,40.7
128102,40,2.8,6.3,2.9,48
128210,34.1,3,4.3,4.5,54.1
128220,37.7,3.8,8.6,2.9,46.9
128302,31.5,3.4,6.7,4.9,53.4
128303,36.9,3.4,8.7,4.2,46.8
128400,40.3,3.2,13.2,2.1,41.2
128500,39.2,4.5,16.7,2,37.7
128601,37.6,4.8,5.3,4.8,47.5
128602,42.4,4,12.1,2.6,38.9
128702,38.3,4,16.8,2.7,38.2
128801,33.8,7.9,13.8,2,42.5
128802,36.6,9.1,8.5,4.7,41.2
128910,45.9,2.6,14.4,1.9,35.2
131010,45,2,5.8,4.3,42.9
131020,37.5,3.3,9.5,1.7,47.9
131100,43.2,5.4,12.1,2.2,37.1
131200,50.5,3.6,6.5,1.6,37.8
131300,48.2,5.1,6.3,1.5,39
131400,41,6.2,10.7,4.8,37.3
131600,40.6,6.5,5.8,1.9,45.2
131701,34.8,4.1,11.2,4.6,45.3
131702,43.8,2.4,13.8,1.4,38.6
131800,43.3,6.4,10.3,2.5,37.4
131900,52,4.3,7.8,2.2,33.7
132001,49.9,5.3,11.8,3.3,29.7
132002,39.7,8.5,11.1,0.9,39.8
132101,40.3,7.3,11.5,0.7,40.2
132102,38.6,4.9,11.6,2.6,42.3
132300,46.8,5,7.3,2.5,38.4
132501,33.6,11.2,13.7,2.7,38.7
132502,33.1,6,13,1.2,46.7
132700,44.7,6.5,7.4,4.6,36.7
132900,51.2,7.9,8.2,2.1,30.6
133000,50.4,9.5,6.6,4.4,29.2
133100,42,10.5,9.9,1.3,36.2
134001,43.2,2.5,4.7,1.8,47.8
134002,37.9,4.2,12.8,2.5,42.6
134101,49.4,3.3,8.1,0.6,38.5
134103,46.9,4,9.6,7.3,32.2
134104,47,3.9,6.7,2.4,40
134201,46.6,5.5,6.3,2,39.5
134302,53.1,5.9,9,0.9,31.1
134303,44,6,10.5,2.3,37.3
134304,48.2,7.6,10.6,1.3,32.3
134305,42,3.1,7.9,5.1,41.9
134306,36.9,6.5,9.6,5.7,41.3
134421,60.9,6.2,7.1,0.4,25.4
134422,47.4,6.6,14.6,3.4,28.1
134423,55.3,8.8,8.2,0,27.8
134424,69.4,2.8,3.3,0.7,23.8
134520,37.3,5.9,5.7,4.3,46.9
134521,37.6,2.8,3.5,3.5,52.5
134522,37.2,2,8.3,1.1,51.3
134710,41.5,3.4,8.3,1.4,45.4
134720,42.3,4.6,7.8,4.6,40.7
134800,46.1,3.3,7.3,2.8,40.5
134901,46.1,7.2,15.2,0.9,30.6
134903,39,2,5.7,1.2,52.1
134904,35.7,3.5,11.5,3.4,45.8
134905,39.9,2.8,11.5,2.7,43.2
135102,51.6,6,10.4,1.4,30.6
135111,50.1,6.1,10,0.4,33.4
135113,47.1,7.4,14.1,1.8,29.5
135114,39.8,4,12.8,0.9,42.5
135201,41.7,5.5,16.8,4.2,31.7
135202,46.7,7.6,12.1,1.8,31.8
135203,59.3,6,9.1,0.6,25.1
137000,54.6,9,9,0.7,26.7
137103,40.2,6,18.1,2.8,33
137104,48.9,5.2,9.3,5,31.7
137201,55.2,4.6,11.9,1.7,26.6
137301,60,4.7,8.1,2.4,24.7
137302,56,7.7,8.3,0.1,27.8
137401,54.8,4.7,12.3,3.3,24.9
137402,53.4,14.2,12.1,1.8,18.5
137501,50.1,5.1,6.3,1.1,37.4
137502,49.3,6.3,17.2,1.2,26.1
137504,59.4,5.6,8.4,0.4,26.2
138000,59.6,5.2,12.5,0.8,21.9
139001,55.2,6,8.9,1.9,28
139200,40.8,4.7,15.5,1.6,37.3
139301,50.8,4.3,8.8,2.8,33.3
139302,32.8,2.9,11.9,6.9,45.5
139303,27.3,4.1,17.2,5.4,45.9
139401,38.3,7.8,17.3,4.4,32.2
139402,65.9,5.4,7,1.3,20.3
139502,55.7,9.3,7.9,0.8,26.2
139503,38.6,6.2,15.2,2.2,37.7
139504,36,8.3,13.9,3.9,37.9
139600,54.1,6.2,11.8,3,24.8
139701,59.6,8.9,3.7,1.4,26.4
139702,68.6,6.4,5.9,1.6,17.4
139703,67.1,3.7,4.3,1.7,23.2
139801,65.8,8.8,8.4,0.4,16.7
139802,62.9,6.4,5.9,0.3,24.5
141101,40.2,4.3,9.3,0.4,45.9
141102,46.2,5.2,14.1,1.4,33.1
141201,42.6,1.2,9.6,1.4,45.2
141202,43.5,4,18.9,3.6,30.1
141302,47.8,1.9,10.1,1.3,38.8
141303,36,4.4,12.6,2.3,44.7
141304,40.1,7,12.7,0.6,39.5
141400,49.1,9.6,9.4,1.6,30.4
141500,62,6.4,7.3,1.2,23
141600,56.9,6.3,12.1,2.8,21.9
141700,61.9,6.2,4.1,1.2,26.6
143100,39.1,4.7,10.9,1,44.2
143200,31.2,1.4,12.1,2,53.3
143300,40.4,5.1,11.5,1.7,41.3
143400,40.8,4.8,15.4,1.6,37.3
143500,38.1,5.7,16,2.4,37.8
143602,38.5,5.4,14.7,0.7,40.5
143603,33.2,0.7,13.8,1.1,51.2
143604,28.2,1.9,9,1.8,59.1
143700,48.8,2.8,8.7,1.1,38.7
143800,48.1,2.9,9.1,1.9,38
143901,58.2,4,9,1.7,27.1
143902,45.8,6.9,10.1,1.2,36
181000,50,8.8,7.6,0.9,32.7
181300,54.1,5.7,8.2,1.3,30.7
181400,38.8,9.5,10.3,2.6,38.8
181500,45.6,10.5,6.6,2.6,34.8
181600,26.7,4.2,5.4,1.8,61.8
183101,38.4,4.1,8,2.7,46.7
183103,37.4,2.6,11.2,0.9,47.9
183104,37.4,5.5,10.6,0.9,45.6
183220,42.6,3.6,8.1,1.1,44.6
183221,36,4.8,11.3,2.6,45.4
183222,44,4.8,10.1,2.9,38.2
183300,41.5,5.6,5.5,2.4,45
183401,35.4,7.2,5.8,2.5,49
183402,33.3,6.1,4.2,3.3,53.2
183510,47.1,3.5,6.3,2,41.2
183520,28.2,4.1,8.9,3.1,55.7
183610,29.5,5.3,8.4,4.2,52.5
183620,44.2,2.2,8.9,1.9,42.8
183701,27.9,5.8,9.6,3.1,53.6
183702,45.1,5.1,7.3,1.8,40.6
183810,37.3,0.7,4.3,5.2,52.6
183820,42,3.4,7,2.1,45.6
185100,51.1,3.8,6.1,2.1,36.8
185202,34.4,2.3,7.3,5,51
185203,36.4,2.7,7.6,4.2,49.2
185204,42.1,9.7,8.7,3.1,36.3
185310,43.2,3,5.4,2.5,45.9
185320,36.5,4.8,5.8,3.3,49.7
186100,48.4,4.3,9.4,2,35.9
186201,36.8,9.8,7.4,2.6,43.3
186202,46.4,5.9,6.6,1.3,39.7
186203,43,5.4,7.2,1.7,42.6
186301,25.1,3.9,9.1,3.6,58.3
186302,42.5,6.1,8.2,1.9,41.4
186401,33,3.1,7.1,7.6,49.2
186403,42.7,6,8.9,2.6,39.8
186404,38.8,6.1,6.2,3.4,45.5
187101,35.4,10.1,6.7,3.6,44.3
187102,44.8,5,9.1,0.6,40.4
187200,40.2,5.8,7.2,1.6,45.2
187300,36.8,2.4,9.3,2.5,49
188100,35.4,5.4,9.1,2.7,47.3
188201,28.6,1.7,9.2,0.9,59.5
188202,43.6,6.9,4.8,0.7,44
188300,52.4,5.8,8.4,2,31.4
189101,25.2,9,11.2,0.4,54.3
189102,31.3,2.6,9.9,1.1,55
189201,22.3,4.8,6.4,2.1,64.4
189202,44.7,6.7,4.8,1,42.9
189300,55.3,7.5,9.4,0.4,27.5
189400,37.5,2.6,10.1,0.9,48.9
189500,27.6,2,8.4,0.3,61.7
189600,25.1,1.2,9.9,2.2,61.6
189701,42.9,3.9,14.4,0,38.8
189702,31.4,5.2,9.4,1.5,52.5
189800,23.9,3.6,11,0.4,61.1
189902,25.9,5.5,11.8,1.4,55.4
189903,24.6,2,13.7,0.5,59.1
189904,28.9,0.3,7.1,2.9,60.8
189905,30.1,6.4,10.4,3.2,49.9
190100,18,4,9.1,3.2,65.6
190201,18.6,9.9,2.9,3.7,64.9
190202,14.3,3.6,9.4,0.9,71.8
190301,22.9,5.4,10.7,2.7,58.2
190401,26.1,8.5,8.4,1.4,55.7
190402,29.5,5,11,3.5,51
190510,34.3,5.3,3.9,3.9,52.7
190520,38.3,4.1,8.1,4.9,44.7
190700,21.4,4.2,9.1,2.6,62.8
190801,24.3,4.8,8.3,1.4,61.2
190802,31.8,3.8,9.6,3.3,51.5
190901,30.7,5.5,8.5,3.3,52.1
190902,26.4,2,12.5,3.9,55.2
191000,23.4,3,11.5,0.3,61.9
191110,36.9,9.3,14.1,4.1,35.5
191120,40.7,5.3,6.3,1.3,46.4
191201,36.9,7.3,10.2,3.9,41.8
191203,30.8,3.6,6.8,4.4,54.4
191204,39.2,2.7,7.4,4.6,46
191301,31.8,5.1,5.1,1.9,56.2
191302,27.4,2.6,9.4,1.9,58.7
191410,29.1,3.8,7.5,2.1,57.5
191420,30.6,2.5,7.7,4.3,54.8
191500,37.2,7.2,6.7,3.2,45.6
191610,27.5,4.1,7.8,2.3,58.4
191620,26.4,8.7,9.2,3.5,52.2
191710,39.9,3.9,4,2.2,50
191720,33.6,3.9,5.8,3.7,53
191810,31.6,1.6,4.4,1.2,61.2
191820,26.8,2.6,7.8,0.8,62
191901,19.6,4.1,9.5,2.3,64.4
191902,37.8,5,7.5,1.4,48.3
192001,31.5,3.1,14.4,3.7,47.2
192002,28.8,2.4,12.1,3.9,52.8
192300,40.1,2.9,12.1,0.7,44.1
192410,40.1,5.4,6.7,1.1,46.7
192420,39.1,1.3,6,1.4,52.2
192510,44.4,6.5,7.4,3.1,38.6
192520,36.3,2.6,5.5,3.7,52.1
192610,31.3,1.4,8.5,2.7,56.2
192620,43.2,1.3,9.8,1.5,44.1
192700,21.3,3.7,5.9,4.4,64.7
194101,35.5,2.6,9.9,1.5,50.5
194102,52.2,3.9,11.5,0.6,31.9
194200,49.4,4.4,8.6,2.2,35.5
194300,38.5,5,14.2,3.2,39.2
194401,35.3,3.8,4.9,2.1,53.9
194402,31.6,1.5,5.5,0,61.5
194500,38.1,5.3,10,2.6,44
195100,48.1,4.1,5.9,1.9,39.9
195201,30.4,3.2,8.5,0.8,57
195202,50.6,2.5,6.5,1.2,39.2
195300,31.8,5.1,11.2,2.9,49
195400,29.2,3.1,9.1,1.1,57.5
195500,33.7,5.4,10.3,1.3,49.2
195600,37.7,3.1,7.1,4.3,48
195710,26.1,3.8,8.4,4.3,57.4
195720,25.7,4.4,4.9,5.3,59.6
195802,37,5.6,5.9,1.7,49.9
195803,27.5,3.4,7.3,1.4,60.3
195804,25.3,3.4,8.8,3.6,58.9
195901,25.6,7.1,7,0.7,59.6
195902,32.2,2.5,5.4,1.5,58.3
195903,27.8,1.8,8,3.2,59.2
197200,38.2,8.1,5.4,5.1,43.2
197300,32.2,4.1,5.5,1.8,56.4
197410,38.8,4.2,7.7,1.3,48
197420,35.3,3,3.3,4.4,53.9
197500,31.8,2,8.2,3.1,54.9
197600,26.5,4.8,7.7,2.9,58.1
197700,35.2,3.6,5.8,1.2,54.2
199000,44.2,4.1,5.9,3,42.7
199110,33,7.5,8.1,2.4,49.1
199120,36.2,7.6,5.4,3.4,47.4
199201,34.5,5.5,7.4,2.6,50
199202,38.7,6.4,7.5,2.6,44.8
199300,34.6,4.4,7.6,2,51.3
199400,33.3,3.9,6.2,3.2,53.4
199700,33.7,7.1,5.5,1.9,51.7
199800,44.2,10.7,5.6,0.7,38.7
199900,33,7.4,10,5.3,44.3
201110,36.5,7.1,8.6,2.5,45.3
201120,33,5.3,14,3.4,44.3
201200,47,6.5,8.9,2.4,35.3
201301,35.2,3.3,10.7,2.4,48.3
201302,41.1,5.8,14.4,0.6,38.1
201401,37.9,4.3,7.1,5.7,45
201402,38.2,9.1,6.3,5.7,40.6
201501,38,5.6,8.7,4.3,43.4
201503,33.3,4.2,6.4,4.7,51.4
201504,44.8,5.8,6.2,1.9,41.4
201601,41.1,7.9,8,1.7,41.3
201602,36.3,7.5,5.6,4.3,46.4
201700,24.4,4.2,7,0.8,63.6
203100,26.9,4.3,6.2,5.3,57.3
203200,38.5,3.1,7.3,3.8,47.3
203300,20.4,2.8,2,0.4,74.4
203500,27.6,5,11.2,4.9,51.3
203600,34.9,5.4,6.3,3.6,49.8
203710,33.8,4.1,6.5,5.2,50.4
203720,39.8,3.4,4.6,3,49.2
203800,43.6,5.2,6.1,3.3,41.8
203900,36.9,6.7,4,5,47.4
204110,38.2,4.1,8,1.7,47.9
204120,39.2,3,7.3,4.9,45.5
204200,32.5,3.1,8.7,3.3,52.4
204300,33.9,6.4,4.2,3.5,52
204410,31,6.3,5.8,6.4,50.4
204420,23.5,4.3,6.7,6.9,58.6
204600,30.9,4.2,9.7,4.3,50.9
204700,42.1,4.5,5.5,2.6,45.2
204810,36.1,3.8,5.8,2,52.4
204820,38.8,4.5,5.4,2.6,48.7
204910,40.7,5.3,2.2,4.2,47.7
204920,41.9,5.4,4.6,0.7,47.4
205110,35.8,3.1,5.7,5.6,49.8
205120,33.9,6.1,5.5,3.7,50.8
206010,38.8,5.1,5.7,3.3,47.1
206020,10.3,0.7,9.4,4.9,74.7
206031,31.8,0.9,10.2,0.8,56.3
206032,33.5,10.1,6.9,2.2,47.3
206050,27.1,11.8,9,5.8,46.4
206200,14.2,11.5,15.9,7.1,51.3
206300,3.2,4,14.1,5.2,73.5
207101,38.7,7.2,4.7,5.6,43.8
207102,49.3,10.9,6,1.8,32
207103,49.8,12.9,3.3,3.7,30.3
207301,21.4,1.7,16.8,1.1,59
207302,19.7,2.3,7.8,6,64.3
207400,24.9,2.1,17.6,5.5,49.9
207501,30.7,2.2,8.2,0.6,58.3
207502,34.9,21.4,8.2,2.4,33.1
207710,27.3,5.4,8.8,2,56.3
207900,31.8,2.5,6.2,1.2,58.3
208000,23,3.1,4.9,3.6,65.5
208301,26.5,1.7,7,3.1,61.6
208302,27.4,3.3,7.7,4,57.5
208401,40.7,5.1,2.8,3.3,48.2
208402,32.7,4.1,4.4,2.9,55.8
208501,33.6,5.1,9.9,6.8,44.5
208502,31.4,4,7.1,5.4,52.1
208610,39.5,4.7,6.7,1.9,47.2
208620,34.3,7.5,7.8,4.2,46.2
208710,38.4,5.7,9.7,1.9,44.3
208720,24,1.4,6.3,2.7,65.7
208801,24.1,5.4,4.4,1.9,64.1
208802,33,7.8,6.9,1.1,51.2
208902,31.7,2.1,2.3,5.2,58.8
208903,19.1,3.1,4.8,2.8,70.1
208904,30.4,4.1,4.4,4.1,57.1
209102,27.1,4.8,8.8,3.9,55.4
209103,25.2,1.7,5.1,3.4,64.6
209104,30,1.5,5.1,5.4,58.1
209200,31.8,2.4,10.1,0.6,55.1
209300,28.9,1,4.2,4.5,61.4
209401,27.8,8.2,8.1,3.2,52.8
209402,19,3.5,4.3,2,71.2
209403,21.6,6.5,8.2,3.3,60.4
209510,32.2,6.1,9.7,4.6,47.4
209520,26.4,0.4,7.2,2.3,63.7
209810,22.9,8.9,6.9,5.6,55.7
209820,34.1,2.1,5,4.2,54.6
210010,38.8,4.7,4.7,5.8,46
211000,51.9,6.8,6.2,0.3,34.8
211120,40.2,3.7,8.4,3.5,44.1
211121,39.5,4.8,6,2.3,47.3
211122,38.2,6.6,11.8,2.2,41.2
211201,24.8,1.4,7.3,4.1,62.4
211202,37.9,3.9,6,2.8,49.5
211310,37.1,1,5.6,3.7,52.7
211320,26.9,2.8,4.2,1.2,64.8
211410,35.8,3.6,12.9,4.5,43.2
211420,35,3.3,7.2,4.2,50.3
211500,50,6.4,8.7,0,34.9
211701,57.9,3.2,6.6,0.8,31.5
211703,34.6,3.4,8.3,3.8,49.8
211704,34.1,9,10.1,3.4,43.4
211802,41.5,2.1,7.8,3.1,45.5
211803,49.4,3.2,6.8,1.1,39.6
211804,39.6,4.3,8.5,3.6,44
211910,27.8,1.2,7.1,5.3,58.7
211921,44.5,1.8,4.6,2.3,46.8
211922,37.1,2.5,5.1,3,52.3
212101,27.8,4.1,5.5,3.8,58.7
212102,29.6,8.7,8.4,2.7,50.7
212202,27.4,4.5,3.4,1.8,62.9
212203,23.1,6.1,10.9,2.2,57.8
212204,34.6,1.6,4.4,3.2,56.2
212303,28.2,0.3,7.3,3.7,60.5
212304,22.7,5.2,6.6,4,61.5
212305,29.1,3.4,7.7,4.6,55.2
212306,40.5,5.3,9.2,3.2,41.8
212410,29.6,4.5,12.4,3.4,50.1
212420,37.9,2.1,7.2,2.5,50.3
212501,24.5,1.2,7.4,2,64.9
212502,34.8,1.6,6.6,3,54
212610,46.7,4.5,5.1,1.5,42.1
212620,39.2,3,12.3,3.2,42.3
212701,39.5,10.2,8,4.2,38.2
212702,42.8,7.2,10.4,1.2,38.5
212800,42.2,3,6.4,2.7,45.7
212900,43.3,2.3,4.6,4.1,45.8
213100,43.4,4.3,6.4,0.5,45.5
213201,46.7,4.7,7.9,3,37.7
213202,38,5.4,8.4,2.5,45.7
213310,32.4,7.4,12.8,3.9,43.6
213320,34.1,5.6,6.4,3.6,50.2
213401,32.4,2.7,7.4,4.4,53.1
213402,34.7,4.6,8.1,4.9,47.7
214000,57.6,9.5,5,0.7,27.1
214100,51.7,5.5,8.7,4.9,29.3
214400,37.5,0.6,6.1,0,55.7
214501,37.7,4.2,7,1.6,49.5
214502,40.8,2.8,5.5,0.9,49.9
214503,48.5,3,10.9,1.3,36.3
214600,35.9,6.6,9.9,1.6,46
214700,31.2,5.8,10.9,1.8,50.2
214800,34.9,4.2,7.7,0.7,52.5
214901,25.5,5.9,14.1,0.9,53.6
214902,29.8,4.9,10.6,1.2,53.5
215101,24.2,1,9.3,1.5,64
215102,21.8,1.8,4.7,1.9,69.7
216100,34.3,5.7,12.4,1.4,46.2
216200,27.3,1,11.9,3.6,56.2
216300,41.1,3,12,0.3,43.5
216401,33.2,8,5.3,1.2,52.2
216402,38.4,11,12.2,1.1,37.4
216700,29.9,5.4,9.2,0.9,54.5
216800,45.8,2.2,8.8,0.8,42.4
216900,37.3,5.6,12,2.6,42.6
217001,49.3,5.1,7.4,1.7,36.5
217002,35.1,4.6,11.7,2.8,45.7
217100,44.2,5.3,7.6,3.6,39.4
217200,35.3,4.2,12.5,2.1,45.9
218110,31.1,4.4,9,3.9,51.6
218120,35,3.2,8.8,2.9,50
218210,37.1,2.7,8.5,3.4,48.3
218220,38.8,4.3,7.1,4.9,44.9
218300,35.1,6.3,11.4,4.3,42.8
218400,45.5,2.9,4,4,43.6
218500,35.5,6.5,10.3,4.3,43.4
218600,37.7,3.7,10.2,3.8,44.5
218701,33.1,5.4,14.6,1.8,45.1
218702,32.7,3.4,9.3,9.3,45.4
218800,34.4,5.1,7.4,4.2,48.9
218900,27.5,3.4,8.4,3.7,57
219010,41.8,6.1,5.4,2,44.7
219020,40.7,3.6,10.1,1.7,43.9
219300,36.9,1.5,10.7,1.9,49
219500,39.4,12.7,14.5,2.6,30.9
219700,34,4.6,10.3,4.9,46.1
219800,40,5.4,6.2,4.2,44.2
219901,40,3.1,7.2,5.6,44.1
219902,43.3,2.5,6.4,2.3,45.5
220000,30.2,4.9,10.3,5.6,49.1
220100,31.5,10.9,13.6,0.5,43.5
221110,24.5,2,4.3,4.6,64.6
221120,26.6,4.4,5.5,6.2,57.2
221210,38.5,4.6,7.5,5.2,44.3
221220,32.3,4,9.8,4.2,49.7
221302,30.8,2.7,5.1,5.3,56.1
221303,26.8,4.9,8.2,4.5,55.6
221304,37,4.4,14.9,4.3,39.4
221401,22.4,10.7,13.1,5.2,48.6
221402,28,8.2,7.6,3.7,52.5
221500,24.8,5.5,9.5,5.3,55
221601,41.3,3.8,7.9,5.8,41.1
221602,34,5.6,4,3.9,52.5
221710,36,6.4,7.5,1.6,48.5
221810,18.3,3,3.9,2.1,72.6
221820,12.3,0.7,2.1,0.3,84.6
221900,11.3,4.1,2.6,0.8,81.2
222001,35.4,4.5,8.2,4.2,47.7
222002,34.8,5,13,0.4,46.8
222100,36.1,3.6,6.9,5.9,47.6
222200,31,3.7,9.4,1,54.9
222500,40.5,2.1,4.3,3.7,49.4
222600,22.8,2.9,4.8,2,67.5
222700,0.2,0,0,0.1,99.7
224010,21.1,6.9,12.3,3.7,55.9
224020,20.4,2.9,6.4,4.3,66
224200,31.1,2.9,2.9,3.8,59.3
224310,28,5.7,6,5.8,54.5
224320,23.7,5,3,4.5,63.7
224410,25.4,2.4,2.4,2.6,67.2
224420,24.8,4.3,3.8,3.5,63.6
224600,29.2,2.2,6.6,4.8,57.1
224700,2.6,0,0.5,0,96.9
226001,38.1,2.1,9.1,2.8,47.9
226002,15.7,1.5,6.7,4.4,71.7
226410,32.1,2.3,3.4,3.3,58.9
226420,39.1,2.4,4.2,3.1,51.2
226700,30.2,1.8,1.3,3.5,63.1
227010,36.2,1.9,2.3,3.1,56.5
227020,36.5,2.2,5.4,2.5,53.4
228100,39.1,1.6,2.5,1.7,55
228210,34.8,3,6,2.8,53.4
228220,32.3,1.3,3.4,3.8,59.2
228310,32.8,3,3.6,4.7,55.9
228320,32.6,2.8,5.3,2.6,56.7
228410,36.7,1.1,3.4,5,53.9
228420,36.1,1.8,3,3.6,55.6
228500,29.3,2.6,5.1,5.1,58
228600,39.7,1.8,4.3,1.6,52.7
228710,29.3,3.4,1.4,3,62.8
228720,31.7,2.2,3.4,3.2,59.5
228800,32.9,5.4,4.6,3.2,53.8
228900,25.7,2.9,5.7,7.4,58.3
229100,35.3,2.3,5.2,3.2,53.9
229200,39,4.7,4.2,3.1,49.1
229300,27.6,1,7.1,1.7,62.5
229410,27.4,2.8,3.8,9.3,56.7
229420,30.7,2.5,6.7,2.2,57.9
231100,19.4,3.6,6.4,8,62.6
231210,34.4,3.3,8.5,5.8,47.9
231220,29.4,4,7.9,4.9,53.9
231300,25.7,3.2,13.5,3.2,54.3
231400,35.6,5.1,13.6,2.7,43
231500,33.3,6.8,10.8,1.8,47.2
231600,31.5,3.2,7.2,2.1,56
231710,24.5,3.7,7.4,3.8,60.7
231720,25.7,3.9,7.2,1.9,61.3
231800,30.9,5.5,4.6,3.5,55.5
231900,33.1,4.2,9.4,6.3,47.1
232110,33.2,3.3,6.4,1.9,55.2
232120,37,4,4.4,4.3,50.2
232200,32.4,5,7.3,5,50.4
232300,25.1,5.6,7.2,3.2,59
232400,34.3,3.7,5.7,3,53.3
232500,33.1,3.9,6.5,2.8,53.8
232600,32.2,7.4,5.7,3.2,51.4
232700,33.1,2.7,5.7,4.9,53.7
232800,30.5,2.5,6.5,4.6,55.9
234000,41.6,6,13.9,1.9,36.6
234200,39.1,9.3,12,3.1,36.5
234300,25.3,4.7,20.5,2.4,47.1
234501,33.7,9.4,6.8,5.3,44.8
234502,22.1,9.8,11.5,5.6,51
234600,34.6,4.1,8.6,2.6,50
234700,31.7,8.2,7.5,4.1,48.5
234800,33.6,8.4,6.3,2.8,48.8
234901,28.4,5,7.9,4.5,54.2
234902,24.1,5.7,9.4,3.6,57.2
235100,36.1,5.3,9.5,1.7,47.5
235201,27.1,5.7,8.3,3.2,55.8
235202,28.2,5.5,10.5,1,54.9
236000,33.2,5.6,14.4,4.3,42.5
236100,21.1,5.8,15.6,3.7,53.8
236202,33.3,4.5,11.3,1.8,49.1
236203,27.7,5.6,12.1,5.8,48.8
236204,20.7,3.8,10.4,8.3,56.9
236400,35.6,6.1,12.2,3.2,42.8
237101,32.5,4.9,7.2,3.7,51.7
237102,32.5,5.3,7.5,3,51.8
237201,38.8,4,7.7,2.6,47
237202,39.6,4.5,8.2,2.3,45.4
237300,31.8,4.8,9.9,3.3,50.2
237401,31.1,5.5,6.8,1.6,55.1
237402,29.9,9.7,7,4.9,48.5
237500,26.7,2.5,8.4,9.6,52.8
237600,36.5,3.6,6.6,5.3,48
237710,38,2.7,6.2,3.2,49.9
237720,25.6,3.7,7,4.5,59.2
237800,34.3,7.2,5.5,5.3,47.7
237900,30.2,5.3,11.8,2.2,50.5
238000,29.2,10.8,10.7,2.6,46.6
238100,20.9,6.1,14.5,5.7,52.8
238200,32.1,6,16.3,2.1,43.5
238310,24.7,5.1,6,2,62.2
238320,39.8,2.2,8,3.2,46.8
238400,33.1,10.5,11.7,7.8,37
239201,30.1,4.2,5,4.9,55.9
239202,38.4,2.1,4,3.2,52.4
239310,39.8,2.9,4.4,3.8,49.1
239320,37.8,2.1,2.9,2.6,54.6
239330,39.8,4.8,3.7,2.5,49.2
239501,35.6,3.4,6.2,2.3,52.5
239502,31.3,3.9,2.9,4.5,57.4
239601,34,3.3,3.4,5.4,53.9
239602,31.8,2.4,4.9,2.8,58.1
239701,31.3,3.3,6.7,5.1,53.6
239702,30.6,4.3,6.5,7.5,51
239801,35.8,3.9,6.6,4.5,49.2
239802,27.9,3.4,6.4,6.2,56.2
240010,33.4,2.2,6.1,4.6,53.6
240020,36.7,5.1,3.4,4.3,50.5
240200,37.9,5,7.9,2.3,46.9
240300,31.6,3.3,5.3,6.6,53.1
240401,27.4,2.9,5.6,5.8,58.3
240402,38.7,6,8.9,4.9,41.4
240500,36,2.1,5.2,4.4,52.4
240600,32.2,5.7,6.1,3.7,52.3
240700,28.3,6,6.6,5.3,53.9
240800,28.2,5.6,6.9,3.2,56.1
240900,33.2,4.3,7.3,4.7,50.5
241001,28.7,4.9,5.4,7.1,54
241002,34.5,5.5,8.3,4.6,47
241110,35.1,5.8,6.8,4,48.3
241120,27.3,6.1,10.4,5.2,50.9
241201,31.9,7.5,13.3,1.9,45.4
241202,34.8,5.8,9.9,2.7,46.8
241300,43.8,4.5,7.9,0.8,43
241400,29.4,5.6,3.4,4.7,56.9
242000,32.9,3.5,5.8,4.3,53.5
242100,21.1,1.8,2.5,2.4,72.2
242200,30.6,3,4.6,4.3,57.6
242300,23.3,5.6,8.1,4.4,58.6
242600,18.7,2.8,5.5,5.5,67.5
242700,36.1,3,7.5,3.6,49.8
243000,37.5,4.2,3.9,3.2,51.2
243100,26.5,5.4,7.2,5,55.8
261101,60.5,5.2,8.9,0.8,24.7
261102,61.1,5.9,7,1,25
261200,59.1,3.9,7.7,1.8,27.5
262100,61.1,6.3,9.6,0.6,22.4
262200,62.6,5,6.9,0.5,25
262301,47.9,4,6.8,2,39.3
262302,56.1,4.3,11.4,2,26.2
262303,64.8,7.7,7,1.3,19.1
262400,71.1,6,3.9,2,17.1
262501,63.3,5.1,11.2,1.4,18.9
262601,67.3,3,8.5,0.6,20.5
262604,62.1,7.6,10.3,2.1,17.8
262704,49.8,4.6,12.4,2,31.1
262706,62.6,4.1,7.7,1.5,24.1
262802,65.6,2.6,7.9,0.7,23.2
264000,62.6,5,8,0.5,23.9
264102,37,3.5,8.3,0.4,50.8
264103,38.2,4.2,9.8,1.8,45.9
264301,22.3,5.5,8.6,1.4,62.2
264302,38.6,4.5,12.2,1.3,43.4
265100,48.1,21.4,9.5,2,18.9
265201,28.6,4,3.9,0,63.6
265202,31.8,11.2,11.5,2.4,43.1
265301,0.1,0,0.1,0,99.8
265303,3.5,0,0.7,0.4,95.4
265304,5.1,0.6,0.5,0,93.7
265305,10,0.5,0.7,1.3,87.5
265410,45.4,4.5,12.2,5.6,32.3
265420,57.7,3.6,8.3,0.3,30.1
265510,24.9,2.2,6,0.3,66.6
265520,40.4,5.2,8.1,0.8,45.5
265601,43.1,4.2,10.8,0.8,41
265602,46.4,10,9.6,1.8,32.3
265700,40.1,6.7,12.8,1.1,39.3
267100,42,6.6,6.8,2.1,42.4
267200,40.7,4.3,10.6,1.3,43.2
267300,28.9,2.5,9,1.5,58
267402,24.5,3,10.7,0.6,61.2
267403,27.7,1.6,9,1.1,60.6
267404,31.3,3.3,8.1,1.7,55.7
267501,39.3,1.5,6.8,0.6,51.8
267502,34.7,1.9,7.6,1.3,54.6
267600,31.8,5.1,12.8,1,49.3
267700,37.8,3.1,9.2,0,49.9
267800,43.9,8.8,7.8,0.8,38.6
267901,55.6,17.3,5.2,0,21.9
267902,48,4.6,13.9,0.7,32.8
269000,50.1,6.2,9.3,1.7,32.8
269100,48,4.5,7.5,3.2,36.8
269300,60.6,2.6,9.7,1.2,25.9
269500,70.2,5.6,4.3,1.3,18.4
269601,36.4,4.8,8.6,3.3,47
269602,26.6,3.6,7.5,2.5,59.9
269700,42.4,3.2,8.2,2.2,44
269800,26.8,4.5,13.1,1,54.6
269903,29.2,0.7,8.5,1.4,60.1
269904,26.8,1.5,12.6,1.7,57.3
269905,30.6,1.5,7.4,1.2,59.2
269906,41.2,0.4,10.8,1.4,46.2
269907,24.2,2,12.1,4.4,57.4
270100,30.5,1.8,7.4,1.8,58.4
270200,30.4,6.8,8.4,3.9,50.5
270300,38.4,4.7,7.6,1.1,48.2
271100,49.1,2.8,8.7,1.7,37.8
271200,32.6,2.5,5.3,0,59.6
271300,49.7,3.4,9,0.4,37.5
271400,56.9,3.6,9,0.3,30.1
271500,52.5,7.7,11.3,2.5,26
271600,55.2,1.7,6.8,1.4,34.9
271701,37.8,2.8,8.1,1,50.4
271702,52.6,1.6,4.6,0.5,40.7
271801,36.6,3.1,6,1.8,52.5
271802,38.3,1.9,9.2,1.9,48.7
271901,32.8,4.4,9.2,0.6,52.9
271902,42.8,2.6,9.8,1.5,43.2
272100,46.8,5.1,9.9,1.4,36.8
272201,28,1.8,6.9,1.6,61.8
272202,31.6,1.4,7.1,5,54.9
272301,33.7,7.9,13.3,1.4,43.7
272302,37.8,3.3,10.5,1.4,47
273100,43.4,3.1,9.8,3.7,40.1
273200,31.9,3.7,13.8,2.7,48
273300,30.3,0.1,6.3,0.6,62.7
273402,27.2,1.1,11.1,2.5,58
273502,31.5,1.8,11.9,1.1,53.6
273600,55.2,1.3,13.6,0.5,29.4
273700,44.8,2.7,7.3,2.5,42.8
273800,37.3,2.1,8.5,0.6,51.5
273902,37.8,4.1,11.4,2.9,43.8
274100,33.5,2.1,18.5,2.3,43.7
274202,46.2,4.1,15,1.5,33.2
275101,36.7,3.8,11.2,0,48.3
275102,44.4,1.4,5.2,0.7,48.3
275200,42.1,2,5.5,2.3,48.1
275302,39.3,8.2,15.3,3.4,33.8
275311,49,3,6.4,2,39.6
275400,45.1,2,10.8,2.2,39.9
275500,36.2,4.4,8.3,2.2,49
275602,45.5,2,5.4,1.3,45.8
275603,42.5,5.7,12.5,0.6,38.8
276000,54.5,8.3,6.2,0.4,30.6
276100,23.2,6.1,13.1,1.9,55.8
276400,48.6,6.9,7.2,0.4,36.8
276500,14.6,1.3,2.3,0.4,81.4
276601,49.7,4.7,5.8,0.4,39.4
276603,31.8,1.8,12.4,1,53
276604,34.4,4.4,6.3,2.2,52.7
277000,59.8,5.9,8.6,0.5,25.1
277100,59.7,5.8,7.4,2.8,24.2
277200,21.6,3.7,15.4,1.4,57.9
277400,24.1,3,11,5.3,56.6
278001,47.8,5.2,11.7,2.5,32.8
278102,52.1,3.2,12.6,1,31.1
291110,28.1,5.3,11.8,2.2,52.6
291120,41,3.2,4.6,5.5,45.7
291130,40.4,6.3,10.3,1.5,41.5
291210,42.5,6,10.5,2.7,38.4
291220,46.5,6,4.3,3.2,39.9
291300,51.5,6.8,8,0.1,33.6
292000,35.1,3,8.1,2.7,51.1
293201,36.4,3.4,7.8,4.5,47.9
293202,46.9,1.5,6.6,2.4,42.7
293301,51,4.4,10.4,2.3,32
293302,43.3,5.7,9.8,4.3,36.9
293304,41.7,5.3,7.8,2.7,42.5
293306,49.5,7,4.8,2.1,36.6
293307,37.8,1.6,13.1,6.9,40.5
294110,40.4,8.3,11.7,0.7,38.9
294120,37.5,3.9,7.6,3.5,47.4
294200,46.4,2.6,7.9,2.2,40.9
294301,49.2,5.5,5.3,0.9,39
294302,40.6,6.6,6.6,2.3,43.9
294410,37.2,3.5,9.3,2,48.1
294421,35.6,3.9,10.5,4,46
294510,38.5,5.1,7.1,4.3,44.9
294520,41.8,2.8,6.9,3.3,45.1
294610,38.4,6.2,7.6,2.4,45.4
294620,44.1,5.8,2.6,2,45.5
294701,36.4,4.2,8.7,2.9,47.7
294810,33.4,4.5,4.3,4.4,53.4
294820,39.4,3.6,6.6,5.9,44.4
294830,42.1,2.7,4.4,5.2,45.6
294900,38.3,4.4,5.4,4.4,47.6
295103,50,7.5,9.9,0.9,31.6
296210,33.1,5.3,8.5,3.8,49.2
296220,28.3,9,5.3,5.4,51.9
296300,50.6,5.3,14.8,1.9,27.4
296401,47.5,7.7,12.5,1,31.3
296402,46.5,3.9,10,0,39.6
296500,35.7,8.2,5.9,5.6,44.7
296600,30.5,2.4,12.6,4.2,50.4
296901,38.6,5.6,12.1,4.3,39.5
296902,36.6,6.1,14.1,4.2,39
297000,55.3,3.3,10,3.7,27.7
297110,29.1,1.6,12.6,1.8,54.9
297120,36.6,1.7,8.5,3,50.2
297201,41.9,4.8,7.9,0.3,45.1
297202,40.8,2.4,12.2,4.2,40.4
297300,62.9,8.5,4.9,1.8,21.9
297400,55.2,10.9,9.4,1,23.6
297500,46.1,8.3,12.3,3.4,29.9
297601,48.2,2,18.9,2.9,28.1
297602,40.7,5.5,13,2.8,38
300100,58.6,5.5,9.1,0.3,26.4
300200,58.2,6.2,8.6,1.8,25.2
300301,55,5.7,6.8,3.4,29.1
300400,54.1,3,7.9,1.5,33.4
300501,54.8,5,12.1,1.1,27
300502,52.5,5.9,8.7,0.3,32.5
300600,53,7.7,5.9,2,31.4
300701,58.9,6.1,7.3,0.9,26.8
300702,61.7,5.8,6.2,1,25.3
300800,58.9,7,5.7,0.3,28.1
300901,58.4,7,5.7,0.3,28.6
300902,63.8,4.2,6.6,0.3,25
301000,41.1,5,10.9,2.5,40.4
301100,47.5,7.6,12.8,0.4,31.6
301203,44.2,8.6,9.3,3,34.9
301204,49.1,7.8,4.4,0.8,37.9
301205,64.2,6.2,3.1,0.7,25.8
301206,52.4,5.4,8,0.2,34.1
301300,62.1,5.4,9.3,0.3,22.8
301400,60.4,4.7,4.9,0.7,29.3
301501,57.9,7,4.7,0.2,30
301502,51.7,9.4,6.9,0.5,31.6
301601,48.5,8.4,5.5,1.8,35.7
301602,39.5,4.3,8.5,6.6,41
301701,36.3,6.8,11.7,2.6,42.5
301702,45.7,5.2,7.9,3.1,38
301801,49,5.2,9.4,2.7,33.6
301802,48.3,9.4,6.5,3.7,32.1
301900,47.1,8.3,10.5,1,33.1
302002,45.4,11.2,6.5,0.7,36.2
302003,40.4,9.9,12.7,0.3,36.7
302004,46.2,6.1,5.9,1.1,40.7
302102,45.1,6.9,9.5,2.3,36.2
302103,49.9,6.5,6.5,2.5,34.5
302104,47.3,5.1,9.1,2.3,36.2
302201,41.4,15.9,7.2,2.1,33.4
302202,45.2,6.7,9.3,2.1,36.7
302301,48.3,5.4,8.4,3.1,34.8
302302,40,8.3,6.5,2.9,42.3
302401,51.3,5.4,4.6,2,36.7
302503,46.9,6.8,7.8,2.8,35.7
302504,47.3,7.4,9.1,1.1,35.1
302505,47.6,4.9,8.5,2.7,36.3
302506,47,5.3,8.5,2.7,36.5
310100,68.9,3.7,2.7,0.2,24.5
310201,55,6.5,7.9,1.1,29.5
310202,51.6,5.2,8.4,1,33.8
310300,65.7,5.5,7.7,2.8,18.3
310400,57.8,4.7,9,1,27.5
310501,45,2.3,10,1.5,41.3
310601,42,5.3,10.1,1.8,40.8
310602,54.3,1.8,10.6,1.8,31.5
310701,46,12.8,12.6,2.5,26.1
310702,36.9,8.1,9.9,1.3,43.9
310703,43.4,5.3,4.5,3.1,43.6
310800,44.6,8.4,7.9,2,37.1
310900,51,3.4,11.2,2.5,31.8
311000,46.7,6.7,8.5,2.6,35.5
311100,58.3,4.4,6.8,3.3,27.2
311200,46.6,6.4,7.1,1.5,38.3
311300,48.7,4.3,11.1,2.4,33.5
311400,44.3,6.3,12,3.3,34
311500,42.2,4,11.2,0.2,42.5
311600,29.9,5,9.8,1.7,53.6
311700,46.4,8.3,9.8,0.4,35.2
311801,41.5,8.5,11.8,2.4,35.7
311802,31,6.5,10.5,5,47
320000,-,-,-,-,-
320100,40.7,2.7,5.9,6.4,44.4
320201,39.2,4.9,8.9,2.4,44.7
320202,51.4,5.2,7.4,2.1,33.9
320300,39.6,4.5,6.6,3.3,45.9
400204,67.7,6.2,4.3,0.8,20.9
400205,70.6,4.7,3.7,0.9,20.2
400206,63.6,5,5.4,0.3,25.7
400207,55.3,4.6,8.2,1.1,30.9
400302,51.8,8.6,11,1,27.6
400304,48.3,3.5,7.9,1.9,38.4
400402,48.7,6.2,6.1,4.7,34.2
400403,49.4,5.5,9.1,3.1,33
400404,59.8,4.7,5.1,1.2,29.1
400501,60.7,6,6.3,0.4,26.6
400602,40.7,4.6,14,2.2,38.5
400603,44.4,2.7,10.5,1.3,41.1
400604,43.8,4.3,10.1,4.5,37.3
400800,19.5,2.9,4.2,1.1,72.4
400900,45.1,4.6,9.9,3,37.5
401001,57.1,6.8,10.3,0.9,25
401002,58.8,5.9,11.4,1.3,22.7
401101,48.4,8.4,13.9,1.6,27.7
401102,42.1,3.8,12.7,0.8,40.6
401201,62.4,2.7,6.3,0.2,28.3
401202,44,8,10.3,0.2,37.6
401203,47.9,6.7,12,2.1,31.4
401303,60,7.1,8.1,0.7,24.1
401304,60,4.6,9.1,1.4,24.9
401311,52.9,7,7.9,2.4,29.8
401312,45.8,10.1,11.3,0.1,32.6
401500,38.3,3.6,9.7,1.8,46.6
401601,50.5,10.1,9.2,1.8,28.4
401602,50.2,6.7,11.1,2.9,29.2
401603,47.4,19.1,12.4,1.4,19.7
401701,47.7,7.5,15.2,1.2,28.4
401703,41.9,3.5,5.8,2,46.8
401704,42.7,7.8,9.9,2.1,37.6
401800,47.9,6,11.7,2.1,32.3
401901,2.7,0.1,0.4,0,96.8
401902,53.6,11.4,8.6,2.1,24.4
402001,36.5,3.5,13.4,2.2,44.4
402002,41.1,5.5,14.2,1.4,37.8
402101,42.2,4.3,4.6,1.2,47.6
402102,35.6,6.2,9.8,2.5,46
402200,42.7,5,15.2,2.3,34.9
402301,40.4,4.5,7.9,7,40.3
402303,29.9,3.6,10.3,2.5,53.8
402304,34.8,2.4,8.2,2.8,51.8
402402,38.7,3.2,10.9,3.9,43.4
402403,27.9,3,8.6,1.5,58.9
402404,0.5,0,0.3,0,99.2
402405,39.4,3.7,11.3,1.9,43.7
402406,45.6,3.4,5.4,2.1,43.5
402501,41.7,3.2,5.1,2,48
402502,44.1,3.1,3.8,4.5,44.6
402600,34.8,4.6,13,5.7,41.9
402702,38.4,1.9,6.5,4.9,48.3
402703,41.3,5,7.7,2.4,43.6
402705,41.3,7.3,8.2,3.5,39.7
402706,41.8,2.7,8.1,1.5,46
402801,42.2,3.8,5.7,3.2,45.1
402803,42.4,5.9,6.8,1.3,43.6
402804,43.9,3.5,9.6,2.2,40.7
402902,38.9,2.7,6.5,3.6,48.2
402903,45.3,6.4,4.6,2.3,41.4
402904,47.3,3,6.7,2.5,40.5
403000,38,3.1,8.3,4.1,46.5
403200,17.9,8.7,14.6,0.2,58.6
403303,49.6,7.2,8.5,1.7,33
403304,60.4,8.3,4.1,0.8,26.5
403305,57.4,2.6,6.7,1.5,31.9
403312,51.4,3.8,7.6,1.1,36.1
403316,52,6.8,9.7,0,31.5
403317,56.8,5,7.4,1.5,29.4
403318,51.6,5.3,9.4,0.4,33.3
403319,50.7,3.4,9.1,0.3,36.5
403320,60.3,5.4,5.2,1.6,27.5
403321,49.9,5.8,7.7,1.1,35.6
403322,59.5,4.2,7.9,0.4,28
403323,55.4,5.9,6.4,1.1,31.2
403324,58,4.2,5.6,0.9,31.3
403325,59.1,4.3,4.7,0.4,31.4
403401,62.7,4.5,5.1,0.2,27.4
403402,47.5,8.4,8.1,1.5,34.4
403403,64,5,2.8,1.7,26.5
403404,59.9,7.8,4.4,1.3,26.6
403405,62.4,2.8,4.8,0,30
403406,51.1,4.9,4.6,1.3,38
403407,69.3,2.9,3.9,1.4,22.5
403408,62.1,4.9,3.4,0.8,28.8
403500,56.2,10.3,6.7,0.4,26.4
403600,55,5.4,9.7,1.2,28.7
403702,57.5,5.2,9.2,1,27.1
403703,47.9,12.8,9.7,2.6,27
403721,45.8,6.6,7.1,0.6,39.9
403722,47.8,3.3,8.7,3.5,36.6
403801,45.3,4,9.1,1.6,40
403802,42.9,4.8,11.3,2,38.9
403901,46,5.8,6.9,0.8,40.4
403902,42.2,6.8,8.1,3.1,39.7
404000,39.6,5.3,13.8,2.3,39
404100,45,5.4,5.1,3.6,40.9
404201,42.9,4.8,6.5,2.4,43.4
404202,24.4,2.3,5,1.8,66.5
404301,46.1,4.3,6,1.8,41.8
404302,38.1,4.9,4.3,3.5,49.2
404401,47.8,4.6,5.7,3.4,38.5
404402,46.4,4.7,4.7,1.5,42.7
404501,45.9,3.3,8.3,1.4,41
404503,47,4.9,6.7,1.4,40.1
404504,32.1,3.9,9.7,2.5,51.7
404600,43.2,5.6,7,3.6,40.6
404701,47.1,6.7,4.4,1.8,40
404702,48.2,2.6,5.5,3.1,40.6
404703,39.3,3.1,4.5,3.3,49.7
404801,48.8,3.8,6.9,1,39.5
404802,52.3,4.8,3.6,2.8,36.5
404803,38.8,8.3,6,3.4,43.6
404901,47.5,6.8,5.3,1.5,38.9
404902,45.9,6.8,5.9,3.1,38.3
404903,47.8,4.8,7,1.4,39
405001,43.1,7.2,5,1.5,43.2
405002,45.5,5.9,3.7,2.9,42.1
405101,50,5.2,4.6,1.7,38.5
405102,48.3,5.8,7.1,1.9,37
405201,44.1,4.1,4.5,3.7,43.7
405202,42.7,5.5,3.7,1.3,46.7
405203,40.2,4.6,5.6,1.4,48.2
405301,44.2,4.5,8.8,6.9,35.7
405302,46.5,4.4,9.6,1.3,38.2
405400,50.4,6.5,6.4,2.1,34.6
405500,48.5,4.6,7.5,3.4,36.1
405600,49.5,6.1,6.1,2.4,36
405701,42.1,3.2,7.3,1.4,46.1
405702,44.8,4.1,5.7,1.6,43.8
405800,48.2,4.1,11.6,3.2,32.8
405900,49.6,2.3,7.2,1.1,39.7
406000,43.2,8.3,9.4,2.1,37.1
406101,40.5,4.5,13.7,4.6,36.7
406102,39,4.6,13.7,3.6,39.2
406200,40.5,11.7,9.3,0.9,37.7
406300,48.2,6.4,6.9,2.2,36.4
406402,46,5.7,12,1,35.3
406411,48.3,7.2,5,2.5,37
406412,53.1,6.6,6.9,0.7,32.7
406500,43.2,5.2,9.3,2.1,40.2
406601,49.1,5.6,7.1,0.2,38
406602,47.2,7.1,7.7,2.9,35.1
406701,49.5,4.8,7.3,4,34.4
406702,49.8,5,10.5,1.9,32.7
406800,52.1,5.2,7.8,1.5,33.4
406901,54.5,5.6,6,4.6,29.3
406902,45.3,5.8,7.9,2.1,38.8
407001,37,7,7.9,3.7,44.4
407002,46.1,5,7.5,3.2,38.2
407101,43.8,4.3,6.4,7.8,37.8
407102,43.5,4.3,7.8,2.9,41.6
407200,37.2,5.9,6.7,3.9,46.3
407301,32.1,6.5,11.6,2.6,47.1
407302,42.1,6.4,10.4,3.1,38.1
407400,48.9,3.9,7.5,2.7,37
407501,52.7,3.6,6,2.8,34.9
407502,42.7,2.4,11,1.5,42.4
407601,45.3,2.4,7.8,3,41.6
407602,45.5,5.7,7,1.9,39.9
407701,34.3,6.9,7.3,4.3,47.2
407702,48.9,4.4,7.4,3,36.2
407801,38.8,6.7,7.6,2.9,44
407802,43.4,5.2,6.6,3.3,41.5
407900,48.5,3.5,7.4,2.5,38.2
408003,46.4,8.8,7.1,0.8,36.9
408004,48.6,5.7,9.7,1.2,34.9
408005,52.6,4.8,9.1,0.7,32.9
408006,52.4,6.5,5.1,2,34
408133,46.2,3.6,8.3,1.9,39.9
408134,42.1,8.4,7.4,1.4,40.7
408135,49.1,2.9,11.9,3.1,33
408136,53.1,4.1,7,2.3,33.6
408137,46.3,4.7,8.5,2.5,38
408138,41.1,5.3,5.4,3.5,44.8
408139,47.5,5.4,4.6,2.6,40
408140,44.7,5,4,1.2,45.2
408141,45.2,7.4,4.2,1.4,41.8
408202,39.3,8.2,8.9,2.6,41
408211,53.5,5,8.3,0.9,32.2
408212,52.8,3.3,6.1,2.5,35.3
408301,43.1,4.9,6.2,2.7,43.2
408302,58.9,4.9,4.9,0.5,30.7
408303,38.5,5.5,9.6,3.1,43.2
408401,44.2,9.3,7.1,2,37.5
408402,52,6.5,9.1,1.8,30.6
408501,45.8,6.8,5.1,1.1,41.2
408503,58.4,5.7,4,1,30.9
408504,47.5,5.3,4.4,1.3,41.4
408505,61.6,5.5,5.8,0.7,26.4
408623,51.8,5.5,10.1,3.7,28.9
408624,63.4,5.6,6.5,1.4,23.1
408625,63.8,6.9,4,2.6,22.6
408626,55.1,4,7,1.2,32.8
408627,56.8,5.1,8,1.6,28.5
408628,57.4,6.8,6.7,1.6,27.5
408629,62.3,5,5.8,0.4,26.4
408630,45.7,6.4,7,1.9,39
408631,37.4,5.6,11.7,2.1,43.2
408703,63.1,3.8,4.4,0.7,28
408704,48.4,10.1,12.6,0.7,28.3
408705,55.6,5,6.8,2.8,29.8
408706,51.1,5.1,3,0.4,40.4
408722,51,4.5,6,1.2,37.3
408723,49.1,8.2,9.6,0.8,32.3
408724,50.3,3.5,7.3,1.3,37.6
408800,33.9,4.4,9.9,1.4,50.4
430002,42.6,5.7,12.9,0.7,38.1
430003,58.2,5.2,6,3,27.7
430101,37.4,11.3,13.4,1.5,36.5
430102,47.6,4.4,5.8,2.6,39.7
430200,53.4,15,5.3,0.2,26.1
430301,62.1,4.9,11.1,0.6,21.3
430302,49.3,5.8,14.2,0.4,30.2
430400,62.9,6.2,3.7,1.3,25.9
430501,59.3,6.5,10.1,0.6,23.4
430502,55.6,4.3,12.7,1.2,26.2
430600,63.4,6.2,4.6,1.5,24.4
430701,64.3,4.9,6.4,0.4,24.1
430721,57.1,5.7,7.2,1.1,28.9
430723,60.5,4.3,7.9,0.1,27.3
430724,50,6.4,8.9,3.1,31.5
430801,51.3,2.3,10.3,1.6,34.4
430802,53.1,7.4,8.3,0.8,30.4
430803,62.4,6.7,4.9,1.2,24.8
430901,44.8,5.1,8.7,2.9,38.6
430902,44.2,3.6,8.7,2.7,40.8
431001,37,1.3,13.9,5.8,42
431002,46.9,6.6,12.8,1.6,32.1
431100,45.1,4.7,6.1,2.2,41.9
431200,41.9,3.4,8.3,3.1,43.3
431300,48.1,5.3,8.5,0.5,37.6
431400,52.8,5.7,5.1,1,35.4
431501,44,8.5,7.8,1.5,38.2
431502,54.8,4.6,7.2,1.1,32.3
431600,56.1,8.3,5.6,1.5,28.6
431700,62.8,10.1,3.6,0,23.5
431800,50.3,9.8,7,2.2,30.6
431900,52.5,6.4,9.1,0.6,31.5
432000,52.4,12.6,6.8,0.5,27.8
432101,55.2,7.4,4.8,1.5,31.1
432102,59.5,4.7,6.1,0.7,28.9
432201,55.9,9,5.2,0.7,29.3
432202,47.9,3.8,5.5,1.3,41.5
432300,48,3.5,5.4,1.6,41.5
432401,37.8,5.1,6.7,4.8,45.7
432402,46.7,5.5,7.1,3.1,37.6
432500,48.5,7.4,6.8,1.4,35.9
432601,44,4,5.5,1,45.5
432602,43.7,6.1,6.7,3.6,39.9
432700,46.8,3.9,4.6,2.5,42.3
432801,42.5,13.3,4.6,2,37.6
432802,45.1,5.5,5.3,1.5,42.6
432901,46.2,5.4,5.2,2.7,40.5
432902,52.4,7.6,6.4,0.8,32.9
433101,47.5,6.9,6.6,2.9,36.1
433102,39.8,5.7,6.3,4.3,44
433200,39.2,6.8,6.5,3.1,44.4
433302,45.5,6.3,7.3,2.2,38.7
433304,40.4,4.2,4.6,3.7,47.1
433305,41.8,2.1,4,2.7,49.3
433306,50.2,3.3,6.9,1.2,38.4
433307,49.6,3.9,4.4,3.4,38.7
433401,39,3.8,3.4,3.5,50.3
433402,46.4,5.5,6,3.8,38.3
433403,41.7,3.9,5.5,3.8,45
433501,30.6,7.9,8.2,5,48.3
433503,40.6,3.5,6.6,3.1,46.1
433504,48.2,3.7,5.8,5.3,37
433601,47.4,8.5,5.2,1.4,37.5
433602,47.2,7.9,6.8,1.7,36.4
433700,44.9,6,7.6,1.5,40.1
433801,40.4,6.9,6.7,3.1,42.9
433802,42.7,8.9,6.1,1.6,40.6
433901,32,2.8,6.7,3.4,55
433902,51.6,5,9.3,2.6,31.6
434001,41.7,4.5,8.1,1.6,44.1
434003,33.9,5.7,6.3,5.5,48.6
434004,43.3,7.6,3.7,3.8,41.6
460000,59.5,8.2,5.8,1.3,25.2
460100,58.7,4.2,5.5,2.7,28.9
460200,44.7,5.7,10.4,0.8,38.3
460301,54.5,7.4,9.5,1.2,27.4
460302,43.2,6.6,8,2.7,39.5
460401,51,4,9.2,1.5,34.3
460501,66.4,5.4,3.2,0.5,24.6
460502,63.8,2.7,5,0.4,28
460600,63,5.4,5.7,0.5,25.4
460700,63.3,4.4,2.6,1.7,28
460800,68.8,5.1,4.6,1.5,20
460900,39.6,5.8,7.8,1.7,45
461000,34.3,3.1,8.4,3.3,50.9
461100,46,3.7,8.9,0.8,40.6
461200,56.1,4.4,11.4,0.7,27.5
461300,52.4,6.4,10,1.8,29.4
461400,44.7,6.3,6.9,2.1,40
461501,34.2,4.8,11.9,4.4,44.7
461502,35.7,7.4,8.2,3.4,45.3
461600,35.7,5.5,9.9,3,45.9
461700,50.3,8.1,11.4,0.4,29.7
461901,31.7,2.2,7.5,3.8,54.8
461902,18.3,7.9,8.6,2.1,63.1
462001,43.1,3,5.4,5.3,43.2
462002,35.9,5.4,8.2,2.8,47.7
462100,34.6,6,10.9,5,43.5
462201,32.4,15,10,2.8,39.8
462202,48.2,4.8,9,2.2,35.9
462301,35.9,4.7,5.4,2.6,51.4
462302,34.3,2.1,12.1,0.8,50.7
462400,45.9,7.4,10.3,1.3,35.1
462500,56.9,6.5,8.7,1,26.9
462600,62.1,2.1,9.7,1.4,24.8
462700,43.6,4,7.4,1.5,43.5
462800,40.5,5.3,16.8,1.2,36.2
462900,61,3.4,9.4,0.3,25.9
463000,60.2,8.5,4.7,2.3,24.4
463101,53.9,4.9,6.6,2.3,32.3
463102,52,2.9,6,3.4,35.7
463200,53.9,7.4,12.5,3.4,22.9
463300,51.8,4.4,5.1,2.6,36.2
463400,39.5,4.3,9.6,2.2,44.5
463500,35.1,2.4,7.3,0.4,54.9
463601,30.7,5.9,15.4,1.8,46.2
463602,40.4,1.7,9.9,0.4,47.7
463700,50.3,3.7,13.4,4.8,27.8
463800,64.6,1.5,10.2,0.3,23.4
463900,53.5,10.1,14.3,0.4,21.8
464000,57.7,4.7,8.4,1.4,27.9
464100,66,6.1,6.7,0,21.2
464200,67.7,8.1,1.9,0.2,22.1
480002,56.1,7,8.5,1.3,27.2
480011,47,6.1,10.5,0.6,35.8
480012,57.8,5.4,7.8,1.1,27.9
480101,44.6,5.6,7.5,1.8,40.4
480102,54.4,7.7,6.6,0.7,30.6
480201,62.1,6.3,8.3,1.5,21.7
480202,59.7,8.1,5.3,0.5,26.4
480302,37.9,5.5,9.3,1.1,46.2
480303,37.8,3.3,6,2.6,50.3
480304,36.9,7.6,8.9,1.4,45.2
480400,45.3,4.2,6.9,1.6,42
480500,55.1,4.4,12.1,1.2,27.1
480600,44.7,5.3,10.4,1.8,37.7
480702,55.2,7,6.6,0.6,30.5
480703,51.4,1.5,9.8,0.3,36.9
480704,48.4,3.2,9.7,1.7,37.1
480802,46.6,8,7.9,1.2,36.4
480803,39.1,6.3,7.5,3.1,44
480804,47.6,4,6.3,0.9,41.2
480901,42.3,5,9.1,2.1,41.5
480902,49.7,2.6,9.2,3.2,35.3
480903,48.7,7.4,4.9,1.8,37.3
481001,42,12,9.6,2.3,34.1
481002,41.6,6,9.5,2.6,40.2
481101,38,7.1,11.3,0.4,43.2
481102,45,5.7,12.9,2.7,33.7
481103,46.9,6.7,5.3,1,40.1
481201,55.9,8.5,6.1,0.6,28.9
481202,47.9,7.8,5.6,2.1,36.7
481300,48.9,4.6,6.5,0.6,39.3
481401,50.8,3.4,7.2,0.8,37.9
481402,47,8,5.5,0.4,39.1
481500,52.3,9,6.8,0.8,31.1
481603,57.9,3,7.6,3,28.5
481604,48,5.5,8.4,0.6,37.6
481605,43.1,8.8,5.9,0.3,41.9
481606,56.1,6.8,4.4,0.4,32.2
481711,45,10.8,9.5,1.2,33.5
481712,48.4,8.3,5.3,1.2,36.8
481713,47.5,9.4,4.5,0.2,38.4
481714,45.2,10.2,9.4,3.2,32
481800,48.9,8.3,7.7,2.8,32.2
481901,49.4,6.3,6.5,0.9,36.9
481902,45.6,6.1,5.9,0.6,41.8
482001,61.6,5.2,9,0.3,24
482002,52.7,7.2,5.1,1.5,33.5
482101,45,8.7,6.9,1.8,37.6
482102,52.2,9.9,6.1,1.2,30.5
482201,50.6,3.9,8.6,1.6,35.3
482202,54.8,4.5,7.4,3.8,29.5
482301,51.5,2.7,6.9,0.4,38.4
482303,48.2,6.8,6.9,1.5,36.7
482304,39.1,5.4,7.1,1.1,47.2
482401,50.1,5.2,5.9,0.8,38
482402,51.5,8.7,1.9,1,37
482502,49.9,4.1,6,1.1,38.9
482503,47.4,7,5.3,1.7,38.6
482521,52.3,8.3,7.4,2.7,29.3
482522,35.6,8.1,8.4,4.3,43.5
482600,53.1,7.8,6.4,0.8,31.9
482701,49.3,5.7,7.6,3,34.4
482702,51.9,5.8,7.6,1.1,33.6
482800,52.2,5.9,6.2,0.6,35.1
500100,58.9,6.8,6.5,0,27.8
500201,61.4,5.3,5.8,2.3,25.2
500202,62.5,4.9,5.1,0.6,26.8
500300,54.9,5.6,7.6,2.1,29.8
500402,41.5,6,6.2,2.1,44.2
500403,39.2,7.9,7.9,4,41.1
500404,45.8,6.1,4,2.2,41.8
500500,44.7,10.4,6,2.6,36.3
500600,40.2,5.5,7.8,4.9,41.6
500700,43.8,6.5,9,3.1,37.5
500800,43.6,4.6,11.7,3.8,36.3
500900,42,5.1,8,1.9,43
501001,47.3,2.5,4.9,1.9,43.3
501002,47.6,4.4,7.4,2.2,38.3
501200,47.7,7.5,6.9,1.2,36.7
501300,44.2,4.6,11.3,3.1,36.7
501400,34.8,7.2,6.6,2.5,48.9
501501,50.6,6,9.7,1.8,31.9
501503,37.5,3.9,11.5,3.1,44
501504,32.7,7.8,10.1,6.2,43.2
501600,42.9,4.3,7.7,0.6,44.5
501700,55.2,6.9,4.7,0.6,32.5
501802,40.4,6,11.9,1.7,40
501803,34.2,5,10.7,3.7,46.4
501804,35.1,7.2,9.6,2.9,45.1
501900,53.8,6.4,8.4,1.3,30.1
502003,42.8,3.3,8.7,1.7,43.5
502004,44.7,4.6,7.2,1.2,42.3
502005,42.5,6.3,8.3,5,37.9
502100,39.1,8.6,10,2.2,40
502200,46.8,4.3,9.7,2.3,37
502301,46.1,3.9,5.8,2.1,42.2
502302,38.2,6.7,6.1,3,46
502401,39,7.2,12,2.6,39.2
502402,45.4,6.4,4.6,1.9,41.7
502500,45.3,5.6,9.9,2,37.2
502601,42.4,5.7,8.3,2.6,40.9
502602,40.6,5.3,8.9,1.9,43.2
502700,39.5,8.6,7.1,2.7,42.2
502801,46.1,6.9,8.7,1.4,36.9
502802,35.4,8.8,13.6,1.9,40.3
502901,45.4,4,9,1.8,39.8
502902,46.9,6.1,3.4,1.5,42.1
503000,42.7,4.7,5.8,3.7,43.1
503103,46.6,4.6,6.9,2.4,39.6
503104,53,4.4,6.2,4.4,32
503105,47.3,4,3.9,3.6,41.2
503106,46.8,7.7,11.3,2.2,32.1
503201,49.1,5.7,5.8,3.3,36.1
503202,46.8,5.8,6.2,1.7,39.4
503301,47.2,6.1,9.2,1.9,35.6
503302,51.9,2.4,3.5,3,39.3
503401,53.1,6.5,9,2.2,29.1
503402,56,4.1,7.6,0.3,32
503501,48.2,3.8,10,2.5,35.6
503502,38.9,5.9,12.5,2.6,40.1
503601,47.1,7.3,11,1.2,33.5
503602,49.6,7.5,9.7,2.8,30.5
503701,46,6.2,10.7,4.3,32.9
503702,57.2,5.6,6.6,0.2,30.4
503703,56.5,6.1,7.5,1.3,28.6
503801,54.2,5.2,5.9,1.1,33.5
503802,57.2,5,8.2,1.7,27.9
503901,50,9.2,7.3,0.6,32.9
503902,60.4,5.6,5.7,0.7,27.6
504001,27.2,5.6,4,0.2,63
504002,46.9,5.5,9,2.4,36.3
504101,47.7,6.2,9.2,0.8,36.1
504102,0,0,100,0,0
530003,47.2,10.1,7.3,1.6,33.8
530004,42.5,11.5,7.6,1.8,36.6
530005,54.6,9.7,5.5,0,30.3
530006,37.5,5.8,9.3,1.4,45.9
530101,37.7,7.3,6.4,4.1,44.6
530102,35.8,9.8,8.3,4.3,41.8
530202,43.1,5.5,8.1,1.5,41.8
530203,33.2,5,9.2,4.3,48.3
530204,42.5,3.3,6.4,1.6,46.1
530301,35.4,4.8,4.8,7.4,47.6
530302,40.5,5.7,9.1,2.5,42.3
530400,37.7,6.1,5,5.3,45.9
530500,40.5,2.8,6.2,4.5,46
530601,37.1,3.3,5.1,5,49.5
530602,38.8,5.3,7.3,3.9,44.7
530700,41.7,6.4,6.3,2.7,43
530801,38.7,7.1,6.7,4.3,43.2
530802,43.9,4.4,6,2.9,42.8
530901,40.2,9.1,4.4,4.6,41.7
530902,38.5,5,6.2,6.6,43.6
531000,47.8,2,3.8,2.3,44.1
531101,44.6,6,7.1,4.2,38.1
531102,38.7,6.8,3.2,6.7,44.5
531201,42.7,5.2,3.7,6.2,42.3
531202,45.7,5,5.4,2.8,41
531301,36.7,4.3,6.7,5,47.3
531302,37.8,2.7,4.2,4.4,50.8
531502,38.6,3.8,5.3,2.5,49.8
531503,47.7,4.2,6.1,4.5,37.5
531504,39.3,8.1,6.8,0.6,45.1
531602,43.6,4.2,2.3,4.4,45.5
531603,32.7,7.4,8.2,5.1,46.6
531604,37.6,5.1,4.2,6,47.2
531701,41.3,5.3,3.9,5.8,43.8
531702,38.2,7.2,6.7,1.3,46.5
531800,32.4,7.9,5.7,5.3,48.6
531901,37.3,7.1,3.3,3.8,48.5
531902,42.9,5.1,4.4,1.6,45.9
532001,39.3,12.3,5.7,1.2,41.6
532002,29.7,5.6,5.9,3.1,55.7
532101,35.6,4.9,7.8,4.8,46.9
532102,35.2,8.2,8.3,4.1,44.3
532200,35.2,4.7,7.5,4.9,47.7
532302,39.3,7.1,5.3,2.8,45.4
532303,40,6.9,10.3,2.4,40.4
532304,33,4,13,5.6,44.5
532400,53.2,4.3,12.8,4.3,25.5
532500,36.7,3,8.2,5,47.1
532603,41.4,3.9,2.5,2.4,49.9
532604,39.6,2.4,3,2.5,52.6
532605,36.3,7.8,3.5,6,46.4
532606,41.5,2.9,6.6,4.2,44.7
532700,40.2,6.4,2.5,5.5,45.5
532800,36.6,3.3,7,5.5,47.5
532900,33.2,3.4,8.4,3.5,51.5
533001,37,3.7,3.5,6.8,49
533002,38.4,4.9,4.2,5.8,46.8
533103,34.6,6.1,2.9,3.2,53.2
533104,35.8,5.3,7,3.3,48.6
533105,45.4,3.7,6.4,3.1,41.4
533106,37.9,3.4,3.5,4.5,50.8
533107,37.1,4.5,7.1,4.9,46.3
533201,43.2,2.6,3.5,4.2,46.5
533202,45.3,4.3,3.9,1.6,44.9
533203,38,1.6,5.3,6,49.1
533300,39.4,1.5,5.7,3,50.4
533401,46,0.7,3.8,2.4,47.1
533402,38.9,2.4,4.4,5.1,49.2
533403,34.2,8.9,7.2,3.9,45.7
533501,40.8,2.7,4.8,6.1,45.6
533502,48.7,4.3,4.9,2.3,39.8
533503,40,2.1,0.4,2.6,54.9
533601,34.5,6,5.5,2.7,51.5
533602,43.6,2.5,3.7,2.3,47.9
533603,39.5,5.2,6.7,3.4,45.3
533701,40.2,5.5,4.8,3.6,45.9
533702,36.9,3.1,3.7,2.3,53.9
533703,42.7,3.8,3.7,3.9,45.8
533803,47.1,6.1,3.8,3.4,39.5
533804,44.5,4.6,4.8,7.2,38.9
533805,41,3.4,6.7,1.7,47.3
533806,46.1,6.7,8.9,2.6,35.7
533901,40.9,3.4,2.2,2.5,51
533902,40,3.3,5,4.2,47.5
534001,40.8,2.7,3.7,2.8,50
534002,37.1,2.8,6.3,3.8,50.1
534101,45.1,3.8,4.5,2.8,43.9
534102,37.8,1.7,4.3,2.1,54.3
534201,36.3,2.2,5.5,3.2,52.9
534202,31.8,5.1,4.7,3.8,54.6
534203,40.3,6.6,5.3,2.6,45.2
534301,42.1,1.7,3.9,4.7,47.6
534302,41.9,2.4,3.2,1.7,50.8
534403,47.8,3.5,4.1,1.6,43
534404,40.8,2.8,5.4,1.3,49.6
534405,33.7,2.2,3.9,5.2,55
534406,33.1,1.9,4,4.8,56.2
534501,37.9,4.2,6.8,3.3,47.8
534502,37.4,4.9,3.3,2.5,51.9
534700,41.9,4,6.4,1.5,46.3
534802,34,8.3,10,2.6,45.1
534803,38.8,4.4,4.6,4.9,47.4
534804,39.7,4.4,4.9,5.6,45.4
534900,46.1,3.6,4.3,4.3,41.7
535001,34.8,6.3,2.2,4.2,52.4
535002,37.4,3.1,2.8,3.1,53.6
535101,40.1,4,5.6,3.6,46.6
535102,43.2,5.9,3.2,2.1,45.6
535200,33.4,4,5.6,3.1,53.8
535300,47.2,2.4,5.3,2.2,43
535400,38.9,3.4,4.3,2.7,50.6
535501,39.7,2.7,5.4,5,47.1
535502,38.1,6.4,7.3,4.8,43.4
535503,32.5,3.4,6.8,6.2,51.1
535603,41.7,3.5,3.2,3.2,48.5
535604,36.4,3.4,7.1,4.9,48.2
535605,38.8,4.4,5.5,3.1,48.3
535606,42.5,3.8,2,4.8,46.9
535607,45.2,4.1,3.3,5.1,42.4
535701,41.1,2.6,5.8,4.3,46.3
535702,37.2,2.6,6.6,4.5,49.1
535802,37.2,5.4,6.8,2.5,48
535803,36.1,3.8,4.9,5.4,49.8
535804,32.5,3.4,7.5,2.2,54.3
535901,41.8,6.3,6,4,42
535902,50.5,3.5,4.1,3.1,38.8
536000,32.3,4.7,8.4,4.9,49.7
536102,38.1,8.9,10.9,4.1,37.9
536103,41.3,5.1,6.2,3.3,44.1
536104,39.4,4.1,5.9,1.7,49
536200,43.4,3.4,7.5,2.3,43.4
540000,43,4,4.4,1.8,46.8
540101,41.5,4.5,4.9,2.3,46.9
540102,42.6,4.8,5.6,1.9,45.1
540201,31.7,3.5,5.8,6.3,52.8
540202,34.5,5.6,7,3.3,49.7
540203,32.6,3,6.6,2.7,55.3
540300,50.2,2.7,2.1,3.7,41.2
540400,36.1,0,4.3,7.1,52.4
540501,36.1,2.4,7.4,3.4,50.7
540502,33.2,3.6,5,4.9,53.3
540600,31.7,5.5,6.3,2.5,54
540700,34.8,3,5.2,3,53.9
540800,33.7,6.6,7,5.1,47.5
540901,31.4,5.7,8.4,3.2,51.3
540902,28.9,10.5,9.8,3.4,47.5
541001,38.8,4,10.4,4.2,42.6
541002,36.6,9.2,16.2,2.6,35.4
541100,35.2,5.9,6.6,5.8,46.6
541200,31,8.6,9.9,4.9,45.5
541300,41.7,4.8,8.3,2.9,42.2
541400,38.5,3.8,6,1.9,49.7
541500,42.5,1.1,4,3.5,49
541603,35.3,1.9,8.7,4,50.2
541604,37.6,4.7,4.1,3.3,50.2
541605,39.2,3.8,4.8,4.6,47.6
541606,40.7,8.5,4.4,3.7,42.6
541700,40.7,7,4.7,6,41.6
541801,41.4,3.4,4,1.4,49.9
541802,41.8,2.6,4.8,3.3,47.5
542000,40.8,3.8,4.6,1.4,49.3
542103,40.8,2.6,4.9,3.6,48
542104,46.6,2.5,6.7,2.9,41.3
542105,37.6,6,8.4,3.6,44.4
542106,36.3,3.1,6.1,6.8,47.7
542200,38.4,3.5,5.7,3.9,48.5
542401,39.7,4.1,5.2,1.7,49.3
542402,39.4,6.2,6.4,3.6,44.4
542501,30.8,4.2,4.8,3.2,57.1
542502,27.1,6.6,7.8,5.9,52.6
542601,31.7,4.9,4.2,2.2,57
542602,30.6,3.3,8.2,3.1,54.8
542700,40.2,4.6,6.7,2.3,46.2
542800,34.1,8.2,15.2,1.6,40.9
542900,42.9,3.4,9,2.4,42.3
543000,39.2,7,6.7,4.6,42.5
543100,39.7,5.7,6,3.4,45.2
543201,36,6.1,7.3,5,45.5
543202,42.4,4.1,8.4,2.5,42.5
543304,42.4,8.1,11.4,2.1,36.1
543305,32.6,10.1,20.7,1.9,34.8
543306,45.2,6.2,11.7,0.7,36.1
543321,36.3,5.9,12,4,41.7
543322,42.4,6.7,7.5,2.9,40.5
543400,46.6,7.1,7.6,2.3,36.3
543501,46,8.4,9.5,2.1,34.1
543502,47.8,4.7,6.3,2.2,39.1
543503,42,10.7,13.7,2.1,31.5
543601,44.7,6.3,5.7,1.5,41.9
543602,48.4,6.2,11.2,4.5,29.7
543603,43.9,12.1,11.1,3.9,29.1
543604,45.4,5.9,7,1.6,40.1
543701,46,4,5.2,2.1,42.7
543702,49.7,3.3,4.6,3,39.4
543703,48.4,7.4,5.6,4.4,34.2
543801,47.1,6,6.7,2.8,37.4
543802,38,5.4,11,1.4,44.1
543903,42.8,5.7,11.2,3.2,37.1
543905,32.1,3.7,9.1,2.2,52.8
544001,40.1,4.6,4.9,2,48.6
544002,43.9,3.9,6.4,3,42.8
550000,13.9,2.2,13.9,1.8,68.3
550100,54.5,4.3,7.4,0.5,33.3
550201,45.8,5.5,6.4,2.9,39.4
550202,47.6,6,5.5,1.8,39.1
550300,40.8,4.6,6.8,2.7,45.1
550400,43.7,4,11.8,2,38.4
550500,49.1,6.9,7.3,2.6,34.2
550601,39.9,5.8,9.9,2.2,42.1
550602,56,5.7,6.1,2.3,29.9
550700,45.2,5.9,5.1,2.3,41.5
550800,48.5,5.3,6.5,3.5,36.2
550901,36.2,3.9,15.5,4.6,39.7
550902,38.6,3.4,11.5,0.7,45.8
551000,57.8,6.3,5.1,1.7,29.1
551101,38.9,4.6,9.9,1.4,45.2
551102,41.5,2.8,10.1,2.7,42.8
551201,43.5,5.4,9.6,1.9,39.5
551202,39.2,5.5,11.2,2.9,41.2
551300,36.2,7.2,7.3,3.9,45.3
551401,43.4,3.3,7.8,3.8,41.8
551402,40.9,2.5,13.1,2.9,40.6
551501,41.8,3.1,10.3,3.6,41.2
551502,51.9,5,6,3.7,33.3
551600,22.6,0,0,0,77.4
551700,37,4,8.7,2.5,47.9
551800,40.1,3.8,9,1.2,46
551900,48.6,6.4,7.9,1.6,35.5
552001,45.9,6,6.2,2.6,39.3
552002,40.2,2.9,6.4,3.9,46.6
552100,44.5,7.4,8.5,3.5,36.1
552200,39.7,2.1,9.3,2.6,46.2
552301,42.4,7.3,9,5,36.3
552302,47.1,8.2,9.2,4.4,31.1
552400,46.4,4.7,3.7,3.4,41.8
552601,43,4,4.3,1.4,47.4
552602,41.2,7.5,7.8,2.3,41.1
552700,45.4,3.6,9.7,2.1,39.3
552800,49.3,5.9,6,1.7,37.1
552900,43.3,4.1,6.9,2.9,42.8
553000,51.1,6.1,2.9,1.6,38.2
553100,42.5,5.2,11.3,3.1,37.8
553200,47.7,4.5,7.7,4.1,36
553300,34.3,5.8,7.2,4.3,48.4
553400,41.8,4.9,9,2.5,41.8
553502,37.2,5.7,13.5,3.9,39.7
553503,35.6,4.6,8.4,3.4,48.1
553504,44.2,3,7.4,3.8,41.7
553601,40.1,5.1,7.5,3.3,44
553602,35.8,3.7,10.1,4.8,45.6
553701,42.7,2.3,3.8,3.8,47.4
553702,44,2,3.9,3.8,46.2
553801,41.5,5.8,8.2,2.2,42.3
553802,37.1,5.6,9.7,4.8,42.8
553901,40.6,5.5,5.7,2,46.2
553902,41.9,2.5,9.3,2.1,44.2
554001,43.6,4.7,13.3,1.4,37
554002,42.3,2.9,9.3,1.8,43.6
554101,43.8,5.4,8.6,7.7,34.5
554103,42.4,3.9,6.3,6.8,40.7
554104,36.9,3.7,8,3.7,47.6
554105,37.6,2.9,13.4,3.4,42.8
554201,44.5,5,6.1,2.4,42
554203,46.9,4.1,11.7,1.6,35.8
554204,45.7,6.3,10.4,3.3,34.3
554301,45.7,4.5,7.5,2.1,40.1
554302,38.8,2.6,8.6,5.9,44.1
554403,32.7,7.5,11.8,1.5,46.5
554404,39.7,5.8,9,4,41.6
554405,30,5.9,13.4,2.2,48.4
554406,45.6,5.8,7.9,1.6,39
554511,58.6,4.2,5.9,0.8,30.5
554512,61.4,4.5,5.7,0.4,28.1
554513,61,6.4,5.9,2.2,24.4
554514,56.5,5.9,5.8,0.9,31
554515,57.1,6.2,6.7,2.3,27.7
554516,56.9,5,5,0.7,32.4
554517,59.1,5.2,4.8,0.2,30.8
554518,63.9,4.3,4.1,1.8,26
554519,64.6,7.3,2.4,1.6,24.2
554521,50.9,8.5,7.9,0.9,31.8
554522,59.9,6,3.9,0.4,29.8
554600,44.9,4.9,5.5,1.4,43.3
554700,47.5,9.3,4.6,0.9,37.7
554801,44.2,6,6.8,2.4,40.7
554802,48.3,7.8,7.2,1.5,35.2
554900,47.5,9.1,8.7,4.1,30.6
555001,44,5.1,10.8,1,39.1
555002,42,3.2,13.2,2.3,39.3
555102,41.1,4.6,12,2.8,39.6
555103,49.5,6,7.3,2.8,34.3
555104,49.2,4.6,12.7,0.7,32.8
555202,57.1,6.9,8,0.6,27.5
555211,45.2,5.6,3.8,1.6,43.9
555212,43,4.6,6.8,4,41.6
570001,50.7,4.9,8.4,1.8,34.3
570002,49.8,4.4,7,1.1,37.7
570003,42.5,5.9,12.6,4.8,34.2
570100,34.8,6.6,13.8,3.2,41.6
570202,47.3,3.1,6.1,3.5,40.1
570203,31.9,7.1,4.6,5.2,51.1
570204,31,7.5,6.2,1.1,54.2
570301,35.9,2.1,12.1,4.6,45.2
570303,43.3,2.6,7.3,2.3,44.5
570304,31.6,4.6,5.9,4.4,53.5
570402,37.3,5.1,8.3,3.2,46.2
570403,45.5,2.4,6,2.2,43.9
570404,38.6,6.7,3.4,2.8,48.5
570501,40.6,2.5,6.9,4,45.9
570502,39.8,6.3,9.1,2.9,41.9
570601,36.7,5.4,8,0.9,49
570602,46.8,2.5,6.5,0.7,43.6
570603,27.2,4,14.4,4.6,49.8
570701,42.1,4.8,13.2,2.1,37.8
570702,50.5,7.8,9.2,3.8,28.6
570800,49.9,6.9,7.9,2.6,32.6
570901,54.3,5.1,9,1.1,30.6
570902,48.6,8,7.1,3.8,32.5
571000,52.2,6.5,8.7,1.4,31.3
571101,52.1,3.7,10.3,0.2,33.7
571102,56.7,4.2,8.9,0.3,29.9
571200,47.3,4.5,10.2,1,37
571300,43.9,5.4,10.1,1,39.6
571400,49.2,5.8,9.6,1.8,33.6
571502,42.6,6.5,8.4,2.6,39.9
571503,38.1,2.7,11.2,3.1,44.8
571504,40.8,4.6,15.3,1.7,37.6
571600,9.3,4.6,9.5,5.7,70.9
571701,36.5,3.6,9.9,3.4,46.5
571703,42.1,6,7.1,3.7,41.2
571704,39.7,2,11,3.4,43.8
571800,50.3,8.6,9.2,1.6,30.4
571900,49,5.6,14.2,1.8,29.4
572001,48.4,4.2,12.4,2,32.9
572002,37.4,13.5,10.6,1.2,37.2
572100,50.9,5.9,7.9,2.7,32.7
572201,42.3,5.8,8.8,2.5,40.5
572202,43.3,7.9,8.3,3.2,37.4
572301,41.2,2.5,6.7,1.7,47.9
572302,45.5,3.6,6.4,2.8,41.7
572400,31.9,9.1,6.9,3.4,48.7
572500,26.4,7.4,14.6,1.5,50.1
572600,49.3,2.7,6.7,0.9,40.4
572700,42.9,7.6,7.9,1.9,39.7
572800,6.5,5.2,7.8,5.2,75.3
572900,38,3.4,7,2.9,48.7
573002,29.8,4.7,2.6,3.8,59.1
573003,37.3,3.6,14.5,2.2,42.4
573004,32.6,2,10.3,4.2,50.9
573100,43.1,2.6,10.5,3.1,40.7
573201,34.5,7.5,6.1,3.8,48.1
573202,36.5,6.8,5.9,2,48.8
573300,29.5,5,7.5,6.2,51.8
573401,33.3,8.7,11.3,1.2,45.4
573402,33.1,4,10.7,0.8,51.3
573403,54.5,3.7,6.6,1.3,33.8
573601,56.8,3.9,9.7,1,28.6
573700,56.2,6.8,9.3,1,26.6
573800,56.9,3.6,9.3,1.3,28.9
573902,56.5,3.9,8,0.4,31.2
574000,54.1,4.5,9.6,2.5,29.2
574100,54.7,6.3,9.6,1,28.3
574201,62.7,6.5,7.7,0,23.1
574202,34.6,5.9,12.6,2.8,44.2
574300,54.5,5.9,8.4,0.4,30.9
574400,57.9,6.3,9.3,0.7,25.7
574500,53.7,8.9,6.9,2.6,27.9
574601,0.3,0,0.1,0,99.6
574602,49.8,11.5,10.8,0,27.9
574700,27.3,1.4,18.9,2.8,49.7
574800,41.5,6.3,15.7,1.6,34.9
574901,53,3.3,9.1,1.4,33.2
574902,21.4,1.2,8.1,1.6,67.7
575001,35.2,4,11.6,1.6,47.6
575002,33.7,4.3,15.1,1.1,45.8
575101,39.6,2.3,11.9,2.5,43.7
575102,38,3.9,9.4,2.7,46
575103,29.3,1.7,7.3,3.1,58.5
575201,40.5,4,5,5,45.5
575202,34.5,5.1,8,3,49.5
575300,34.2,5.7,6.9,4.5,48.8
575401,35.2,4.3,6.1,3.1,51.3
575402,31.4,2.9,7.9,5,52.8
575500,20.5,46.2,0,0,33.3
575801,33.2,0.8,7.6,6.7,51.7
575802,30.5,3.5,6,3.4,56.5
575803,32,10.6,17.6,4.2,35.6
575901,27.5,1.4,12.1,1.8,57.1
575902,27.5,1.7,11.2,1.5,58.1
576001,35.5,3,19,2.5,40.1
576200,27.5,2.7,9.8,4.2,55.8
576301,36,4.8,11.8,6,41.4
576302,31.5,5,7,6.1,50.4
576401,33.2,8.5,7.6,3.3,47.5
576402,38.4,2.8,4.3,4.1,50.4
576403,27.3,4.3,6.2,5,57.1
576501,28.6,4.3,10.7,8.2,48.2
576502,28.2,1.4,9.2,2.1,59.1
576503,25.8,2.9,11.9,2,57.4
576601,37.9,4.3,11.3,1.5,45
576602,35,3.1,8.4,4.2,49.3
576700,32.9,6.6,18.5,3.2,38.7
576801,27.9,4.4,9.2,0.4,58.1
576802,30.2,4.1,12.3,2.4,51
576901,30.2,3,5.8,2.4,58.7
576903,31.5,2.4,6.7,2.1,57.4
576904,37.9,0.9,8.7,4.5,48
577000,26.3,1.7,13.2,3.2,55.5
577100,37.7,3.5,11.1,4.2,43.6
577200,30.3,2.7,17.5,2.6,46.8
577300,30.2,3,10.9,0.7,55.2
577400,37.8,1.2,15.3,1.8,43.9
577501,44.7,8.1,16.1,0.6,30.5
577504,36.4,4.3,20.9,0.8,37.6
577602,58.9,4.4,12.7,0,24
577603,51.3,4.6,12,0.2,31.9
577604,54.5,5.7,17.6,0.7,21.5
599000,47.8,5.1,12.1,1.8,33.1
599100,29,0,8.5,0.3,62.3
600100,30.4,6.1,10.3,3.5,49.5
600201,27.5,4.9,12.8,3.6,51.2
600202,25.5,6.1,9.8,2.2,56.4
600302,34,6.2,11.5,3.8,44.5
600303,25.1,3.6,4.1,5.4,61.8
600304,38.8,3.6,6.9,4.1,46.7
600400,29.1,5.9,9,4.4,51.5
600501,34.5,4.2,14.4,3.9,43
600502,48.3,6.6,7.3,3.6,34.1
600601,32.1,7.7,12.5,3.9,43.8
600602,28.4,0.9,5.4,2.9,62.4
600702,32.8,5.1,12.8,2.9,46.4
600703,28.4,11.9,17.4,1.3,40.9
600704,38.2,10.9,10.2,1.1,39.5
600801,36.9,8.2,13.7,2.8,38.4
600802,32.9,3.4,18.8,0.7,44.2
600902,29.6,4.8,14.7,1.2,49.7
600911,45.9,3.3,8.2,1.3,41.3
600912,33.4,4.1,4.9,5.4,52.1
601001,27.5,15.2,20.1,4,33.3
601002,25.6,7.6,13,2.9,50.9
601100,28.9,5.1,9.1,4.8,52
601202,48.1,1.9,3.6,2.4,44
601211,29.9,9.4,12.2,3.1,45.4
601212,36.9,4.5,7.5,6.7,44.3
601301,40.5,5.3,14.4,1.7,38
601302,29.8,3.5,15.6,3,48.1
601303,26.3,5.1,17.2,3.3,48
601401,23.1,6.5,18.3,2.9,49.3
601402,41.3,5.7,5.2,3.7,44.1
601501,43.8,3.6,2.8,6.9,42.9
601502,45.1,1.6,2.6,1.9,48.8
601600,35.7,3.5,8.4,3.6,48.7
601700,38.3,2.5,4.1,5.9,49.2
601801,40.9,1,5.8,4.7,47.5
601802,43,1.3,5.1,1.6,49
601900,46.5,2.4,8.5,3.7,39
602002,39.2,4.2,8.6,2,46
602003,46,3.8,4.4,6.1,39.7
602004,37.7,5.6,7.7,4.9,44
602103,33.6,3.7,7,9.5,46.2
602104,28.4,8.5,11,5.6,46.5
602105,34.9,4.9,7.6,8.1,44.5
602106,37.6,4.1,7.1,4.6,46.6
602200,36.9,3.3,8.7,3,48
602301,49.1,4.8,7.8,2.7,35.6
602302,61.5,6.6,10.2,1.3,20.4
602402,52.6,5.7,7.8,0.6,33.2
602403,42.6,4.9,11.1,4.3,37.1
602404,38.9,3.5,9.6,1.8,46.2
602504,29.8,3.4,10.3,2.8,53.7
602505,27.3,0.6,12.6,4.2,55.3
602506,31.4,5,8.1,3.2,52.3
602507,32.5,2.2,17.3,1.5,46.5
602508,33.6,3.4,9.5,3.5,50
602509,37.9,2.4,7.6,2.9,49.2
602600,37.1,7.3,13.1,3.6,39
602700,35.6,5,9.9,2.6,46.9
602801,36.2,2.6,7.1,3.8,50.3
602802,38.6,8.2,9,3.6,40.6
602900,46,4.5,7.8,2.8,38.9
603001,44.5,5.8,9.8,3.1,36.9
603004,45.6,10.1,11.3,2.5,30.5
603005,40.6,3.4,10,4,42
603006,41.2,6.9,11.9,2.1,38
603101,41.8,6.9,9.9,2.7,38.5
603102,44.2,9.4,8,3.9,34.5
603200,48.7,7.6,12.3,3.1,28.4
603301,50.2,8.3,6.7,0.6,34.3
603302,45.5,6.7,9.4,3.7,34.7
603400,49.2,5.6,6,3.1,36.1
603500,46.9,6.7,9.4,2.3,34.6
603600,51.5,3.5,8.1,1.4,35.5
603702,41.6,8,10.8,2.8,36.8
603703,50.3,5.6,7.2,0.5,36.5
603704,32.4,2.8,11,1.8,51.9
603801,36.7,4.2,9.9,3.4,45.8
603802,43.8,2,10.7,2.4,41.1
603900,40.8,3.7,12.9,1.3,41.4
604001,48.1,3.8,10.1,2,36.1
604002,41.5,4.2,10.7,1.5,42.1
604100,49.8,3.3,6.9,1.2,38.9
609900,35.2,7.9,16.5,2.3,38.1
620001,46.6,4,10.1,1.6,37.7
620002,44.8,6,13.6,1.6,34
620101,58.1,2.5,10.2,2.5,26.7
620102,43.7,2.7,13.4,1.3,38.7
620201,28.8,2.2,12.6,0.8,55.6
620301,63.8,3.5,5.7,1,25.9
620303,65.5,2.9,7.7,0.6,23.4
620305,56.6,2.9,7.2,0.8,32.4
620400,55.7,6,9.3,0.5,28.5
620501,57.8,2.4,5.9,2.3,31.6
620521,48.1,2.8,8.4,1.5,39.3
620522,46.9,3,12.6,0.2,37.3
620601,53.7,4.4,12.3,2.4,27.1
620602,55.5,5.4,11.3,1.8,26.1
620701,52.1,2.2,8.9,1.5,35.2
620702,56.6,4.4,11.3,3.7,24
620800,61.6,4.2,7.4,0.6,26.3
620901,62.9,3.7,6.5,1.5,25.4
620904,53.3,2.6,11.8,1.7,30.6
621001,54,6.2,7.2,4.2,28.4
621002,50.5,2.5,15,1.9,30.1
621004,36.4,5.6,11.9,0,46.1
621102,60.5,4.4,7.2,1.1,26.8
621104,35.2,1.9,13.4,0.5,49.1
621201,48.7,3.8,13,2.1,32.4
621204,34.9,6.3,18.8,1.5,38.6
621301,54.1,2.4,12.2,1.7,29.6
621324,50.1,3.4,16.7,0.3,29.5
621326,42.8,3.2,15.8,2.1,36
621400,50.1,4.4,9.3,2.3,33.9
650001,53.3,3.5,6.8,1.1,35.3
650003,45.2,5.5,10.9,0.7,37.7
650004,44.2,3.9,8.8,1.3,41.7
650101,61.4,8.4,4.2,0,26
650102,55.6,1.4,7.7,2.1,33.2
650200,52.1,4.6,7.5,2.3,33.5
650300,46,6.8,12.6,0.4,34.2
650401,55.1,6.2,6.9,0.5,31.2
650501,59.3,6.3,7.8,2.1,24.5
650502,57.7,5.9,6.8,1.3,28.3
650602,48.2,6.4,9.5,2.7,33.3
650603,56.7,9,4.7,0.8,28.8
650604,41,9.2,8.4,0.9,40.4
650605,56.1,4.7,5.9,2,31.3
650701,62.9,8.7,5.5,1.8,21.1
650702,60,4.4,6.2,0.2,29.3
650800,55.6,4.9,12.7,3.2,23.7
650901,41.7,6,12.7,3.3,36.3
650902,52.8,5.3,7.8,1.3,32.7
651001,54.4,5.6,7.6,1,31.3
651002,51.4,5.3,9.7,0,33.5
651101,61.4,9.6,5.5,0.1,23.4
651102,51.9,9.6,13.8,1.2,23.5
651201,60.4,5.4,9.4,1.2,23.6
651221,49.8,5.4,8.4,2.9,33.5
651222,51.8,3.5,8.7,3.5,32.5
651302,55.4,9.2,7.7,3.5,24.2
651304,59.4,4.5,12,0.4,23.7
651401,57.7,9.5,10.7,1.1,21
651402,62.3,4.9,5.5,1.6,25.7
670001,43.8,6.5,11.5,1.3,37
670002,41.7,6.6,14.7,1.7,35.2
670003,51.1,5.8,11.9,2,29.2
670100,42.8,3.5,15.9,0.8,37
670201,62.3,7.2,7.7,1.2,21.6
670202,68.4,4.7,6.2,1.8,18.9
670324,70.5,5.9,2.9,0,20.7
670326,69.3,6.2,6,0,18.5
670328,64.1,4.2,5.3,0.6,25.8
670403,63.3,6.4,6.6,0,23.8
670405,64.3,12.3,6.1,0,17.2
670406,70,8.1,4.8,0.7,16.4
670407,66.2,7.2,6.9,0.7,19
670411,61.7,7.5,7,1,22.8
670413,68.7,6.4,5.8,0.7,18.4
670416,61.6,4,10.4,0,23.9
670500,62.7,9.5,5.3,1.8,20.7
670602,60.6,7.7,7.2,0,24.5
670701,60.8,6.1,10.9,1.5,20.6
670702,70.2,4.9,8,1.6,15.3
700101,26.8,12.2,8.6,1.4,51
700102,27.6,6,10.1,1.6,54.7
700200,20.6,3.1,9.6,1.7,65
700300,19.1,3.2,10.5,0.2,66.9
700400,31.1,3.3,8.3,1.2,56.1
700501,26.7,3.5,8.9,0.3,60.7
700502,19.5,3.5,10.5,2.2,64.4
700600,57.1,7.7,9.5,1.1,24.5
700700,59.8,5.7,3.7,0,30.7
700801,53.5,14.4,5.3,0.5,26.2
700802,40.2,7,13,3.4,36.3
700901,54,6.4,6.1,1.1,32.4
700902,43.4,5.1,9.8,3.8,37.9
701000,52,4.7,11.7,2.6,29.1
701100,13.8,4.5,22.1,10.1,49.5
701201,61.9,5.2,7.5,1,24.4
701202,38.4,4.5,19.8,0.6,36.7
701302,30.3,2.2,11.7,3.3,52.5
701304,46.9,5,14,1.2,32.9
701402,24.8,3.9,12.6,1.9,56.7
701501,46.2,3.2,14,2,34.5
701502,27.2,6.7,10.9,2,53.1
701601,55.3,3.6,7.7,1.8,31.6
701602,37.2,6.9,15.6,0.9,39.4
701701,35.7,5.3,12.1,5.5,41.4
701702,28.8,6,11.7,2.5,51
701801,31.4,5.9,11.3,1.7,49.7
701802,29.2,2.8,11.6,3.3,53.1
701902,23.9,2.6,19.8,2.1,51.5
702002,32.7,4.3,10.7,0.6,51.6
702102,30.7,2.3,17.5,1.1,48.5
702201,40.2,3.6,10.2,0.9,45
702202,50.7,3.5,10,0.6,35.2
702300,40.6,6.6,13.3,1.3,38.2
702400,46.2,3.8,9.8,1.4,38.8
702501,47,4.7,9.1,0.6,38.5
702502,36,6.2,18.2,0,39.6
702600,55.3,5.7,7.4,1,30.6
702700,60.1,5.8,9.6,0,24.6
702801,46,6.2,9.6,0.3,37.9
702802,49,5.1,6.8,0.7,38.5
702803,36.7,6.5,10.8,1.3,44.7
702901,26.9,3.8,19.1,4.3,45.9
703001,46.9,4.6,10.1,0.8,37.5
703002,43.5,9.5,13.1,1.9,32
703100,39.6,6.2,16.5,1.3,36.3
703200,41.1,6.2,10.2,2.3,40.1
800101,57.5,3.7,8.4,2.2,28.2
800102,54.7,3.7,12.6,1.5,27.5
800202,59.6,4.6,10.9,1.7,23.2
800203,55.8,4.4,12.3,3.1,24.4
800204,63.5,3.2,9.3,2.5,21.5
800324,64.5,1.6,8.8,0.5,24.7
800325,55.8,9.7,13.1,2.1,19.3
800326,63.8,5.6,5.8,0.9,23.8
800327,43.2,3.1,12.5,1.3,39.9
800328,38.4,5.4,9.1,1.2,45.9
800329,51.1,3.3,12.4,3.4,29.7
800330,63,2.5,9.1,0.8,24.5
800331,66.7,5.2,7.5,0,20.6
800332,59.4,4.5,7.7,1.6,26.8
800406,49.1,4.4,13.1,1.3,32.1
800408,53.2,5.5,14.4,1.4,25.5
800410,22.2,1.2,2.3,0.3,74
800504,41.7,7.3,15.6,2.6,32.8
800506,55.3,6.4,13,2.2,23.2
900102,35.5,9.1,7,0.7,47.7
900103,38.7,4.6,7.1,1.4,48.1
900104,52.4,5.3,7.9,1.8,32.6
900201,48.3,7.6,11.5,3.6,29.1
900300,46.3,1.9,3.4,1,47.4
900501,43.2,5,8.1,2.3,41.4
900504,48.8,1.4,5.9,1.7,42.2
900505,41.6,2.9,11.8,3.5,40.2
900506,38,3.9,8.2,2.6,47.2
900507,40.1,6.4,4.5,2.7,46.2
900508,46.9,6.3,5.1,3.1,38.6
900602,39.8,3.4,8.5,1,47.2
900605,44.7,3.8,7.9,1.6,41.9
900606,27.1,1.5,13.3,3.4,54.7
900607,27.1,3.9,9.5,1.8,57.8
900608,35.5,4.2,5.3,1.2,53.8
900609,39.6,3.1,7.3,2.7,47.2
900701,44.2,7.9,11.1,0.3,36.5
900703,28.2,7.4,12.3,3.7,48.4
900704,24.5,2.2,13.3,3.5,56.6
900705,47.3,5.3,12.5,2.7,32.3
900803,42.6,4.9,5.8,1.1,45.7
900804,35,6.1,6.7,1.8,50.4
900805,43.7,6.2,10.2,2.4,37.5
900806,24.8,7.8,10.6,4.3,52.6
900900,57.3,6.1,10.4,0.5,25.7
901003,18.7,1.8,13.5,5.9,60.2
901004,51.2,5,7.1,2.4,34.2
901007,56.9,6.1,5.4,1,30.6
901008,47.7,3.5,9.3,1.8,37.6
901009,50.4,4.2,7.4,2,35.9
901010,42.6,5.2,8.4,1.1,42.6
901011,46.8,7.3,9,2,35
901101,51.8,4.6,5.7,1.1,36.9
901102,48.5,2.8,8.6,0.7,39.4
901205,47.8,5.5,11.2,2.4,33.2
901209,56.7,3.2,12.6,0,27.5
901210,52.8,5.7,9.7,3.6,28.1
901213,58.9,4.5,9.4,0.2,26.9
910001,44.8,2.9,10,1.1,41.2
910002,43.7,4.1,5.8,2.6,43.8
910101,42.8,1.4,9.6,1.3,45
910201,46,11.2,9.8,1.9,31.1
910202,56.4,4,6.9,1.8,30.9
910205,64.3,4.6,9.6,1.7,19.8
910206,56.6,4.7,6.1,1.9,30.8
910207,51.5,3.8,10,3.2,31.6
910208,52.4,4.2,7.4,0.3,35.8
910209,55.2,2.5,5.5,4.2,32.6
910210,59.2,2.6,9,1.1,28.1
910301,58.1,6.4,7.1,0.2,28.2
910302,54.4,5.8,9.9,0.7,29.2
910401,49.8,3,12.8,3.4,31
910402,40.1,2.5,6.1,3.8,47.5
910403,33.9,2.7,11.8,1.9,49.6
910404,42,4,5.7,2.7,45.6
910501,27.3,5.6,13.9,7.9,45.3
910502,31.8,6,12.5,2.5,47.3
910504,45.9,2.1,5,2,44.9
910505,50.1,3.9,8.3,1.4,36.3
910601,39.9,5.9,6.8,3.2,44.3
910602,35.9,7.3,10.4,3.2,43.2
910603,44.2,3.3,9.8,1.8,40.9
910605,44.3,5.5,9.2,2.2,38.8
910606,45.6,2.5,7.1,3.5,41.3
910705,45.8,3.6,8.1,3,39.5
910706,48.4,5.5,6.1,1.9,38.1
910707,33.5,4.3,11.4,5.8,45
910709,45,3,12.8,1.8,37.3
910711,45.9,5.6,10.9,2.2,35.3
910712,44,5.6,7.4,1.3,41.8
910713,53.4,4.8,7.6,3.2,31
910714,40.8,3.7,9.3,3.1,43.2
910715,38.3,4.1,10,2.8,44.7
910716,43.9,6.2,7.7,3,39.2
910804,58.7,5.4,5.4,0,30.5
910805,52.7,4.6,11.6,0.6,30.5
910807,56.9,4.7,6.7,2.8,28.8
910808,57.1,4.7,7.7,2.2,28.4
910809,63,4.2,10,0.4,22.4
910810,58.4,3.9,6.2,1,30.5
910811,57.6,0,6,0,36.4
910812,57,12.9,12.9,5.3,11.8
910813,67.3,3.5,7.8,0.9,20.5
911001,48.3,10.9,12.2,2.8,25.7
920011,22.6,0,12.2,13.7,51.5
920012,46.1,3.8,14.8,5.5,29.8
920013,53.3,5.8,13.6,0.6,26.7
920015,62.2,2.4,6.4,0.7,28.4
920016,60.5,2,7.3,0.3,30.1
920017,51.8,5.2,9.2,3.2,30.6
920018,54.9,6.5,10,1,27.6
920020,53.5,3.7,9.5,0,33.3
920023,38.7,5.1,10.1,4.2,41.9
920026,42.9,1.9,12.9,1.4,40.9
920028,59.2,2.8,8.6,1.5,27.9
920029,51.2,2.4,9.5,1.7,35.2
920030,46.2,2.4,9,1.6,40.7
920031,46.6,13.8,13.1,0.7,25.8
920032,56.7,3.3,3.8,0.7,35.4
920033,32.4,5.2,10.3,3.6,48.5
920034,48.7,6,9.2,1.6,34.6
920035,46.6,4.1,5.8,0.4,43.1
920036,46.5,2.7,7.2,0.9,42.6
920037,32,3.6,17.4,2.9,44
920038,35.1,3.9,11.6,2,47.4
920039,58.6,2.8,5.9,1,31.8
920040,57.9,3.6,9.8,0,28.8
920041,46.1,3.3,12.5,3.3,34.8
920042,38.6,5.1,19.3,1.9,35
920043,67.9,2.6,6.9,1.5,21.1
920044,56.8,3.4,9.6,0.7,29.6
920045,59.4,2.6,6.8,0.7,30.5
920102,48.7,4.2,11,4.9,31.2
920104,57.3,5,5.8,0.6,31.2
920106,44.3,2.3,12.6,1.6,39.2
920107,67.4,1,6.3,1.6,23.7
920108,68.2,1.1,7.1,0.6,23
920109,61.5,5.2,10.6,1.2,21.5
920110,54.3,1.8,7.5,3.1,33.3
920111,62.8,2.3,7.8,0.5,26.6
920112,59.7,4.7,8.5,0.5,26.6
920114,52.2,1.2,10.3,3.3,33.1
920115,60.7,4.8,7.3,2,25.2
920116,57.2,4.9,9.5,3.2,25.2
920118,56.9,3.7,9.2,0.6,29.7
920119,66.4,1.5,7.3,0,24.8
920200,11.3,0.3,8.4,3.8,76.2
920303,46.2,2.5,14.6,0.3,36.4
920312,43.9,7.6,14.5,1.7,32.3
920313,53.8,5.3,12.3,1,27.6
920314,56.4,3.7,4.9,2.9,32.1
920322,53.3,8.2,5.7,0.6,32.2
920326,51.5,3.9,13.3,4.6,26.8
920328,50.1,2.6,8.3,1.4,37.5
920329,51.2,1.7,12,3,32.1
920330,52.8,4.1,14.7,2,26.4
920331,50.1,8,12.6,2.4,26.8
920332,30.9,4.5,6.2,1.2,57.1
920334,50.5,7.3,6.2,1,35
920336,45,2.1,6.4,3.6,42.9
920337,39,1.6,9.3,1.2,48.8
920338,59,6.5,8.5,0.5,25.5
920339,55.6,3.3,4.8,1.7,34.7
930101,62.3,0,7.5,0,30.2
930200,48,1.1,9,5.7,36.2
930301,36.5,3.3,12.2,1.8,46.4
980001,-,-,-,-,-
980002,-,-,-,-,-
980003,-,-,-,-,-
980004,-,-,-,-,-
980005,-,-,-,-,-
980006,-,-,-,-,-
980007,-,-,-,-,-
980008,50,0,22.9,0,27.1
980009,0,0,0,0,100
980010,32.2,9.9,18.2,0,39.7
980013,-,-,-,-,-
980014,-,-,-,-,-
980015,9.8,5.5,17.9,9.8,57
980018,-,-,-,-,-
980019,61.7,0,15,3.8,19.5
980020,-,-,-,-,-
980021,66.7,0,0,0,33.3
980022,-,-,-,-,-
980023,-,-,-,-,-
980024,66.5,4.9,5.4,0,23.2
980025,-,-,-,-,-
980026,41,0,0,0,59
980028,-,-,-,-,-
980030,-,-,-,-,-
980031,24.6,2.4,21.3,12.8,38.9
980033,0,0,0,0,100
990100,-,-,-,-,-
990200,-,-,-,-,-
990300,-,-,-,-,-