Tract,Pct_Moved_In_County,Pct_Moved_Diff_County,Pct_Moved_Diff_State,Pct_Moved_Intl
101110,2.6,3.3,0.7,0
101122,4.5,5,0,0
101210,3.7,0,0,0
101220,5.4,0.3,0.5,1.6
101300,4.7,0,0.8,0
101400,2.9,1.7,0,0.2
102103,3.8,0,0,0
102104,7.3,1.4,0.5,0.2
102105,1.8,0,0,0.5
102107,6.4,1.7,0,1
103101,4.6,0.8,0.2,0.7
103102,6.8,0.4,0.2,0.8
103200,4.4,0.1,0.5,0
103300,4.4,0,0,1.1
103400,2.9,0.5,0,0
104103,1.6,0.5,0.9,0.2
104105,4.9,0,0.3,1.7
104108,11.1,0.4,0.2,0
104124,10.6,0.7,0.6,0.3
104201,3.2,0.8,0,0.5
104203,9.1,0,0,0.2
104204,4,1.2,0,0.3
104310,3.7,0.6,0.3,0.7
104320,4.4,0.9,0.2,0.6
104401,3.8,0,0.2,0.3
104403,1.9,0.8,0,0.7
104404,7.7,0,0,0
104500,7.4,0.2,0.2,0
104610,1.2,0,0,0
104620,10,0.5,0,0.1
104701,3.3,0,0,0
104703,15.8,1,0,2.5
104704,9.7,0.4,0,0.3
104810,8.1,0.5,0,0.1
104821,3.6,0,0,0
104822,6,0,0,1.1
106010,11.5,0.1,0.3,0.2
106020,4,0,0.4,0.4
106111,4.9,1.7,0.5,0
106112,5.3,0.1,0.2,0
106113,6.8,0.1,0.1,0.6
106114,4.9,1.1,0.3,0.2
106403,1.2,0.3,0,0
106405,8.9,1,2.1,0
106406,6.4,1.2,1.1,0.3
106407,8.5,1.1,0,0
106408,17.5,0,0,0.7
106510,11.8,1.6,0.7,0
106520,5.2,0.1,0.1,0.3
106603,5.2,0.5,0.3,0.7
106604,2.4,0,0.4,0.4
106641,6.4,0.5,0.4,1
106642,2.8,0.3,0.5,0
106643,3.5,0,0,0
106645,4.6,0.4,0.5,0.5
106646,7.7,0.6,0,0.2
106648,8.1,0.2,0,0
106649,3.6,0.3,0.2,0.3
107010,2.9,0,0.4,0.4
107020,6.5,0,0,0
108101,8.9,0.6,0,0.3
108102,7.4,2.5,0,2.3
108103,3.8,0.8,0,0.4
108104,1.9,0.3,4.1,0
108201,6.4,1.8,0.5,0
108202,9.5,2.3,1.1,0.9
109100,5.6,0.1,0,0
109200,12.3,0.9,0,0.2
109300,6.6,0.6,0.1,0.2
109400,5.6,3.7,0,0
109500,5.8,0.6,0,0.3
109601,3.7,0,0.4,0.3
109603,8.5,0.7,1.4,0.4
109604,5.8,0,0.3,1.4
109700,6.2,0.2,0.9,0
109800,9.5,0,0.3,0.3
111100,5.6,0.3,0.8,1.1
111201,6,0,0.4,0
111202,9,0.2,0.9,0
111204,5.6,0.3,1.6,0.7
111205,13.8,0.2,0,0.2
111206,5.7,0.5,0,0.1
111301,15.1,0.8,0.8,0.6
111302,8.1,0.4,0.6,0.4
111400,11.3,0.3,1,0.2
113101,4.7,0.5,0,0
113102,5.4,3.2,1.1,0
113211,7.9,0,0.3,0
113212,9.4,0.1,0.1,0.7
113213,6.3,1.2,0.2,0.5
113231,8.8,1.4,0.4,0
113232,8.6,0,1.6,0
113233,9.9,5.9,1.4,0.9
113234,4.5,2.7,0.2,0.7
113235,15.3,3.4,0,0
113237,10.4,0,0,0
113301,11,0.8,1.5,0
113303,7.9,1.3,0.2,0.6
113321,14.4,3.7,0.6,0
113322,3.2,0.7,0.6,0.9
113401,11.8,0.6,1.5,0.1
113421,12.8,1.5,0.4,1.1
113422,13.7,1.4,1,0.2
115101,6.9,0.4,0,0.3
115103,29.8,17.2,4.5,4.7
115104,20.4,4.9,2.6,0.2
115201,14.4,0.8,0.9,1.2
115202,12.6,2.4,0.8,0.4
115301,10.2,1.3,0.9,0.4
115302,8.4,0.8,0,0.8
115401,8.9,0.2,0.9,0.9
115403,14.3,0.1,0.4,0.8
115404,8.3,0.2,0.2,0.5
117101,12.3,0,0.4,0.5
117102,4.5,1.9,0,0
117201,11.4,0.7,0.6,0
117202,10.8,0.3,0.2,1.7
117301,4.6,0.3,0.3,0.3
117302,11,0,0,1.9
117303,2.2,0.1,0,0.6
117404,12.3,1.2,0.3,0.7
117405,15.6,0.5,0.5,1.8
117407,12.3,0.6,0,1.7
117408,12.9,0,0,0.4
117510,8.7,0.4,0.4,0.8
117520,14.7,1.9,0.8,1
117530,7.8,0.3,0.8,0.3
119001,7,0.4,0,0.2
119002,8.2,0.2,0,0.1
119201,4.4,0,0,0.2
119202,11.3,0,0.3,0.4
119310,10.3,0.8,4.6,1.3
119320,16.5,0.8,0.5,0.2
119340,13.5,0,0,0.2
119341,8.2,0,0,0.3
119342,7.5,0.3,0.2,1.1
119400,2.7,0.6,1.6,0
119700,3.2,0,0,1.5
119800,4.7,0.4,0.8,0
119900,9.9,1,0,0
120010,9.2,0,0.2,0.4
120020,7.7,0,0,1.2
120030,8.1,0,0,1.3
120103,14.7,0.2,0.3,0
120104,16.8,0.6,1.1,0.8
120105,11.9,1.3,0.4,1.3
120106,6,0,0,0.9
120107,10,0.3,2.1,0.9
120108,9.1,0,0,0
120300,3.9,1.2,0.5,0
120400,9.9,0.5,0,0.5
121010,2.1,0,0,0
121020,3.4,0.5,0.4,0.6
121101,7,0.4,0,0.5
121102,6,0.3,0.5,1.2
121210,2.6,0.6,0,0.5
121221,7.2,0.1,0,0
121222,6.4,0,0,0
121600,4.1,0,0,0
121801,9.6,0,4,0.5
121802,14.1,1.7,0.8,0.2
121900,1.5,0.7,0,0.9
122000,3.2,0,0.8,0.1
122120,1.3,0,1.1,0.2
122121,5.1,0,0.4,0.4
122122,4.5,0,0,0
122200,3.3,0,0.6,0
122410,4,0.7,3.4,0
122420,2.1,0.2,1.4,0
123010,4.9,1.4,0.3,0.2
123020,4,0,0,0
123103,9.5,0,0.7,0.4
123104,8,0.1,0,0.1
123203,5.9,0.1,0.3,0
123204,6.2,0,0.2,0.7
123205,3.8,0.5,0.7,0
123206,4.6,0,0.1,0
123301,8.7,0.2,2.2,0
123303,3.7,1.1,0.1,2.3
123304,1.3,0,0.5,1.1
123410,7.7,0.5,0.5,1.5
123420,5.3,0,0.5,0
123510,8.9,0.1,1.1,0.4
123520,6.2,0,1.2,1
123601,11.3,0.5,1,0
123602,4.2,0.3,0,0.3
123700,3.6,0.4,1.8,2.1
123800,3.7,2.8,0.5,0.5
123901,3.4,0,1,0.2
123902,19.2,0.6,3.2,0.5
124000,7.4,4.5,2.7,0.4
124102,12.5,1.8,0.1,3.5
124103,1.4,0,0,0
124104,4.3,0.2,0.8,1
124105,6.2,0.7,1.9,0.3
124201,4.3,0,0,0
124203,7.9,0.2,0.1,0.9
124204,9.1,0.9,1.3,1.1
124300,9.4,1.2,1.5,0.2
124400,9.8,2.3,1.2,0.4
124500,5.9,0,4,0
124600,12.6,0.7,1.8,0
124700,10.7,4,2.1,0.3
124902,18.8,2.5,4.5,1.1
124903,11.1,1.4,2.6,0.6
125100,16.5,1.8,1.4,1.1
125200,7.7,0.3,1.8,0.5
125310,10.3,1,1.2,0.9
125320,16.3,3.8,2.8,0.4
125401,12.4,0.4,8.7,0
125402,9.5,2,5.4,0.6
125501,16.9,0.3,0.7,0.9
125502,11,3.1,1.5,0.8
125600,7.4,0.6,0.5,0.4
127102,11.5,0,0.1,0.5
127103,13.3,0.3,1.3,1.1
127104,10.5,0,0,0.6
127210,5.8,0.5,1.7,0.2
127220,15.2,0,0.7,0
127300,10.8,1.6,0.2,1.2
127400,9,0,0,2.7
127520,14,1.3,0,0.3
127603,8.5,0,0.9,1.5
127604,11,1.3,1.1,0.2
127605,9.3,0,0.3,0.6
127606,13.6,0,0,0
127711,17,0,0.8,0
127712,14.6,1.3,0.3,0.3
127803,11.5,0,1.1,1.6
127804,15.6,1.2,2.4,1.1
127805,10.2,0.4,0,0
127806,14.8,0,0.6,0
127910,7.6,0.6,0,0
127920,7.5,0.2,0,1.4
128101,1.7,0,0,0.3
128102,13,0,0.4,0.5
128210,7.9,0,1.1,0
128220,18.1,1.1,0.9,0.6
128302,8.6,0.6,0.3,1.8
128303,15.9,0,0,0
128400,10.3,1.3,2,0
128500,16.2,1.1,1.4,1.2
128601,10.2,1.1,3.1,0.7
128602,6.1,0.6,0.6,0.6
128702,16.6,0,0.9,0
128801,11.1,4.7,1.5,1
128802,10.6,3,0.2,0.3
128910,9.4,0.8,3.6,1.7
131010,6.7,0.2,0.4,0.7
131020,4.9,0,0.7,0.3
131100,6.8,0,0.1,0
131200,6.9,0.4,2.9,0
131300,10.5,0,1,0
131400,9,0.8,0.2,0.1
131600,4,0.7,0.5,0.2
131701,6.3,0.3,0.2,0.8
131702,10.6,0.6,0,0
131800,5.7,0.3,0.8,0.5
131900,2.1,0.4,0.7,0
132001,6.4,0.4,0.7,0
132002,6.4,0.3,1,0
132101,9,0,4.4,0.1
132102,10.6,0.6,2.1,1.3
132300,6,0,1,0
132501,9.5,1.2,0.2,0
132502,11.8,0.2,0.3,0.6
132700,5.9,0.5,0,0.5
132900,7.3,0,0.3,4.6
133000,4.2,0.3,0,0
133100,7.3,1.2,0.7,1.8
134001,4.8,0.5,0.3,0.4
134002,13.2,1,0.6,0.4
134101,4.6,0.2,0.2,0.5
134103,8,1.1,0,0
134104,7,0.7,0.4,0.9
134201,8.1,0,0.3,0
134302,3.7,0.6,0.5,0.1
134303,8.1,1.1,0.2,0.4
134304,8.6,1.1,0.5,1.2
134305,7.4,0.2,0.3,0.2
134306,7.8,0.4,1.9,0.7
134421,10.4,0.9,0.2,1.1
134422,6.1,0,0.6,0
134423,6.9,0.7,1.9,0
134424,3.8,0,0.3,0.6
134520,9,1,0.6,0.5
134521,9.2,0.1,0,0.2
134522,13.3,0.2,0.9,0
134710,11.2,2.3,0,1.8
134720,11.3,0,0.3,1
134800,3.8,0.6,0.8,0.4
134901,3.8,1.1,0,0
134903,22,1.5,1.4,2.5
134904,12.8,0.4,0.7,1.8
134905,27.8,6.6,2.8,1.1
135102,8.2,3.4,1,0.2
135111,4.8,0,0.1,0
135113,16.7,2.5,0.9,2.8
135114,22.5,3.5,3.1,4
135201,7.4,0.4,1,0.7
135202,6.3,0,1.1,0.2
135203,8.6,0.4,0.4,1.5
137000,9.7,0,0.7,0
137103,14.9,0.4,3.8,1
137104,2.3,0.7,0,0
137201,10.4,0,0,3.5
137301,7.6,0.4,1,0.3
137302,9.4,0,0.6,0.4
137401,8.5,0.5,0.7,0.5
137402,6.3,0.7,0.7,0
137501,19.3,4.3,3.8,1.7
137502,13.6,2.3,2.7,0.6
137504,10.1,0.8,1.5,0.2
138000,8.6,0.3,1.1,0.2
139001,10.2,0,1.5,0.2
139200,9.7,1.2,4.1,1
139301,6.1,0.2,1.1,0.4
139302,17.8,1.8,0.8,2.4
139303,17.1,0.6,1.2,1.3
139401,7.7,1.1,4,1.1
139402,6.6,0,0.2,0
139502,15.2,0,0,0.5
139503,17.1,1.4,0.5,0
139504,12.8,3.1,2.8,2.3
139600,7.5,0.2,3.7,0.7
139701,4.4,2.5,0,0.6
139702,4.5,0.3,0,1.1
139703,7.2,0.2,1,0.4
139801,1.4,0,1.1,0.6
139802,2,0.8,0.2,0.2
141101,15,1.4,5.8,1
141102,16.3,0.7,2.5,0
141201,15.7,3.5,3.7,0
141202,9.7,2.2,2.1,1.1
141302,13.3,4.2,4.3,0.5
141303,14.4,1.1,0.9,1.9
141304,13.5,0.3,1.5,0.3
141400,4.1,1.5,0.2,1
141500,7.2,1.3,0,0
141600,7.8,0.7,0.8,2.4
141700,3,1.3,1,0
143100,9.9,0.4,1.2,0
143200,15.7,4,3.4,0.3
143300,10.8,1.1,2.2,0.4
143400,8.1,1.4,2.5,0.3
143500,7.9,0.5,4.5,0.9
143602,9.5,0.4,2.7,0
143603,10.6,1,3.3,1.9
143604,15.5,4.6,14.7,4.4
143700,6.5,0.4,4.2,0.2
143800,14.6,1.9,1.2,0
143901,6.5,0.8,1.1,0
143902,8.2,0,1.8,0.4
181000,6.5,1.4,0,0.2
181300,3.7,0.6,0.2,0
181400,7.2,0.3,1.5,1.7
181500,4,0,0.3,0.3
181600,12.2,5.1,3.5,2.9
183101,5,0.1,0,1
183103,7.6,2,0.6,0
183104,2.4,0.3,0.6,0
183220,6.9,0.4,0,0
183221,8.4,0.6,0,1.7
183222,14.1,0,0.9,0.6
183300,6.5,0,1.8,0.9
183401,5.9,0.9,0.4,0.9
183402,11.3,1.3,0.9,0.2
183510,5.3,0,0,0
183520,10.1,0,0.7,0
183610,6.5,0.7,0,0.4
183620,10.9,0,0.4,0
183701,10,0.3,1.4,0.5
183702,15.8,0.6,0,0.5
183810,10.5,1.5,1.6,1
183820,12.1,0,0,1.2
185100,12.1,0,0.6,0
185202,11.1,0.8,0.2,0.4
185203,14.7,1.3,1.7,0.3
185204,6.9,2.3,0.3,0.3
185310,4.7,2,0.8,0
185320,2.5,1,0.2,0.4
186100,8.5,0.6,0.6,0.2
186201,7.9,0,0,0.8
186202,10.8,1.5,1.2,2.6
186203,8.3,2,0.9,0
186301,13.5,1.2,0.8,1.2
186302,5.7,0.3,0.9,1.1
186401,7.5,0.1,0.6,0.2
186403,6.6,0.7,0.7,0
186404,4.7,0.3,0.3,0.3
187101,3.6,0.5,0,0
187102,3.2,0.5,0,0.9
187200,2.5,0,0.4,0.1
187300,7.5,1,0.1,0.2
188100,9.6,1.7,0.5,1.6
188201,10.6,0.4,1.6,0.8
188202,8.4,2.7,3.6,0.4
188300,4.1,0,1.7,0
189101,13.1,0,2.6,0.4
189102,15.1,0.9,3.3,1.1
189201,14.4,0.9,5,0.8
189202,8.5,2.9,1.2,1.3
189300,3.8,0,1.3,1.5
189400,8.3,0.1,2.5,0.2
189500,7.9,1,3.8,3.1
189600,11.4,0.6,3.3,1.2
189701,11.8,1,2.6,1.8
189702,3.5,2.1,4,1.5
189800,12.2,1.2,4.1,0.8
189902,18.6,1,3.6,0.8
189903,14.6,2.1,7.4,0.9
189904,22.6,3,6.7,1.1
189905,12.6,1.7,7,0.9
190100,18.9,3.6,4.8,1.2
190201,12.6,5.3,6.3,7.7
190202,12.4,6.2,7.1,2.5
190301,8.4,2.7,2.8,0.8
190401,9.1,1.4,0.5,1.6
190402,17.9,0.4,2.2,0.7
190510,11.6,1.3,1.3,0.4
190520,13.8,1,0.5,0.7
190700,8,3.3,6.5,2.7
190801,12.2,1.2,3.8,0
190802,5.7,1.1,1.7,1.2
190901,8.2,0.4,2,0.4
190902,4.7,1.1,1.3,0
191000,14.3,1.1,4.5,0
191110,9.5,0,0.9,0
191120,11.9,0,0.7,1.4
191201,9.3,1.5,0.8,0.9
191203,7,0,1,0
191204,10,0.4,2.6,0.6
191301,5.1,0.3,2.1,0.3
191302,8.3,1,1.5,1.8
191410,7.1,1.9,1.5,0.1
191420,7.2,0.9,2.7,0.7
191500,12,0.3,0.3,0.3
191610,6.2,0,1.8,2
191620,10,0.7,1.6,0.5
191710,8.6,1.5,1,2.5
191720,6.5,0.4,1.2,0.7
191810,4,0.3,3.1,0.3
191820,7.1,1,1.5,0.2
191901,8,0.7,3.2,1.9
191902,10.5,3.9,1.4,0
192001,18.3,1.6,3.2,0.5
192002,16.8,1,4,1.8
192300,11.3,1,1.9,0.8
192410,8.7,0.2,3.5,2.2
192420,4,0.3,0.9,0
192510,3.6,0.6,1,0.9
192520,7.8,0.8,0,0.4
192610,8.4,0,0.2,0.2
192620,8.7,0.2,0.9,1.1
192700,13.9,2.8,0.8,2.9
194101,13,0,2.1,1.6
194102,5.2,0.6,2.9,0
194200,6.8,1.8,1.4,5.3
194300,19.3,0.5,3.3,0.7
194401,20.5,1.9,1.9,0.7
194402,12.8,4.8,5.1,0.3
194500,5.5,1,3.1,1.4
195100,8.6,2.4,1.4,0.5
195201,7,1.2,2.1,0.3
195202,5.2,0.6,2.8,0.2
195300,5.4,1.6,1.1,0.8
195400,6.3,1,0.5,0.4
195500,8.7,0.4,4.1,1.3
195600,12.8,1.4,0.8,0.7
195710,7.7,2.1,0.7,1.2
195720,11.9,1.6,0.6,0.5
195802,8,0.5,0.9,0
195803,11.2,0.6,2.8,0.7
195804,4.7,0.9,2.2,2.4
195901,11.7,1.3,2.6,0
195902,9.7,0.4,4.1,2.2
195903,14.3,0.3,0.8,0.8
197200,7,0.4,1.5,0.2
197300,6.1,0.5,2,0.2
197410,9.3,0.5,2,0.6
197420,9.4,2.2,1.4,0.6
197500,11,0.6,2.6,0.7
197600,13.3,0.5,1.5,0.8
197700,9.5,2.8,2,1.1
199000,12.6,0.2,0,2.3
199110,9.4,0.2,0.2,0
199120,13.3,0.2,0.4,1
199201,6.4,1.1,0,0
199202,8.9,0,0.4,0.2
199300,11.1,0.9,0.2,0
199400,12,0.7,0.3,0.8
199700,10.1,1.3,0.9,0
199800,5.1,0,0,0.2
199900,8.6,0,0.2,0.4
201110,7.2,0,0,0.9
201120,11.3,0,0.3,1.2
201200,6.5,1.7,0,0
201301,4.1,0.5,0,0
201302,19.6,0.8,0.4,0
201401,11,0.3,2.3,0.2
201402,3.3,0.7,0.4,0
201501,2.1,0.3,0.1,0
201503,8.7,0.5,0,0.3
201504,7.7,0,0,0
201601,6.4,0.8,0.9,0
201602,2.4,0.1,0,0
201700,10.5,8.4,1.7,0.6
203100,6,0.2,0.2,0.3
203200,8.2,0,0.4,0.8
203300,24.9,1.1,1.4,1.9
203500,12.8,0.8,0.8,0.4
203600,2.2,0.4,0.2,0
203710,15.7,0.7,0.3,0
203720,2.6,0.7,0,0
203800,6.5,0.8,0.2,0
203900,4.8,0,0.2,0.2
204110,4,0.2,0,0.3
204120,9.1,0,0,0
204200,6.2,0.3,0.8,0
204300,5.5,0.4,0.5,0.4
204410,6.4,0,0,0
204420,9.1,0.3,0.2,0.3
204600,8.9,0,1,1.7
204700,4.1,0,0.3,0.7
204810,6.7,0.3,0,1.5
204820,7.3,0,0,0
204910,8.4,0,0,0.3
204920,6.9,0.3,1.2,0
205110,8.4,0,0,0.9
205120,8.3,0.2,0,0.4
206010,3.7,1.3,0.4,0.7
206020,52.1,5.2,1.3,0.2
206031,16.9,1.8,4.8,0.9
206032,9.8,0,0.1,2.3
206050,9.7,0,0,0.3
206200,21.3,2.4,3.6,2.1
206300,37,2.6,4.1,0.7
207101,15.9,0.9,2.7,0.7
207102,11.4,1.5,0,0.9
207103,2.3,0.9,0.5,4.5
207301,12.9,2.4,3.4,2
207302,22.1,3,4.8,2.5
207400,34.6,11.7,3.9,7.6
207501,14.5,1.6,2.2,1.2
207502,10.3,2.4,3.7,1.6
207710,30.5,6.9,5.6,1.8
207900,29.8,8.8,3.8,1.8
208000,8.5,1.3,0.7,2
208301,8.6,0,0.2,0
208302,7.5,0,0.6,0.9
208401,4.5,0,0.2,0
208402,4.7,0.1,2,0
208501,8.6,0.3,2.1,1
208502,4.3,1.2,2,1.3
208610,10.8,0.4,1.3,0.2
208620,10,0.8,1.2,0.7
208710,7.4,0.6,0.9,0.4
208720,6.4,0.2,1.2,2.3
208801,9.2,0.6,0.5,0.7
208802,19.9,0.5,2.1,1.1
208902,7.4,0.2,0.7,1.2
208903,12.6,0.5,0.7,1.4
208904,5,0.1,0.2,0
209102,5.7,0,0.5,1
209103,3.3,0.9,0.6,0.6
209104,13.3,0.6,0.2,0.8
209200,17.6,3.4,5.6,2.8
209300,16.5,2.4,3.2,3.3
209401,17.4,0.3,1.2,0
209402,12.9,0.2,0,1.6
209403,13.2,0,0,0.8
209510,12.2,0.2,1.5,2.4
209520,13.8,0.4,1.3,1.1
209810,12.4,0.2,1.5,0
209820,11,0.2,0.6,1
210010,6.7,0.3,0,0.5
211000,7.3,0.6,1.3,0.7
211120,12.8,0.5,3.3,1.2
211121,10.4,0.8,1,1.6
211122,8.4,2.3,0.8,4.4
211201,11.5,0.2,0.8,0
211202,5.6,0.7,1.1,0.6
211310,7.4,0.4,2.5,1.1
211320,4.8,0.3,1.2,2.5
211410,4.5,1.3,1,1.1
211420,9.3,1.1,1.6,1.2
211500,9.7,0.9,1.7,0.8
211701,9.1,0.5,1.8,0
211703,3.4,1.1,1.7,0
211704,5.9,3.9,3.9,0.8
211802,8.5,1.9,0.2,0
211803,8.2,0,1.9,0.2
211804,6.4,1.3,0.3,0.6
211910,8.1,0.5,2.5,0
211921,8.2,0.8,3.8,0
211922,12.8,0.4,1.3,2.6
212101,11.5,1.2,2.7,0.7
212102,13.8,1.9,0.7,1.5
212202,7.3,0.3,0,1.2
212203,7.4,1,2.3,1.1
212204,9.3,2.4,2.5,0.2
212303,10.1,1.9,0.7,1.6
212304,8.4,1.3,3.2,0.3
212305,13,2.5,0.7,2.1
212306,12.9,0,0.7,0
212410,5.8,1.4,0.4,2
212420,2.9,1.3,2,0.2
212501,10.5,1.1,3.1,0
212502,16.8,2.2,2.4,0.7
212610,9.8,1,0,0.7
212620,8.7,1.5,2,3.1
212701,6.5,1,0.4,0.8
212702,8.7,2.3,0,0
212800,8.1,1.6,0.1,0
212900,7.5,0.2,1.2,0
213100,11.4,0.3,0.1,0.2
213201,6.8,0.4,0.3,0.6
213202,9.4,0.4,1.9,0.3
213310,13.4,0,0.6,0.4
213320,3.4,0.4,1.9,0
213401,5.8,0.8,0.8,1.7
213402,8.9,1.3,0.7,1
214000,1.8,0.3,0.8,0.3
214100,11.1,0.3,0.8,0
214400,17.8,0.9,3.5,2.1
214501,21.5,0.6,12.1,10.2
214502,16.4,4.2,10.3,4.1
214503,13.1,1,7,8.6
214600,20.6,1.1,1.3,0
214700,11.1,0.3,6.7,1.1
214800,14.4,0.7,5.3,1.5
214901,13.8,1.4,1.6,0.8
214902,24.3,1.3,1.9,2.4
215101,21.6,4.5,6.1,0.8
215102,23.8,1.4,4.8,0.4
216100,12.3,0.3,1.9,0.4
216200,13.7,1.2,2.1,2.3
216300,9.7,0.4,5.9,0.6
216401,10.6,3.1,3.1,1.9
216402,10,0.8,0.6,0.6
216700,10.7,1,1.1,0.8
216800,4.9,0.1,2.5,0.5
216900,7.7,1.1,0.7,0.9
217001,8.9,0,0.3,0.2
217002,9.7,0,0.7,1.1
217100,12.3,0.9,4.1,0.4
217200,7.5,0.5,3.4,1.9
218110,8.6,0,0,0
218120,7.2,2.1,1.4,2.4
218210,12.4,0,2,0
218220,6.5,1.1,0.7,0.2
218300,4.8,2.6,0.9,0
218400,5.6,1,0,0.6
218500,5.1,0,0,0.4
218600,7.2,1.6,0.9,0
218701,9.2,0,0.3,1.3
218702,5.3,1,0.7,0.3
218800,5.2,0.4,0.6,0.8
218900,6.9,0.2,2.5,0
219010,5.1,0.4,0.4,0.2
219020,8.1,0.3,2.5,0
219300,6,1.9,2.5,0.2
219500,3,0.8,0,0
219700,9.1,0.8,0.2,0
219800,4.8,0.2,0.2,1.4
219901,6.9,0.2,0.4,0
219902,3,0.9,1.4,0
220000,4.8,3.6,0.3,0
220100,4.3,0.9,0,0.4
221110,6.4,0,0,0
221120,3.5,0,0,0.3
221210,3.5,0.1,0.1,0.2
221220,9.8,0.5,0.4,0
221302,8.5,0.3,0.2,0.3
221303,13.2,0.8,1.2,0
221304,3.9,0.4,0,0
221401,10.8,0.2,0.1,0.1
221402,8.4,1,0.8,1.3
221500,6.7,0.4,0.8,0.1
221601,10.2,0.4,0.2,0.3
221602,9.9,0.1,0,0
221710,7.8,0.6,0.6,3.8
221810,20.8,1.7,2.9,2.8
221820,14.1,3,5.3,24.9
221900,17.3,2.3,4.4,8.4
222001,3.9,0.2,0,0.1
222002,5.2,0,0.2,0.6
222100,9.2,0.3,0,1.9
222200,2.5,1,1.6,0
222500,4,0.3,0.3,0
222600,12.1,0.6,1.8,3.2
222700,15.9,11,15.2,7.6
224010,17.3,2,4,0
224020,8.6,1.2,0.8,0.3
224200,9.3,0.3,0.2,0.2
224310,7,0,0.3,1.6
224320,7.8,0.2,0,0.6
224410,16.1,1,2,7.1
224420,6.7,0.6,0.7,0.8
224600,7.1,1.8,0.4,0.8
224700,27.3,8.8,6.6,9.3
226001,4,0,0,0.5
226002,22.1,3.8,5.1,0.3
226410,9.6,0.2,0.6,0.7
226420,7.3,0,0,0.4
226700,7.5,0,0.4,0
227010,3.6,0,0.5,0.2
227020,3.4,0.3,0.4,0
228100,6.3,0.3,0,0.8
228210,4.4,0.3,0.5,0.5
228220,9.9,0,0,0.6
228310,6.6,0.4,0,0.6
228320,7.8,0,0.6,0.3
228410,4.1,0,0.3,1.4
228420,8.7,0.3,0,2
228500,8.9,0,0.6,0
228600,5.7,0,1.8,0.5
228710,7.1,0,0.3,0.8
228720,14.4,1,1,0.9
228800,6.5,0,0,0.1
228900,1.5,0.3,0.1,0
229100,4.4,0.2,0,0.1
229200,4.2,0.6,0.4,0.8
229300,8.8,0.3,0,0
229410,4.3,0.3,0,0.3
229420,11,0,0,0.5
231100,15.1,3.9,0.4,1.5
231210,2.2,0,0.2,0
231220,5.1,0.2,0,0.3
231300,7.3,0.4,0.8,0
231400,11.9,0.3,0.4,0
231500,10.8,0,0,0.2
231600,8.8,0.2,0.4,0.2
231710,5.5,0.1,1.1,0
231720,4.7,0,1.9,0.8
231800,4.2,0,0,0.3
231900,6.5,0.1,0.3,0
232110,4.5,0.7,0.4,0.8
232120,12.1,0.3,0,1.3
232200,6.4,0.6,0.6,0
232300,2.9,0.3,0,1.2
232400,8.6,0.7,0.1,0
232500,9.1,0,0,0.8
232600,5.9,0,0,0
232700,3.3,1.7,0.2,0.1
232800,8.6,0,0.7,0.9
234000,11.3,1.4,0,0.3
234200,5.8,0,0.4,0.5
234300,5.6,1.4,0.6,0.5
234501,7.2,0.3,0.3,0.4
234502,7.5,0.1,0,0.2
234600,8.4,0.2,0,0.7
234700,11.5,1.8,0,0
234800,3.4,2,0.7,0.6
234901,12.7,0,0,0
234902,10.4,0.4,0.7,0
235100,6.3,0.1,0.2,0.3
235201,9.4,0,0.2,2
235202,11.4,0,0,0
236000,5.6,0.3,1.8,0
236100,9.6,0.6,0.6,0.4
236202,8.2,0.3,1.9,0
236203,10.2,0,0,0
236204,18.2,0.2,0,0
236400,7.8,0.6,0.2,0
237101,5.4,0,0.1,0.4
237102,7.6,0,0,0
237201,4.9,0.1,0.6,1.7
237202,3,0.3,0,1.2
237300,5.3,0,0.1,0.1
237401,6.2,0.3,0,0.6
237402,6.9,0,0,0
237500,6.4,0.3,0,0
237600,8.5,0,1.5,0
237710,9.1,0,0,0.8
237720,12.1,2.7,0,0
237800,8.2,0,0,0.9
237900,13.3,0.2,0.6,0
238000,7.7,0,0.2,0
238100,13.5,1.9,1.7,0
238200,5.6,0,0.4,1
238310,14.4,0.4,0,0
238320,5,0,3.5,0
238400,6.3,0,1.3,1.6
239201,9.7,0,2.1,1.1
239202,11.9,0.6,0,0
239310,11.2,0,0,0.6
239320,11.4,0,0.1,0.7
239330,9.6,0,0.5,0
239501,9.5,0,0,0
239502,9.5,0.3,0,0
239601,5.6,0.7,0.2,0.2
239602,10.2,0.2,0,0.9
239701,8.5,0,0.9,0.3
239702,12.8,0.8,0.4,0
239801,15.6,3,0,0.4
239802,9.7,0.3,0.3,0
240010,11.2,0,0.4,1.5
240020,9.8,0.5,0.5,0.5
240200,5.4,0.4,0,0
240300,15.7,1.9,0.1,0.5
240401,3.5,0,0,0
240402,6.9,0.5,0.8,0
240500,19.4,0.3,0.5,0
240600,10.6,0,0,0
240700,9.2,0,0.3,0
240800,9.2,0,0.7,0.4
240900,3.6,0,0,0
241001,6.6,0,0.4,0.9
241002,4.5,0,0.6,0
241110,15.3,0,0,0
241120,17.1,0.5,0,1.2
241201,8.4,0.9,0.6,0
241202,12,0.9,0.7,0
241300,3.2,0,0.3,0
241400,13.6,0.1,2.2,0
242000,9.9,1.5,0,0
242100,8.3,0.3,0.3,0
242200,12,0.1,1.2,0
242300,7,0,0,1.1
242600,3.8,0,0.2,0.5
242700,5.9,0,0.3,2.4
243000,6.9,0.8,0.4,0
243100,5.4,0.1,0.4,0
261101,6.4,0.2,1.8,4.7
261102,8.3,0,1.6,3.2
261200,10.1,0.4,0.6,0
262100,4.3,0.6,0.1,0.8
262200,8,0.9,1.6,0
262301,12.9,2.6,4,0.8
262302,5.5,2.1,4.6,0.5
262303,7.5,0,2.1,0
262400,10.6,0,0.6,0
262501,8.4,0.4,0.2,0
262601,12.2,0.1,3.1,0.8
262604,14.8,0,0.3,0
262704,14.5,0.7,2.8,0
262706,4.3,1.3,2.1,0
262802,7.4,2.1,1.5,0.5
264000,11.1,0.2,2.5,0.1
264102,13.6,0.5,5.6,3.2
264103,10.8,4.4,4.2,0.9
264301,23.5,1.6,9.4,2.7
264302,9.8,0.8,2.5,0
265100,8.4,0.4,2.9,0
265201,15.6,9,3.8,3.7
265202,19.5,7.4,3.6,5.5
265301,49,30.8,7.8,8.8
265303,47.2,7.3,3,3.7
265304,48.1,8.8,1.9,6.9
265305,39.1,12.4,4.8,7.6
265410,8.5,0.1,5,6.5
265420,13.7,3.4,1.5,0.8
265510,19,6.3,1.5,12.3
265520,17.8,4.3,4.5,3.8
265601,14.8,0.7,3.9,5.3
265602,11.6,4.2,1.9,1.2
265700,7.9,1.4,0.9,0.2
267100,7.5,1.1,3,0.6
267200,15.2,1.3,3.3,2.2
267300,14.7,1.2,3.7,1.4
267402,15.1,2.4,0.9,1.4
267403,15.1,3.6,2.7,1.7
267404,14.4,3.2,4.7,3.1
267501,9.1,0.4,2.8,3.5
267502,24.4,2.4,0.6,0.3
267600,6.4,2.8,0.8,0.6
267700,10.7,3.8,3.4,1.4
267800,7.9,2.3,1.8,0.7
267901,9.9,0.4,2.3,0.4
267902,13,2,0.7,0.6
269000,6.8,0.5,2.3,1
269100,7.7,1.4,2.6,1.1
269300,2.9,0.6,1.3,0.8
269500,5,0.2,0.8,0
269601,15.2,0.2,0.3,0.3
269602,8.5,1.1,1.9,0.6
269700,8.5,0.6,1.2,0
269800,16.2,0.7,2.2,3
269903,9.8,2.1,4.9,1.7
269904,14.2,4.3,3.2,2
269905,7.7,4.3,2.8,1.2
269906,9.7,1.5,3,1.6
269907,8.2,1.3,1.9,2.4
270100,7.8,1.6,1.7,3
270200,5.3,1,1,0.3
270300,5,0,1.1,0.2
271100,6.4,1.6,2.3,0.3
271200,11.2,0.6,2.2,0
271300,14.4,1.8,2.5,0
271400,4.6,0.4,1.1,0
271500,10.6,1,2.1,0.5
271600,16.9,4.3,1.7,5
271701,6.6,2.7,7.5,0
271702,16.4,0.6,3.9,6.2
271801,10.8,1.8,1.8,1.4
271802,5.8,0.2,2.7,0
271901,8.8,2.6,2.1,2.4
271902,9.3,1,1.4,1.1
272100,14.1,0.5,1.9,0.2
272201,19,1.3,2.1,0.6
272202,7.8,0.6,2.7,0.6
272301,14.5,0.3,1.6,2.2
272302,8.4,1.3,2.5,1.3
273100,8.8,1,2.1,0.3
273200,12.8,0.3,1.9,0.2
273300,10.2,0,3.2,0.4
273402,11.6,0.6,2.2,1.5
273502,11.1,2.8,6.7,1.6
273600,10.2,0.8,4.1,3.1
273700,6.9,0.9,2.1,0.2
273800,14.3,0,1.6,0.3
273902,12.6,0,6.5,2.4
274100,17.4,1.7,4.8,4.8
274202,4.9,2.5,5.8,0.3
275101,5.6,0.6,1.7,0.4
275102,4.2,0.5,0.8,0.9
275200,10.3,1.2,1.3,1.9
275302,16.8,0.8,1.4,1.5
275311,11.4,3.8,1.9,0.9
275400,10.7,2.5,6.6,0.7
275500,7.8,0.2,0.8,1
275602,16.3,7,4.5,1.6
275603,8.5,0.7,0.6,3.2
276000,9.4,0,0.7,0
276100,14.1,4.3,3.6,0.5
276400,11.7,0.3,0.6,0.3
276500,21.8,9.5,6,3.9
276601,10.5,1.4,1.4,0.3
276603,17.9,4.9,1.4,0.4
276604,13,2.4,3.7,0.8
277000,4.5,0.4,0,0
277100,5.6,0,2.1,0.7
277200,23.2,4.6,1.7,1.1
277400,17.8,0,0.4,0
278001,15.2,1.1,0.9,0.7
278102,9.5,0.5,4.7,1.3
291110,5.2,0,0,0
291120,1.8,1.1,0.3,0.6
291130,5.3,0.9,0,0
291210,10.9,0.7,1.4,0
291220,12.7,0,0.5,0
291300,7.9,0,0,0
292000,7,1,0.2,3.6
293201,11.2,0.3,1.8,0.4
293202,12.6,0.9,0,0.4
293301,3.4,1.3,0.3,0.6
293302,9.3,0,1.1,1.2
293304,5.3,1.3,2,0.7
293306,10.5,0.5,0,0.4
293307,6.8,0.3,0,1.1
294110,4.1,0.9,0,0
294120,16.5,0,1,0.4
294200,8,0.6,0.6,0
294301,1.9,0.5,0,0.3
294302,5.8,0,0.3,0
294410,18.6,0.4,0,1.4
294421,10.8,0.7,1.3,0
294510,3.8,0,0,0
294520,7,0.4,0.2,0
294610,9.9,0.5,0,1.1
294620,2.9,0.3,1,0
294701,10.4,0.6,0.6,0.3
294810,6.9,0,0.8,0
294820,11.9,0.3,1.5,0.4
294830,4.9,0.5,0.2,0.7
294900,4.3,0,1.5,1.8
295103,8.7,0.8,0.6,0.7
296210,9.1,0,1.7,0.5
296220,6.9,1.4,1.2,0.2
296300,10.3,1.2,1.3,0
296401,6.6,3.4,0.3,0
296402,7.2,0,0,0
296500,5.9,0.4,0,0
296600,20.7,0.7,0.4,1.5
296901,8.3,4.8,0.5,0
296902,10.8,0,0,0.7
297000,15.4,1.8,0.7,0.3
297110,17.4,1.3,0.7,0
297120,14,0.4,0.8,0.4
297201,11.7,0.3,3.2,0
297202,6.6,1,1.1,0
297300,3.7,2.2,9.8,0.6
297400,2.5,0.8,1.7,0.6
297500,12.7,0,0.8,0.8
297601,12.1,4.7,2,0
297602,12.4,2.4,1,2.6
300100,2.5,1.2,0,0.7
300200,7,0.3,0.6,0.9
300301,8.3,1.1,0.2,0.3
300400,14.8,0.9,0.8,1.4
300501,7.7,1.8,0,0
300502,5.8,1.1,1.6,1.4
300600,8.1,3.6,0,0.2
300701,5.9,0,0.5,2.4
300702,4.4,0.2,0.8,1.4
300800,10.5,0.3,2,0.2
300901,6,0,1.5,0.3
300902,4.7,1.5,0,0.6
301000,12,0.7,0.3,0.5
301100,5.2,0.9,0.4,2.4
301203,12.8,0.9,1.6,2.2
301204,12.2,4.2,3.5,4.9
301205,4.4,1.5,0,0
301206,7.3,1,0.7,0
301300,4.4,0,1.6,0.8
301400,2.9,0.3,1.1,0
301501,0.8,0,0,0.4
301502,10,1.1,0.6,0.4
301601,9.9,0.4,0,1.7
301602,17.6,0.4,0.2,0
301701,6.2,0.2,0.5,0
301702,5.8,0,0.7,2.1
301801,8.3,1.2,1.6,0.9
301802,8,0.7,0.2,0
301900,10,0.4,1.9,3.5
302002,15.7,0.9,0.6,1.6
302003,4.7,0.2,0.6,2.7
302004,6.3,0.2,0.7,1.8
302102,8.1,1.1,1.7,0.4
302103,9.2,0.8,1.3,4.6
302104,15.3,3.5,2.6,1.6
302201,12.2,0.3,4.3,1
302202,6.1,0.2,0,2.7
302301,10.6,4.1,5.9,3.6
302302,5,1,1.2,2
302401,7.9,0,0.9,4.5
302503,7.5,0,0.4,2.3
302504,9.4,0,0.5,1.1
302505,4.3,0.5,0.8,0.4
302506,7.3,0.2,0.3,1.7
310100,4.7,0,1,0.4
310201,4.9,0.2,1.2,1.9
310202,4.2,2.1,1.5,2
310300,9.5,1.1,0,0
310400,10.3,1.5,0.3,3.2
310501,10.8,2.1,0.6,1
310601,11.6,0.4,1.6,2.1
310602,4.3,0.9,0.2,2.6
310701,12.8,2.1,0,5.4
310702,4.1,1.1,6.4,0
310703,8.2,1.8,1.2,0.7
310800,6.2,0.3,1.2,0.6
310900,9.1,0,0.6,0.6
311000,4.1,0.8,0,0
311100,3.4,0.6,0,0
311200,11,0.2,0.1,0.3
311300,4.3,0.3,0.6,0.6
311400,8.3,0.6,3,0
311500,8.3,0.8,3.6,1.9
311600,11.3,0.8,8.9,4
311700,6.2,0.8,4,0.8
311801,11.9,0.5,1,3.5
311802,6.9,0.3,0.3,1.1
320000,-,-,-,-
320100,3.3,1,2.8,0.2
320201,5.8,0.7,0.3,0
320202,5.9,0.2,0.3,0.9
320300,5.4,1.3,0.1,0
400204,4.7,1.9,0.7,0.8
400205,7.5,0.3,2.4,1.2
400206,3.6,2.2,0.9,0.4
400207,3.7,0.7,1.4,0
400302,7.7,2.3,0.2,0
400304,12.1,3.5,0.6,3.7
400402,3.3,1.4,2.6,0
400403,8.8,4.4,0.5,0.7
400404,14.7,0.3,1.1,0
400501,2,1.2,3.9,0
400602,8.1,0.9,0.7,0.3
400603,7.8,1.9,0,0.3
400604,2,1.5,0.3,0.1
400800,15,11.1,4.8,2.5
400900,14.1,0.4,0.3,0
401001,0,0.2,0.5,0
401002,7.2,2,1.8,1.5
401101,8.7,0.7,0.2,0
401102,13.1,5.9,0.7,0.3
401201,2.6,3.7,0,0
401202,8.3,2.3,0.1,0.1
401203,9.9,1,1.5,0
401303,6.9,0,0,0
401304,4.3,3.2,0,0.4
401311,11,3.7,1.2,0
401312,9.4,1.7,0.4,0
401500,10.4,4.5,0.3,1
401601,7.1,0.6,1.7,0.7
401602,13.1,2.6,2.3,0.2
401603,8,2.4,0.4,0
401701,6.3,1.6,1.3,0.5
401703,13.4,4.4,4.1,0.2
401704,8.2,4,2.1,0.9
401800,8.8,6.3,1,1.4
401901,16.2,13.1,9.8,2
401902,4.4,5.1,4.1,0
402001,5.7,8.4,1.4,0
402002,11.9,6.3,0.8,0
402101,11.1,5.5,0.3,0.2
402102,7.6,3.3,1.7,0
402200,13.5,3.4,2.5,0.4
402301,7.6,1.5,0.2,0
402303,7.8,4.6,0.5,0
402304,12.8,1.5,1.2,0.2
402402,13.8,5.5,1.4,0
402403,13.2,5.9,1.5,1.5
402404,21.2,33.7,4.2,3.8
402405,7.3,1.1,0,0
402406,5.6,2.8,0.7,0.1
402501,8.5,4,0,0.1
402502,12.4,3.3,0.2,0.6
402600,13,2.3,0.9,0
402702,13.7,5.7,2.8,2.2
402703,10.9,2.8,0.6,0
402705,5.5,1.3,0,0
402706,8.8,3.2,0,1.1
402801,17.5,0.8,0,0
402803,12.9,3.7,0.3,0
402804,9.7,4,0.4,1.3
402902,14.9,5.9,0,0.3
402903,8,3,0,1.4
402904,2.3,3,0,0.3
403000,6,1,0.2,0
403200,32,1.9,0,0
403303,7.7,0.2,0.3,4.6
403304,3.9,1.3,0.4,0.3
403305,7.3,2.6,5.9,1.8
403312,2.7,0.2,0.2,0.7
403316,8.2,4.7,1.2,0.4
403317,6.7,0.8,0,0
403318,7.1,2.3,0.3,1.1
403319,8.1,3.1,0.9,2.3
403320,7.3,0.6,0.6,1.2
403321,5.7,1.8,0.7,2.3
403322,5.7,2.5,0.4,0.6
403323,5.4,1.9,0.3,2.9
403324,4.5,1,1.4,0.6
403325,3.2,3.1,0.3,1.1
403401,9.7,4.4,0.2,0.2
403402,3.7,1.2,0.8,1.4
403403,4.3,2,0.7,0.6
403404,4.1,0.5,0,2.6
403405,3.1,0.4,2.5,0.8
403406,5,3.2,0.9,4.1
403407,2.7,0,0,1.1
403408,5,1.2,0.2,1
403500,11.2,2.8,0.9,0
403600,5.1,8.9,1.8,0.2
403702,3.8,2.9,0,0.1
403703,5.5,1.7,0,1
403721,4.3,0.6,0,0
403722,9.9,1.5,0.3,0.2
403801,10.1,0.5,0.4,0.4
403802,13,1.4,0.3,2.8
403901,11.2,0.9,0.2,0.7
403902,10.2,3.5,0,0.5
404000,8.5,1.9,0.5,2.5
404100,5.4,0.2,0.8,0
404201,4.7,0.8,0,0.3
404202,9.8,6.3,2.4,1.2
404301,8.9,0.4,0.2,0
404302,3.7,5.3,0.9,1.1
404401,2,0.8,0,0
404402,4.6,0.4,0,0
404501,6.1,1.5,0,0.5
404503,6,0.3,0,0
404504,5.4,0.1,1.7,0.3
404600,2.8,0,0,0.5
404701,3.6,0.1,0.3,0
404702,4.7,0.5,0.2,1.3
404703,5.3,1.5,0,0.2
404801,5.5,1.7,0.6,0.8
404802,15.5,1.2,0.1,0.2
404803,4.3,0.5,0,0
404901,5.2,0.2,0,0
404902,4.7,0.3,0.4,0.1
404903,7.1,1.8,0,0.4
405001,2.1,0.1,0,0.2
405002,1.5,0,0,0.8
405101,5.5,0.6,0,0.3
405102,8.2,0.7,0,0.5
405201,10.9,0.1,0.4,0.6
405202,3.1,2.1,0,0.3
405203,0.7,0.5,0,0.6
405301,9.6,2.6,0,0.3
405302,8.4,0.7,0.2,0.5
405400,6,0,1,0
405500,4,0.1,0,0
405600,5.2,0.4,0.3,0
405701,6.8,0.2,0.9,0
405702,15.3,0.8,0.3,0.2
405800,6.7,1.6,0.2,0.5
405900,6.9,4.3,0.6,0.6
406000,7.5,2.9,0.3,0
406101,11.6,5.3,0,0
406102,12.5,3.3,0,0
406200,11.2,1.8,0.2,2.9
406300,13.7,0.3,0.4,0.4
406402,4.9,0.1,0.6,1.2
406411,9.4,0.6,0.6,1
406412,1.7,1.9,0.4,0
406500,6.2,0.6,0.6,0.5
406601,4.4,0.4,0.3,0
406602,13,1,0,1.5
406701,4.6,1.7,0.6,0.7
406702,13,2.4,1.3,0.5
406800,4.8,1,0.8,0.6
406901,11.8,0.8,0.3,0
406902,9.1,0.4,1,0.5
407001,6.7,0.4,0,0
407002,4.3,1,0.2,0.4
407101,7.4,0,0,1
407102,10.4,0,0.1,0.3
407200,6.1,0.1,0.4,0
407301,5.8,0.3,0,0
407302,2.8,0.2,0,0
407400,5,0.3,1.4,2.9
407501,7.8,0.1,1.2,1.2
407502,7.3,0,0.3,0.4
407601,6.6,0.3,0,2.2
407602,5.2,1.4,0.1,2.2
407701,6.1,0.5,0.4,0.1
407702,2.6,0.1,0.3,0.8
407801,4.2,0.2,2.1,0
407802,2.8,1,0.1,0.6
407900,4.8,0,0,0
408003,11.2,1,0,0
408004,7.2,0.7,0,0.8
408005,16.4,1.6,1.5,0.6
408006,9.4,0.2,0,0.5
408133,12,1.6,2.1,0.6
408134,10.6,0.6,0,0.6
408135,11.1,0.2,0.5,2.5
408136,6.5,4.5,0.4,0.3
408137,16.7,2,1.1,0.8
408138,6.8,1.5,0.4,0.3
408139,7,0.3,0.2,0.3
408140,4.1,0.3,0,0
408141,5.5,0.3,0,1
408202,3.1,1.2,0,0.3
408211,9.5,2.4,0,2.7
408212,10.8,0,0,1.8
408301,1.4,0,0,0.4
408302,1.9,0,0,0.4
408303,4.8,3.6,1.6,0
408401,6,0.5,0,0
408402,7,0.3,0.2,0.3
408501,7.7,0,0,0.3
408503,1.9,0.4,0.7,0.5
408504,7.1,0.3,0.8,0
408505,1.9,0.6,0.8,0
408623,2.1,1.2,0,2.9
408624,2.6,0.1,0.3,0
408625,6.1,1.7,0,3.5
408626,12.7,0.9,0,7.5
408627,3.9,0,0,0.8
408628,7.2,1.7,0.4,1.6
408629,3.6,0.8,0.2,0.7
408630,6.1,0,0.7,0
408631,4.9,0.2,0.6,1.7
408703,3,1.9,0.2,1.2
408704,4.5,3.1,0,1.6
408705,2.3,0.7,0.2,3
408706,1.2,0,0,5.1
408722,5.4,0.4,0,4.9
408723,4.5,1.4,2.1,0.9
408724,15.9,1.5,0,0.9
408800,17.9,9.4,2.9,2.4
430002,8.8,1.1,0.2,0
430003,4.6,0.7,0.3,0.3
430101,10.9,0.1,0,0
430102,3.9,0.1,0.7,0
430200,3.4,1.4,5.2,1.7
430301,5.1,0.2,0.2,1.8
430302,5.1,0.8,0,0.5
430400,6.4,0.9,1.2,2
430501,6.1,0,0.4,0
430502,8.3,2.2,1.5,0.7
430600,6.6,0.9,0.6,1.6
430701,6.4,3.1,1.5,2.3
430721,3.7,0.4,2.1,1.8
430723,7.6,1.3,1.2,3.2
430724,8.1,0,0.1,2.1
430801,5.8,0.5,1.7,7
430802,12,0.8,1.3,0
430803,2.1,0.2,0.5,0.7
430901,6.9,1.3,0.2,1.2
430902,14.5,0.1,0.8,0.9
431001,10,0.8,0.2,0.8
431002,8.5,0.5,1.5,2.1
431100,7.8,0.4,0.4,0.8
431200,2.7,0.3,0.5,0
431300,9,2.1,1.6,0
431400,5.6,0,0.6,2.4
431501,7.7,4.4,0.2,2.5
431502,7.4,1.2,0,1.4
431600,2.7,0,0.3,1.2
431700,4.1,0.8,0,2.7
431800,5.7,1.6,0.4,3.1
431900,6.5,0.8,0.8,2.8
432000,3.2,0,0,0.3
432101,2.2,0.3,0.4,0.2
432102,2.5,1.4,0.9,1.9
432201,7.9,0,0.2,3.6
432202,7.9,0,0,0
432300,3.9,0,0.2,0
432401,5.6,0,0.3,2.3
432402,4.1,0.3,0.3,0
432500,5.6,0.4,0,0.2
432601,2.8,0.5,0,0.3
432602,2.7,0,0.3,0.2
432700,2.5,0.5,0,0
432801,2.1,0,0,0
432802,7.6,0,0,3
432901,5.4,0,0,0.2
432902,4.2,0.3,0,0.1
433101,2.9,0,0.2,0.4
433102,1.7,0,0.8,0
433200,7,0.5,0.2,0.3
433302,2.5,0.1,0,1.5
433304,4.8,1.8,0,0
433305,6.1,0.3,0,0.8
433306,3.4,0,0,0.7
433307,2.8,2,1.6,0
433401,2,0,0,0.5
433402,4.9,1,3.3,1
433403,3.6,0.3,0,1.6
433501,7.1,0,0,0
433503,6.9,0,0.2,0.5
433504,3.3,0.1,0.4,0
433601,3.2,0.5,0.2,0
433602,4.7,0,0.5,2.3
433700,6.8,0,0,0
433801,0.9,0.2,0,0.4
433802,6.9,1,0,0
433901,2.8,0.4,0.1,0.8
433902,2.5,0,0,0.4
434001,4.1,0.8,0,0
434003,2.9,0,0,1.1
434004,9.2,0,0,0
460000,6.6,0.6,0.4,1.3
460100,6.3,0,0.7,0
460200,3,0.4,1.1,0
460301,5.2,0.2,0.5,0
460302,7.5,1.2,0,0
460401,9,1,0.3,0
460501,5.3,0.9,0.3,1.5
460502,10.1,0.6,0.3,1.3
460600,6.5,0.4,2.5,0.4
460700,3,0.7,0.8,0.9
460800,2.8,0.3,1.9,0
460900,3.3,1.7,0.3,0.2
461000,2.9,0.4,0.6,0.4
461100,14.8,1.4,0.5,0.2
461200,3.5,0.5,0.2,0
461300,10.6,1.4,0.9,1.1
461400,12.8,0.3,0.6,0.9
461501,3.6,0.4,0,0.2
461502,12,0.7,1.3,0.3
461600,4.2,0.6,1.1,0
461700,10.8,0.3,1.3,0
461901,13.1,0.5,3.1,0.2
461902,15.7,5,5.6,1
462001,4.6,0.7,0.3,0.5
462002,5.6,0,0,0.5
462100,7.5,0.3,1.8,0
462201,9.6,2.1,2.1,0.8
462202,11.8,4.3,7.4,1.1
462301,8.7,0.5,4.2,0.5
462302,19.7,5.2,3,4.5
462400,6.2,0.3,1.4,0.5
462500,2.4,1.4,1.2,3.5
462600,2.6,0.8,1.2,0.6
462700,9.8,3.9,0.3,1.3
462800,7,0.6,1.6,1.9
462900,2.1,0,0.3,0.3
463000,12.6,2.5,1.3,0.2
463101,9.1,1.7,1.3,0
463102,2.1,0.9,0.9,3.3
463200,7.3,1.9,0.3,0.2
463300,14.1,0,1.1,0
463400,8.7,1.2,0.8,0.3
463500,24,4.2,5.7,4.4
463601,14.3,4.8,2,2
463602,19.7,4.1,6.7,7
463700,23.4,3.1,4.4,0.7
463800,5.8,1.5,2.2,1.8
463900,8,1.6,0.7,0.8
464000,2.6,0.7,2.6,5.8
464100,5.7,0.1,1.4,0.6
464200,4.6,0.2,0,1.5
480002,7.9,0.3,1.4,1.3
480011,6.8,1.2,0.7,2
480012,4.9,0.4,0.9,1.9
480101,2.4,1,0,2.1
480102,3.2,0.6,1.1,1.7
480201,4.5,0.3,1.1,0.9
480202,5.7,0.5,1.5,1
480302,10.3,0.9,0,0.9
480303,11.5,1.7,1.1,5.3
480304,13.1,0.4,0.5,3.2
480400,6.4,0.3,0,1.7
480500,3.6,0.5,0.3,0.4
480600,11,1.4,1,2.9
480702,3.9,0,0.7,3
480703,7.7,0.8,2.8,0
480704,11.5,0.7,1.1,0.8
480802,2.2,0,0,0.4
480803,5,0.7,0.5,0
480804,7.5,0.7,0.1,1.1
480901,6,1.1,0.2,2.1
480902,14.3,0,0,0.6
480903,5.7,0,0.7,5.6
481001,15.8,0.2,0.5,1.1
481002,14.2,2.4,1.2,1.4
481101,9.4,1.2,0.8,2.5
481102,10,0.2,4.1,2.9
481103,3.9,0.6,0.4,1
481201,8.7,0.2,0.3,2
481202,6.4,0.3,0.1,1.1
481300,1,0.3,0,1.8
481401,4.3,0.3,0.3,2.7
481402,4.9,0.7,0.3,0.7
481500,7,2.1,0.3,2.3
481603,10.8,3.7,1.3,3.6
481604,9.1,0.6,0,1.7
481605,8.2,0.4,0,0
481606,6.2,1.1,1.2,0.6
481711,10,0.2,0,1.2
481712,4.9,0,0,1.3
481713,6.4,0.2,0,2.8
481714,8.2,0.6,0.8,2.5
481800,3.2,0.2,0,0.8
481901,6.1,0.9,0.2,1.5
481902,7.3,0.9,0,0.2
482001,1.7,0.8,0.8,1.6
482002,7.1,0,0.4,0.4
482101,5.3,0.2,0.2,1.1
482102,10.8,0.3,0.4,3.8
482201,5,0,0,2.4
482202,3.2,0.2,0.3,1
482301,2.5,0,0.3,3.1
482303,4.5,0.2,0,0.7
482304,3.5,0.2,0,1.6
482401,3,0,0.3,0.2
482402,3.5,0.1,0.4,1.7
482502,7,0.1,0.2,0.2
482503,2.6,0,0.1,0.5
482521,6.6,0.4,0,0.9
482522,8.1,2.6,0,0.3
482600,7.1,0,2.3,0.5
482701,2.1,1.2,0.3,0.2
482702,5.2,0.5,0.5,0.2
482800,4.9,0.3,0.2,0.8
500100,3.7,0.5,0.7,0.1
500201,4.8,0.9,0,0
500202,2.5,0.5,0.5,0.2
500300,2.2,0.8,0,0
500402,11,0,0.1,0.3
500403,2.6,0,1.4,0.8
500404,4.1,0.7,0.4,0.2
500500,12.5,0,0,1.4
500600,6.2,0.7,0,0
500700,6.6,1.5,0.2,0.3
500800,6.7,0.9,0.3,0.3
500900,11.8,0.2,0,0.9
501001,1.8,0.4,0.2,0
501002,4.5,0.2,0,0
501200,4.1,0.3,0.7,0
501300,3.9,0.2,1,1.9
501400,8.8,0.2,0,1.3
501501,5,0.6,0.2,0
501503,13.6,0.5,0.5,0
501504,9,0.8,0.2,0
501600,11,3.4,0.9,0.2
501700,3,0.1,0,0
501802,14.5,0.2,0.5,0
501803,7.9,1.7,0.6,0.3
501804,9.3,0.8,0.3,0
501900,4.9,0.8,0.2,0
502003,6.5,1.6,0,0
502004,3.1,0.1,0.1,0.7
502005,8,0.8,0.2,0.2
502100,9.4,1.1,0.6,0
502200,4,0.3,0.2,0.2
502301,8,0,0.4,0
502302,6.2,1.3,0,1
502401,3,0.2,0.3,0
502402,3.5,0.7,0,0.5
502500,5.3,0.3,0,0
502601,3.9,0.2,0.5,0.2
502602,6.1,0,0.2,0.5
502700,3,0.1,0.4,0
502801,8.7,0.5,0.6,0.2
502802,8,1.3,0,1.2
502901,3.2,1.4,0,0
502902,4.4,0.8,0,0
503000,4,0.4,0.1,0
503103,8.5,0,0,0.6
503104,1.6,0,0,0.2
503105,8.7,0.7,0.9,1
503106,6.6,0.2,0,0.5
503201,2.7,0.3,0.4,0.5
503202,5.5,0.1,0.1,0
503301,0.9,1.7,0.5,0.4
503302,10,0.2,0.1,0
503401,5.4,1.5,1.1,0
503402,8.8,2.7,0.5,0.1
503501,6.7,0.8,0.1,0
503502,3.7,6.6,0,0.2
503601,2.5,1,0.5,0
503602,2.8,1.2,0.2,0.7
503701,6.2,3.3,0.3,0
503702,6.3,2,0,0.3
503703,5,1.7,0.3,0.5
503801,3.9,7.5,0,0.7
503802,4.4,0.5,0.2,0.4
503901,0.9,0,0.2,0.2
503902,5.9,1,0.6,0.3
504001,11.5,6.6,2.6,0.6
504002,8.3,1.3,2,0
504101,4.2,1.4,0.3,0
504102,0,0,0,0
530003,3,0.5,0,0
530004,5.6,1.5,0.5,0.2
530005,1.4,1.3,1.6,0
530006,4.9,1.2,1.9,2.9
530101,6.8,0,0,0
530102,4.3,0.3,0.6,0
530202,1.3,0.6,0,1
530203,4.9,0,0,0.3
530204,13.5,0.3,2.3,0
530301,0.9,0,0.2,0
530302,4.2,0.8,0.4,0
530400,5.1,0,0,0
530500,4.1,0.5,0,0
530601,6.5,0.4,0.4,0
530602,3.6,0,0,0
530700,5,0.5,0,0
530801,4.5,0.2,0,0
530802,3,0.4,0,0.3
530901,4.9,0,0.1,0.2
530902,3.5,0,0,0.2
531000,2.9,0.2,0.2,0.4
531101,4.8,1.9,0.2,0
531102,5.3,0.5,0,0.9
531201,3.6,0,0,0
531202,11.7,0,0,0
531301,10.7,0.2,0.6,1.1
531302,1.4,0,0,0
531502,7.1,0.2,0,0
531503,2.4,0,0,0
531504,5.5,0,0,0
531602,9.3,0,0,0
531603,4.8,0,0,0
531604,5.2,0.5,0.2,0.6
531701,6.4,0.4,0,0
531702,2,0.9,0,0
531800,8.8,0.7,0,0
531901,2.2,0,0.3,0.8
531902,3.1,0.7,0.3,0.5
532001,3.2,4.9,0,0.4
532002,4.8,0.6,1.4,0.2
532101,7.1,0,0.8,0.4
532102,5.2,0,0,0
532200,3.9,0.3,0.2,1.4
532302,6,0.3,0,0.2
532303,6.7,0.2,1,0.7
532304,12,0.2,0.3,0.2
532400,1.7,0,0,0
532500,6.3,0,0.5,0.6
532603,11.2,0.2,0,0
532604,6.7,0,0.3,0
532605,5.9,0,0,0
532606,9.9,0,2.7,1.9
532700,6.9,0,2.8,0
532800,10,0,0.6,0.1
532900,6.3,0,0,0.9
533001,11.9,0,0,0.5
533002,8.6,0,0,0
533103,5.6,0.5,0,1
533104,9.9,0.5,0,0.2
533105,13.3,0,0,0.2
533106,7.1,1.4,0.9,0.4
533107,3.4,0.6,0.6,2.1
533201,4.9,0,0,0.3
533202,7.1,0.3,0,0
533203,3,0,0,1
533300,7.2,0.4,0,0
533401,6.1,0.5,0.3,0.7
533402,14.7,0,0,0
533403,4.2,0,0,0.1
533501,15.4,0,0,0.5
533502,8.2,0,0,0.8
533503,7.8,0,0,0
533601,5.3,1,0,0.7
533602,5.2,0,0,0
533603,14,1.6,0.1,0.2
533701,4.6,0.2,0.7,1.9
533702,1.6,0,0,0.7
533703,8.7,0,0.7,0.5
533803,8.1,0,0,0
533804,4.4,0,0,0
533805,2.5,0.3,0,1.3
533806,3.1,0,0.5,0
533901,9.9,0,0,1
533902,3.8,0.2,0.8,0
534001,13.8,0,0,0.2
534002,9.4,0.3,0,0.5
534101,8,0,0,0
534102,4.9,1.4,0,0
534201,5.7,0,0,0
534202,7,0.1,2.5,0.7
534203,5.3,0,0,0.1
534301,3.3,0.9,0,0.2
534302,3,0.4,0.9,0.6
534403,6.6,0.3,0,1.3
534404,3.4,0.2,0.2,0.8
534405,11.2,0,0.4,0.3
534406,7.5,1.5,0,0.4
534501,9.7,0.2,0.4,0.5
534502,2.1,0.4,0,0
534700,3.5,0.3,1.1,0
534802,6,0.2,0,0.6
534803,5.9,2.5,0,1
534804,4.8,0,0,0.4
534900,6.5,0.4,0,1.9
535001,10.4,0,0.5,0.1
535002,4.8,0,0.5,0
535101,5.2,0,0.5,0.8
535102,5.6,0.3,0,0
535200,5.2,0,0,0
535300,3.9,0,0,0
535400,4.6,0.3,0,0
535501,5,0,0,0.6
535502,18.6,0.3,0,0.5
535503,9.3,0.6,0,0
535603,6.6,0,0,0
535604,10.7,0,0.3,0.2
535605,7.1,0,0,2.3
535606,9.9,0.1,0,0
535607,7.4,0,0,0
535701,6.2,0.3,0.2,0.9
535702,2.8,0.7,0,0
535802,4.9,0.4,0,0.7
535803,4.7,0.3,0,0.2
535804,9.1,1.1,0,0.2
535901,8.1,0,0,0
535902,8.2,1.3,0,0.6
536000,4.6,0.3,0,0
536102,12.4,2.2,0,0
536103,4.9,0.5,0,0
536104,13.1,2.5,0,0.9
536200,6.8,0.6,0.3,0.2
540000,6,0.2,0,0
540101,3.3,0.9,0,0
540102,5.2,0.3,0.5,0.2
540201,9.3,0,0.7,0.3
540202,13,1.2,0,2.3
540203,6.1,0.8,0.1,0.5
540300,1,0,0,0
540400,6.1,0,0.2,0.4
540501,17.7,2.3,0.6,0
540502,13.1,0.5,0.6,0.8
540600,14.1,1.8,0,0
540700,6.5,0.3,0,0.3
540800,6.8,0.6,0.2,0
540901,10,0.1,0.7,0.7
540902,13.6,0.1,0,0
541001,3,0,0.9,0
541002,7.5,1,1.2,0.8
541100,1.6,1,0.6,0
541200,4.9,0.1,0.4,0.3
541300,6.6,1.3,0.5,0.4
541400,4.6,2,0.1,0
541500,5,0,0,0
541603,7,2.2,0,1.1
541604,8.1,0.1,0,0
541605,8.5,0.4,0,0
541606,4.8,0.5,0.5,0.4
541700,5.4,0,0,0.2
541801,9.8,0,0.4,0
541802,5.3,0.7,0,0
542000,2.4,0,0.6,0
542103,6.1,0.2,0.2,0
542104,7,1.2,0,0
542105,9.2,0,0,0.3
542106,4.4,0,0.1,1.7
542200,9.5,0,0,0.1
542401,1.8,2.9,1.5,0
542402,7.8,0,0,0.7
542501,12.3,0,0,0
542502,8.1,0,0.3,0
542601,4,0.1,0,0.3
542602,7.8,0.8,0,0.5
542700,8.7,0.6,0.6,0.3
542800,1.9,1,0,0
542900,3.3,0,0,0
543000,3,0.7,0.2,0
543100,5.1,0.4,0,0.3
543201,14.2,0.2,0.1,0.2
543202,10.3,0.9,0,0.2
543304,4.5,0.2,0.4,0
543305,9.3,0,0,0
543306,5.1,0.5,1,1.4
543321,3.5,0.3,0,0.3
543322,3.8,1.8,0.7,0.4
543400,6.1,0.1,0.5,0.3
543501,11.8,0.3,0.2,0
543502,3.7,0,0.5,0.5
543503,18.5,0,0.5,0
543601,9.9,0,0.2,0
543602,10.7,0.1,0.7,1.1
543603,3.2,2.2,0.6,0.4
543604,4.8,0,0,1.6
543701,3.6,0,1,0.5
543702,9.9,0.6,0.2,3.1
543703,6.9,0.6,0,1.2
543801,8.8,0.4,0.3,0.2
543802,8.7,0,0,1.1
543903,2.9,0.5,0,0.3
543905,11.6,0.5,0,0
544001,2,1.6,0.7,0.1
544002,5.4,0,1.1,0.1
550000,11.2,13,0.4,0.3
550100,4.1,0.1,0,0.2
550201,4.1,0.4,0,1
550202,2.2,2.3,0,0.4
550300,3.6,2,0.9,0.6
550400,7.3,0.5,0,0
550500,9.3,0.7,1.1,1.1
550601,9,0.1,0,0
550602,7.1,0.8,0,0
550700,6,1.1,0,0.6
550800,7.3,0,0,0
550901,8.4,0.5,1,0
550902,6.8,1.8,0.3,0.5
551000,4.3,0,0.1,1
551101,8.3,0.2,0.7,0.3
551102,10.6,1.7,0.6,0.2
551201,6.1,1,0,0.5
551202,9.7,0.5,0,0.5
551300,11.7,1.4,0,0
551401,3,4.7,0,1.6
551402,6.1,1.8,0,0.8
551501,5.2,0.4,0,0.4
551502,8.5,0.2,0,0
551600,61.3,0,0,0
551700,3.3,0,0.5,0.2
551800,9,0.2,0.2,1.1
551900,3.5,2.4,0.2,0.6
552001,3.4,1,0,0
552002,8,0.4,0.2,0.2
552100,6.7,1.1,0,0.3
552200,5,0.2,0.3,0.2
552301,8.6,0.5,1.2,0
552302,8.1,1.6,0,0
552400,3.2,1.6,0,0
552601,2.2,4.5,0,0
552602,3.7,0.5,0.3,0.9
552700,9.2,1.5,0,0
552800,10.3,0.7,0,0.5
552900,1.1,0.5,0,0.2
553000,1.5,0,0,0.3
553100,5.5,0.4,0,0.8
553200,4.2,1.9,0.6,0
553300,3.7,3.9,0,0.2
553400,4.5,0.3,0,0
553502,5.5,0.3,1.1,1.1
553503,5.2,0.2,0.5,0.6
553504,13.7,0,0,0
553601,9.4,0,0,0.3
553602,13,0.2,0,0.6
553701,7.4,0.1,0,0
553702,5.2,0,0,1.1
553801,6.7,3.2,0,0.2
553802,10.2,0.5,0.2,0.5
553901,6.9,0.3,0,0.4
553902,6.6,1.3,0.2,0.5
554001,2.7,0,0.3,0.7
554002,3.2,0.3,0.7,1.4
554101,6.8,0,0,0
554103,2.6,0,0,4.1
554104,4.8,0.8,0.2,0.2
554105,12.2,3.3,0.2,3.4
554201,8.3,0.3,0.4,1
554203,12.3,0.9,0.2,0
554204,8.3,0.3,0,0.8
554301,3.4,1.3,0.4,3.7
554302,10.4,1.3,0,0.2
554403,7,2.1,1,0
554404,7.3,1.2,0.5,0
554405,5.8,1.4,0,0
554406,5.2,2.9,1.5,0.5
554511,2.5,0.9,0,0.2
554512,6.5,1,0.2,0.7
554513,4.7,2.8,0.6,0.3
554514,2.9,0,0.5,1
554515,1.4,2.8,0.6,0.5
554516,2.9,0.9,1,0.9
554517,5.5,1.6,4.8,2.3
554518,1.8,2.1,1.4,0.2
554519,3.7,0.8,1.5,1.6
554521,8.1,1.2,0.1,0.8
554522,0.8,0.8,0.6,1.5
554600,0.7,0.5,0.3,0.4
554700,3.4,0.6,0.1,0.8
554801,4.3,0.1,0.2,0.5
554802,8.6,2,0.1,0.3
554900,4.1,0.7,2.6,0.3
555001,7.9,0.9,1.9,0.8
555002,11.1,3.6,0,0.2
555102,6.6,0.9,1.3,1.9
555103,11.5,3.3,0.4,0
555104,7.6,0,0,0.6
555202,1.5,2.2,0,0
555211,8.2,2.9,0,0
555212,5.8,1.2,0,0.6
570001,4.6,0.3,0.1,0.1
570002,6.5,0,0.4,0
570003,10,1.1,0.9,0.5
570100,8.9,0.3,0.3,0
570202,9.3,0,0,0
570203,11.2,1.4,1,0
570204,7.3,2,0,0
570301,11.5,1.5,0.2,0.8
570303,5.3,0,0,0.3
570304,11.3,1.1,0.7,1.6
570402,7.9,0.2,0.2,0.2
570403,4.8,0.4,0,0
570404,6.3,0.3,0.1,0.6
570501,16.7,0.3,0.3,0.4
570502,11.6,0.1,0.2,0.4
570601,6.4,1,0,0
570602,8.5,0.5,0,0
570603,11.9,0.6,0.2,0
570701,4.8,0.8,0,0.9
570702,6.5,1.1,0,0
570800,14.3,2.1,1.7,1
570901,3.3,0.7,0.3,0
570902,3.3,0,0,0
571000,5.5,0.6,0.2,0
571101,4.2,1.6,0.8,0.3
571102,10.5,0.2,0.3,0.2
571200,8.5,0.6,1.1,1
571300,2.2,1.3,1.3,0
571400,5.6,2.3,0.7,0
571502,8.1,1.7,2.3,0.2
571503,12.5,1.3,0,0
571504,10,0.3,1.7,0.5
571600,9.7,0,0,0
571701,11.5,0.9,1.2,0
571703,13.9,0.2,0.5,0
571704,7.5,1,0.4,0.3
571800,7.4,0.5,0.5,0.8
571900,8.6,1.3,0,0
572001,6.6,0.4,0.4,0.3
572002,9.7,1.6,1.3,0.2
572100,7.8,0,1.8,0
572201,4.9,0.6,0,1.5
572202,6.7,0.7,1,0
572301,12.3,0.1,0.8,0.8
572302,4.5,0.7,0.4,1.7
572400,11.1,0.6,0,0
572500,11,0,0,0.2
572600,12.5,2.4,0,0.6
572700,3.6,0,0.5,0
572800,18.3,4.4,1.8,0.5
572900,9,0.8,0,0.3
573002,11,0.7,0,1.8
573003,12.4,0.3,0.6,0.8
573004,17.2,0.5,2,0
573100,17.9,1.6,1.1,0.9
573201,6.1,0.5,0.2,0
573202,5.2,0.2,0.2,0.5
573300,5.4,0.2,0.2,0
573401,14,0,0,0
573402,7,1,0.3,0.2
573403,9.1,0.3,0,1.1
573601,3,0.9,0.2,0
573700,3.2,2.2,0.5,0
573800,2.2,1.2,2,1.1
573902,4,1.3,2.9,0
574000,4.4,1.6,0.6,1.3
574100,6.6,1,0,0
574201,2.4,3.1,0,1.2
574202,7.4,2.7,0.5,0.6
574300,12.5,3.9,0,0
574400,3.4,1.9,0,0.2
574500,3.6,2,0.7,0
574601,23.8,26.7,4,3.2
574602,9.6,0.6,0.5,0.6
574700,32.9,16.8,1.4,0
574800,4.7,2.4,2.9,2
574901,2.5,2.3,0,0.1
574902,14.5,6.3,1.9,6.9
575001,14.9,1.5,1.9,0.4
575002,6.9,2,0.5,0.6
575101,7.4,1.1,0.4,0.9
575102,6.3,0,0.6,0
575103,16.7,0.4,1,0
575201,9.6,0.3,0.6,0
575202,9.1,0.9,0,0.3
575300,10.6,0.3,0,0.9
575401,13.1,0.8,1.6,3.2
575402,16.2,0.2,0.4,1
575500,0,0,0,0
575801,10.5,0.8,0,0
575802,14.6,0.5,0.6,0.4
575803,8.7,0.5,0.6,0.4
575901,13,2.4,0.5,0.9
575902,20.5,6.4,0.9,0.3
576001,20.3,7.8,10.3,0
576200,14.4,2.7,1.6,1.1
576301,13.3,4,1.7,0.3
576302,7.6,0.7,0.1,0
576401,2.5,0,1.1,0.7
576402,8.9,1.7,0.3,0.5
576403,12.4,1.2,0.2,0
576501,11.1,2.4,0.9,0
576502,10,4.5,1.9,0.2
576503,11.4,1,2,0.3
576601,8.6,4.2,1.9,2.5
576602,13,7.7,6.1,0.2
576700,8.4,3.5,1.4,1
576801,10.8,0.4,1.6,0
576802,6.9,0.9,1.5,0.2
576901,5.4,1.5,0.9,0
576903,10.9,1.3,0.3,0
576904,7.8,2,0.3,0
577000,12.2,3.9,2.3,0.4
577100,10.4,5.5,0.7,0
577200,12.9,3.6,2.1,0
577300,14.9,6.8,3.9,0.7
577400,8.5,3.4,4,0.4
577501,6.1,1.5,1,0.7
577504,8.3,2,1.9,1
577602,6.6,5.7,1.2,1.6
577603,9.7,1.8,0.2,0.4
577604,14.1,1.7,1.3,0.3
599000,13.6,0,1.1,0
599100,3.7,7.9,1.8,0
600100,11.1,0.5,0.6,0.2
600201,14.2,1,0,0
600202,8.8,0.4,0.4,0
600302,4.5,0,0,0
600303,13,0,0,0
600304,7.2,0.3,0.2,0
600400,11.7,0.7,0,0
600501,8.2,0.5,0,1.5
600502,2.9,0.3,0.8,0
600601,10.2,0.3,0.2,0.2
600602,11.9,0.4,0.8,0.5
600702,5.8,0.6,1.2,0
600703,3.8,0.8,0,0
600704,5.5,1,0.3,0
600801,1.2,0,0,0
600802,11.2,1.5,0,0.3
600902,10.9,0.6,0,0.3
600911,9.7,0,0,0.4
600912,7.9,0.2,0,0
601001,6.5,0,0,0.1
601002,15.9,0,0,0
601100,18.2,0.9,0.4,1.6
601202,9.2,0.4,0.2,0
601211,4.7,2.3,1.7,0
601212,9.6,0,0,0.7
601301,11.9,1.1,0.2,0.3
601302,18.4,2.3,2,0.2
601303,9.4,0.3,1,0
601401,8.5,1,0.9,0.1
601402,3.1,0.3,0.2,0
601501,13.4,0,0.2,0
601502,7.7,1,0.2,0
601600,12,0,0,0
601700,6,0,0,0
601801,9.5,0,0,0
601802,6.7,0.4,0,0.5
601900,5.7,0,0.5,0.4
602002,10.2,0,0,0.3
602003,14,0,0,0
602004,4.2,0,0,0
602103,10,0,0.3,0
602104,15.6,0.2,0,0
602105,7,0,0,0.2
602106,9.9,0,0.9,0.8
602200,17.7,0,2.2,1
602301,7.6,0.3,0.3,0.4
602302,11.3,0,1.8,0
602402,13.8,0,0.7,0.2
602403,6.9,0.3,0.3,1.9
602404,15.4,0.4,0.1,0.6
602504,15.4,2.9,1.1,3.1
602505,14.9,1.1,0.5,0.6
602506,11.3,0.5,0,0.4
602507,10.7,0.9,2,0.4
602508,12.1,1.2,1.9,2.5
602509,12.9,0.2,1.6,0
602600,6.8,0.8,0,0.7
602700,4.2,0.7,0.7,0
602801,5.5,0.4,0.7,0
602802,3.4,0.6,1.6,0.2
602900,10.5,1,0,0.6
603001,6.8,0.6,0.3,0.7
603004,6.2,0,0.6,2.7
603005,11.2,0,3.1,0.7
603006,16,0,0,1.5
603101,18.1,0.2,0.6,0.4
603102,6.2,0,0.6,0
603200,6.2,1.3,3.4,0.8
603301,12.2,0.2,1,1
603302,5.4,0.2,0,0.8
603400,5.1,0,0.2,0.2
603500,6.2,0.1,0.3,0.2
603600,9.2,0.7,0.2,0.2
603702,4.1,0.6,1.3,0.2
603703,5.6,0,0.1,0.6
603704,14.5,0,1.4,0
603801,14.2,0.2,1,0
603802,5.8,0.9,0,0.5
603900,7.6,0,0.2,0
604001,8.6,0.5,0.2,0.2
604002,12.1,1.2,0.7,0.2
604100,5.8,0,0.9,0.4
609900,10.2,2.3,0.2,0
620001,6.4,1.5,2,0.5
620002,10.3,3.4,3.8,1.8
620101,2.8,0.6,0.6,0.9
620102,9.9,3.6,3,0
620201,15.9,1.4,0.9,0
620301,8,1.9,0,0
620303,5.7,0,2.7,0.2
620305,8.7,0.3,1.2,0
620400,9.9,0.4,2.1,0
620501,15.1,0.9,1.6,2
620521,8.9,0.8,1.8,0
620522,9.3,0.4,3.5,1.6
620601,10,1.1,2.4,0.3
620602,9.3,1.5,1.7,0.2
620701,10.2,0.7,2.7,0
620702,8.9,1.4,3.4,0
620800,7.1,1.2,1.4,0.6
620901,3.6,0.2,2.8,2.1
620904,9.9,3.6,3.4,2.1
621001,10.4,1.6,2,0
621002,6.3,0.5,2,0.5
621004,10.4,0.4,3.2,0
621102,9.9,1.4,3.4,0
621104,19.5,2.4,10.7,0.6
621201,12.1,0.5,2.6,0.6
621204,15.9,3.7,7.1,3.5
621301,9.3,0.7,2.7,0.3
621324,8.4,0.7,9.3,2
621326,8.8,2.6,2.8,1.2
621400,7.4,1.2,2.1,2.6
650001,1.8,0.2,4.2,2.1
650003,11.7,1.4,1.1,0.7
650004,11.6,0.7,0.4,1.4
650101,14.1,0,1.8,1.3
650102,4.8,0.8,1.1,0
650200,5.3,0.7,2.2,1
650300,5.7,1.6,1.8,1
650401,6.5,0.3,2.6,1
650501,2.3,0,1.3,0.5
650502,6.1,0.2,3.1,1
650602,12.2,0.3,0.1,5.5
650603,11.5,0.4,0.2,0.6
650604,12,1.4,4.6,8.4
650605,11.4,2.3,2.4,7.2
650701,6.8,0.8,1.2,0.2
650702,4.7,3,0,0.8
650800,7.5,0.3,0.5,2.5
650901,4.6,0.5,1,0
650902,15.1,1.4,0.4,0.4
651001,5.1,0.5,0.7,0
651002,7.3,1.1,0.5,1
651101,11.3,1.2,0.7,0.5
651102,4.3,1.1,1.6,0
651201,8.3,0,0.2,0.7
651221,9.7,1.1,0.1,2
651222,8.1,0,3.3,1.8
651302,9.2,0,2.9,0
651304,4.8,1.1,2.6,1.2
651401,8,1,0.8,0.3
651402,6.9,0,2.9,2
670001,4.2,0,0.2,0.9
670002,10.1,0.6,1.7,0.3
670003,7.9,2.8,0.2,0.2
670100,15.8,0,2.5,0.2
670201,12.4,0,2.3,0
670202,6.1,0.5,1.3,0
670324,7.4,0,2.6,0.4
670326,7.5,0.3,1.1,3.3
670328,4.5,0.2,2.3,0.9
670403,8.4,0.6,1.9,0.7
670405,2.1,2.1,1.5,0
670406,3.6,1.3,2.3,0.5
670407,4.7,0,3,3.7
670411,8.7,0.8,0,2.2
670413,6.4,1.2,0.5,2.7
670416,4.3,0.5,1.3,5.9
670500,8.8,0.5,0.4,0.5
670602,8.1,2.8,1.9,1.1
670701,5.3,0.8,0.4,1
670702,2.6,0.3,0,0.4
700101,17.5,1.5,1.4,1.3
700102,4.8,0,2,0
700200,13.3,1.4,3.6,0.8
700300,12.7,0.5,3.3,4
700400,12.1,0.3,3.3,0.8
700501,6.7,0,1.1,0.9
700502,9.4,0,6.2,1.5
700600,1.6,0.3,2.5,1.4
700700,7,0,0.5,0
700801,12.4,0,4.2,1.8
700802,12.3,0.2,5.9,0
700901,5.2,0.6,2.3,1.4
700902,10.5,2.4,4.6,4.8
701000,12.9,0.2,1.5,1.1
701100,37,8.2,8.3,0
701201,5.2,1.3,1.2,1.9
701202,11.2,0.9,2.7,0.6
701302,12.6,2.4,3.1,1.4
701304,9.2,2.6,1.3,0
701402,8,1.1,3.4,1.8
701501,12.8,0.7,2.7,1.7
701502,13.7,1.5,4.2,3.2
701601,7.3,3.7,2.3,1.1
701602,5,1,2.8,0
701701,8,0.4,4.4,2.4
701702,20.2,3.2,3.6,1.6
701801,12.7,1.2,3.1,3.1
701802,14.6,2.7,1.6,2
701902,17.7,5.5,8.6,3.6
702002,11.7,4,1.9,0.3
702102,16.2,2.4,0.5,0.5
702201,10,0.6,5.8,1.3
702202,8.1,1.4,1.9,1.1
702300,12.2,1.5,1.6,0.1
702400,9.5,2.5,3.5,0.8
702501,5.8,0.7,1.2,0.6
702502,14.3,0,0.4,0
702600,10.2,0.4,0,0.4
702700,3.1,0.5,0,0
702801,9.1,0,3.2,1
702802,14.1,2.1,1.3,0.3
702803,13.9,0.1,2.1,4.2
702901,17.8,2.8,2.6,2.1
703001,8.1,1.7,3.8,1.5
703002,4.3,0.4,0.5,0.3
703100,7.7,0.4,0.6,0.3
703200,8.1,1,0.6,0
800101,8.2,2.8,1.3,0.4
800102,8.1,0.3,1.1,0.4
800202,3.5,0,0,2.8
800203,10.1,3.7,3,4.4
800204,5.1,3.4,5,0.9
800324,8.8,5.9,0,0.4
800325,8,2.8,2.3,0.5
800326,7.8,2.3,0.8,0.9
800327,7.2,1.5,8.7,0
800328,9.8,2.6,0,3.4
800329,12.8,1.6,1.8,2.4
800330,16.2,1.6,1.5,1
800331,13.2,6,0,0
800332,5,0,0.5,0
800406,13.2,1.7,2,1.3
800408,11.3,0.6,1.3,0.2
800410,28.2,10.5,8.8,6.1
800504,13,0.5,0.5,1.7
800506,7.1,1.1,2.4,0
900102,4,0.5,0,0
900103,1.5,1.1,0.1,0
900104,8.8,2.8,0.2,0
900201,2.7,1,0.3,0.6
900300,4.9,3.5,2.8,1.6
900501,4.8,1.2,0.3,0.2
900504,2.9,0.2,0.7,0.5
900505,5.6,0,0,0
900506,2.1,1,0.6,0
900507,5.4,0.6,0,0
900508,4.7,0.3,0,0
900602,1.3,0.2,0,0
900605,4.9,0,0.2,0
900606,5.3,0,0.1,0.2
900607,4.7,0,0,1.4
900608,8.5,0.6,0.5,0.5
900609,3.2,0.7,0,0.2
900701,5.3,1.1,0.7,0.2
900703,12.5,1.3,0.3,0
900704,12.2,0.5,3.3,0.8
900705,16.6,1.7,1.4,0.3
900803,2.5,0.2,0.7,0.7
900804,6.4,0.1,1.4,0
900805,11,1.3,2,0.6
900806,9,1.6,0.2,0.8
900900,3.4,0.8,0.6,0.3
901003,14.1,19.3,0.8,1.1
901004,6.6,0.7,1,0.3
901007,9.8,0.6,1.2,2.3
901008,3.2,0.8,1,0
901009,8.6,0,0.6,0
901010,4.7,0.6,0.5,0
901011,9.1,1,1.2,0.2
901101,6.5,1,2.5,0
901102,6.8,0.7,0.6,0
901205,7.4,0,0.7,0.4
901209,2.6,1.2,0.6,0.6
901210,2.1,0.3,1.7,0
901213,13.8,0.6,1.7,0
910001,3,0.2,0.3,0.8
910002,17.1,0,0.6,0.3
910101,16.5,0.4,0,0.9
910201,10.7,0,0,0
910202,4.3,2,1.6,0
910205,4,0,0,0
910206,9.2,2.7,1,0
910207,5.4,2.1,0.1,0.7
910208,8,0.6,0.2,1.1
910209,11.6,0.2,0.9,0.7
910210,12.7,7,0.7,0
910301,5.3,1.1,0.5,0.3
910302,11.7,0.9,0,0.3
910401,8,1.9,1.1,0.2
910402,14.8,0.5,0.8,0
910403,22,0,0.8,0
910404,10,0.4,0,0.3
910501,20.3,5.2,0.5,0
910502,4.8,0,0,0.3
910504,5.2,0.8,0,0
910505,11.8,0,0.3,0
910601,12.9,1.8,0,0.1
910602,16.8,0.4,0.3,0.5
910603,8.3,0.7,0.3,0
910605,13.8,0,0,0.3
910606,15,0.7,1.3,0
910705,6.6,0.1,0.5,0.1
910706,7.8,1,0.4,0.6
910707,8.4,1.7,0.7,0
910709,10.6,0.5,0.5,0
910711,10.2,0.9,0,0.2
910712,8.2,1.2,0,0
910713,10.4,0.2,0.8,0.2
910714,14.2,0,0.7,0
910715,14.7,0.2,0,0
910716,9.1,0.1,0.7,0.1
910804,5.1,1,1.5,0
910805,7,2.2,0,0.2
910807,7.8,1.4,0.2,0.7
910808,6.5,0,0,0.5
910809,3.6,0.8,0,0.9
910810,4.9,0,0.8,1.1
910811,2,4.6,0.7,0
910812,2.6,2.9,0,0
910813,7,1.6,2.2,0
911001,2.6,0.4,0.8,0
920011,15.3,5.8,0,2.9
920012,4.1,1.9,0,0
920013,5.7,0,0.1,0
920015,9,0.9,1.2,0.7
920016,12.6,0,0.7,0
920017,9.3,0.7,0.2,0.5
920018,2.5,1.5,0,0
920020,3.2,4.5,0,1.7
920023,11.2,0.2,0.4,0.1
920026,5.1,1.3,0,0
920028,9.5,0.2,2.7,0.5
920029,8.2,0.7,0.9,1
920030,16.9,2,0.5,0
920031,11.4,0.2,0,0
920032,9.2,1.2,0.7,0
920033,7.5,5.4,1,0
920034,9.3,1,0,0.2
920035,8.8,1.1,0.5,0
920036,11.2,0.6,1.7,0.4
920037,14.6,0.2,0.7,0
920038,16.2,0.5,1,1.2
920039,8.9,1.5,1.3,0
920040,8.8,3.5,0.4,0
920041,30.5,3.1,1.8,0
920042,14,1,1.2,0
920043,7.1,0,1.1,3.2
920044,6.6,1.3,0.7,0.3
920045,1.8,0.3,0,0.3
920102,14.7,0,1.4,0
920104,7.2,1.5,0.7,0
920106,8.2,0.9,0.3,0.7
920107,11.8,0.6,2.1,0.4
920108,10.5,1.7,1.4,0.8
920109,16.8,1.1,1.6,1.4
920110,12.2,1,1.2,0.3
920111,6.2,0,1.1,0
920112,8.6,0,0.3,0
920114,23.2,2.4,4.5,2
920115,12.7,0.8,0.5,1
920116,5,0.3,1.1,0.3
920118,3.2,0,4,0
920119,4.9,0,0.5,0
920200,61.2,4.4,1.2,0.1
920303,7.6,5.1,0.3,0
920312,7.2,1.7,1.7,1.2
920313,8.2,0.3,0.8,0.1
920314,12.7,0.1,0.5,0.2
920322,6.7,0,0.6,0
920326,11.5,1.7,1.1,0.3
920328,13.6,1,2.6,6
920329,5.5,0.7,1.1,0
920330,8.5,0.1,5,2.1
920331,6.1,1.2,0,0.8
920332,10.3,6.5,4.5,1.2
920334,15.9,1.3,1.7,0.6
920336,13.8,1.6,0.1,1.9
920337,20.4,1.7,3.3,0
920338,9.8,1.3,0.8,0.8
920339,7.5,1.5,3.4,0.4
930101,0,0,0,0
930200,6.6,0,2.7,0
930301,17.5,13.9,1.7,0
980001,-,-,-,-
980002,-,-,-,-
980003,-,-,-,-
980004,-,-,-,-
980005,-,-,-,-
980006,-,-,-,-
980007,-,-,-,-
980008,7.2,0,0,0
980009,40,20,0,20
980010,8.3,0.8,0,30.8
980013,-,-,-,-
980014,-,-,-,-
980015,33.1,0,1.9,3.9
980018,-,-,-,-
980019,20.4,0,0,0
980020,-,-,-,-
980021,0,0,0,0
980022,-,-,-,-
980023,-,-,-,-
980024,38.8,0,0,0
980025,-,-,-,-
980026,61.5,0,0,0
980028,-,-,-,-
980030,-,-,-,-
980031,11.6,2.4,10.9,2.3
980033,0,0,0,0
990100,-,-,-,-
990200,-,-,-,-
990300,-,-,-,-